college_id,branch_id,category_code,year,round,closing_percentile,opening_percentile,total_seats,filled_seats
1002,100219110,GOPENH,2025,1,88.9550679,99.0,60,55
1002,100219110,GSCNH,2025,1,82.3322294,99.0,60,55
1002,100219110,GSTNH,2025,1,69.4936445,99.0,60,55
1002,100219110,GVJS,2025,1,86.9194446,99.0,60,55
1002,100219110,GNT1S,2025,1,85.5729148,99.0,60,55
1002,100219110,GNT2S,2025,1,87.687217,99.0,60,55
1002,100219110,GNT3S,2025,1,84.8736599,99.0,60,55
1002,100219110,GOBCNH,2025,1,86.9194446,99.0,60,55
1002,100219110,GSEBCS,2025,1,81.1295102,99.0,60,55
1002,100219110,LOPENS,2025,1,91.1459607,99.0,60,55
1002,100219110,LSCS,2025,1,86.6223776,99.0,60,55
1002,100219110,LSTS,2025,1,85.2215842,99.0,60,55
1002,100219110,LVJS,2025,1,79.6986029,99.0,60,55
1002,100219110,LNT2S,2025,1,81.1295102,99.0,60,55
1002,100219110,LOBCS,2025,1,87.9159305,99.0,60,55
1002,100219110,LSEBCS,2025,1,78.6137148,99.0,60,55
1002,100219110,PWDOPENS,2025,1,53.6060165,99.0,60,55
1002,100219110,PWDOBCS,2025,1,7.1701886,99.0,60,55
1002,100219110,DEFOPENS,2025,1,85.8501253,99.0,60,55
1002,100219110,DEFOBCS,2025,1,73.2612864,99.0,60,55
1002,100219110,TFWS,2025,1,88.9773781,99.0,60,55
1002,100219110,PWDRSCS,2025,1,4.5709952,99.0,60,55
1002,100219110,DEFROBCS,2025,1,69.0979021,99.0,60,55
1002,100219110,EWS,2025,1,23.4132019,99.0,60,55
1002,100219110,GOPENH,2025,1,91.7858261,99.0,60,55
1002,100219110,GSCNH,2025,1,85.6921506,99.0,60,55
1002,100219110,GSTNH,2025,1,79.9864621,99.0,60,55
1002,100219110,GVJS,2025,1,89.9742931,99.0,60,55
1002,100219110,GNT1S,2025,1,90.9657321,99.0,60,55
1002,100219110,GNT2S,2025,1,88.245893,99.0,60,55
1002,100219110,GNT3S,2025,1,90.8146472,99.0,60,55
1002,100219110,GOBCNH,2025,1,90.5704062,99.0,60,55
1002,100219110,GSEBCS,2025,1,89.6830085,99.0,60,55
1002,100219110,LOPENS,2025,1,93.0716724,99.0,60,55
1002,100219110,LSCS,2025,1,88.2977496,99.0,60,55
1002,100219110,LSTS,2025,1,81.2365306,99.0,60,55
1002,100219110,LOBCS,2025,1,92.5914149,99.0,60,55
1002,100219110,LSEBCS,2025,1,89.6590708,99.0,60,55
1002,100219110,PWDOPENS,2025,1,86.3943435,99.0,60,55
1002,100219110,PWDOBCS,2025,1,37.1379111,99.0,60,55
1002,100219110,DEFOPENS,2025,1,80.4716144,99.0,60,55
1002,100219110,DEFOBCS,2025,1,40.4162412,99.0,60,55
1002,100219110,TFWS,2025,1,94.2142883,99.0,60,55
1002,100219110,PWDRSTS,2025,1,57.4188806,99.0,60,55
1002,100219110,DEFRSCS,2025,1,44.6246246,99.0,60,55
1002,100219110,EWS,2025,1,84.3786315,99.0,60,55
1002,100224210,GOPENH,2025,1,97.3737374,99.0,60,55
1002,100224210,GSCNH,2025,1,94.783775,99.0,60,55
1002,100224210,GSTNH,2025,1,85.9646097,99.0,60,55
1002,100224210,GVJS,2025,1,96.5118421,99.0,60,55
1002,100224210,GNT1S,2025,1,94.0716041,99.0,60,55
1002,100224210,GNT2S,2025,1,95.5372663,99.0,60,55
1002,100224210,GOBCNH,2025,1,96.9659622,99.0,60,55
1002,100224210,GSEBCS,2025,1,95.2142111,99.0,60,55
1002,100224210,LOPENS,2025,1,97.5647615,99.0,60,55
1002,100224210,LSCS,2025,1,92.6752061,99.0,60,55
1002,100224210,LSTS,2025,1,89.5868952,99.0,60,55
1002,100224210,LNT1S,2025,1,95.4055944,99.0,60,55
1002,100224210,LNT3S,2025,1,92.3826851,99.0,60,55
1002,100224210,LOBCS,2025,1,96.8499656,99.0,60,55
1002,100224210,LSEBCS,2025,1,95.6055328,99.0,60,55
1002,100224210,PWDOPENS,2025,1,84.5176078,99.0,60,55
1002,100224210,PWDOBCS,2025,1,68.1164395,99.0,60,55
1002,100224210,DEFOPENS,2025,1,91.051072,99.0,60,55
1002,100224210,DEFOBCS,2025,1,89.51289,99.0,60,55
1002,100224210,TFWS,2025,1,97.8664807,99.0,60,55
1002,100224210,GOPENH,2025,1,97.4547994,99.0,60,55
1002,100224210,GSCNH,2025,1,94.0949981,99.0,60,55
1002,100224210,GSTNH,2025,1,87.921673,99.0,60,55
1002,100224210,GVJS,2025,1,94.5397112,99.0,60,55
1002,100224210,GNT1S,2025,1,95.8699876,99.0,60,55
1002,100224210,GNT2S,2025,1,96.4812287,99.0,60,55
1002,100224210,GNT3S,2025,1,94.4638756,99.0,60,55
1002,100224210,GOBCNH,2025,1,97.305038,99.0,60,55
1002,100224210,GSEBCS,2025,1,96.3586613,99.0,60,55
1002,100224210,LOPENS,2025,1,97.286596,99.0,60,55
1002,100224210,LSCS,2025,1,94.1937425,99.0,60,55
1002,100224210,LSTS,2025,1,89.2656035,99.0,60,55
1002,100224210,LVJS,2025,1,93.9889579,99.0,60,55
1002,100224210,LNT2S,2025,1,95.6826425,99.0,60,55
1002,100224210,LOBCS,2025,1,97.0303948,99.0,60,55
1002,100224210,LSEBCS,2025,1,96.996587,99.0,60,55
1002,100224210,PWDOPENS,2025,1,79.4793202,99.0,60,55
1002,100224210,PWDOBCS,2025,1,70.9390112,99.0,60,55
1002,100224210,DEFOPENS,2025,1,93.4464908,99.0,60,55
1002,100224210,DEFOBCS,2025,1,91.2331407,99.0,60,55
1002,100224210,TFWS,2025,1,98.3765891,99.0,60,55
1002,100224210,PWDROBCS,2025,1,74.7351841,99.0,60,55
1002,100224210,DEFRSEBCS,2025,1,93.276493,99.0,60,55
1002,100224210,EWS,2025,1,80.5793663,99.0,60,55
1002,100224610,GOPENH,2025,1,96.3316055,99.0,60,55
1002,100224610,GSCNH,2025,1,93.3597277,99.0,60,55
1002,100224610,GSTNH,2025,1,81.2846613,99.0,60,55
1002,100224610,GVJS,2025,1,92.5745163,99.0,60,55
1002,100224610,GNT1S,2025,1,92.997543,99.0,60,55
1002,100224610,GNT2S,2025,1,95.2407244,99.0,60,55
1002,100224610,GNT3S,2025,1,94.783775,99.0,60,55
1002,100224610,GOBCNH,2025,1,95.9539167,99.0,60,55
1002,100224610,GSEBCS,2025,1,94.0956622,99.0,60,55
1002,100224610,LOPENS,2025,1,96.5201084,99.0,60,55
1002,100224610,LSCS,2025,1,91.6544074,99.0,60,55
1002,100224610,LSTS,2025,1,79.9072027,99.0,60,55
1002,100224610,LNT2S,2025,1,95.45053,99.0,60,55
1002,100224610,LOBCS,2025,1,96.171967,99.0,60,55
1002,100224610,LSEBCS,2025,1,95.0157683,99.0,60,55
1002,100224610,PWDOPENS,2025,1,83.7239356,99.0,60,55
1002,100224610,PWDOBCS,2025,1,71.6607627,99.0,60,55
1002,100224610,DEFOPENS,2025,1,89.1476381,99.0,60,55
1002,100224610,DEFOBCS,2025,1,86.6718198,99.0,60,55
1002,100224610,TFWS,2025,1,96.5454743,99.0,60,55
1002,100224610,PWDRSCS,2025,1,75.6538462,99.0,60,55
1002,100224610,DEFRNT3S,2025,1,86.6718198,99.0,60,55
1002,100224610,EWS,2025,1,79.6033896,99.0,60,55
1002,100224610,GOPENH,2025,1,96.389325,99.0,60,55
1002,100224610,GSCNH,2025,1,92.4132948,99.0,60,55
1002,100224610,GSTNH,2025,1,83.014142,99.0,60,55
1002,100224610,GVJS,2025,1,93.8884805,99.0,60,55
1002,100224610,GNT2S,2025,1,95.3151853,99.0,60,55
1002,100224610,GNT3S,2025,1,93.8402527,99.0,60,55
1002,100224610,GOBCNH,2025,1,96.3129908,99.0,60,55
1002,100224610,GSEBCS,2025,1,95.1933808,99.0,60,55
1002,100224610,LOPENS,2025,1,96.7919146,99.0,60,55
1002,100224610,LSCS,2025,1,92.8590573,99.0,60,55
1002,100224610,LSTS,2025,1,83.73706,99.0,60,55
1002,100224610,LNT1S,2025,1,92.4095563,99.0,60,55
1002,100224610,LNT3S,2025,1,92.1611438,99.0,60,55
1002,100224610,LOBCS,2025,1,96.3433097,99.0,60,55
1002,100224610,LSEBCS,2025,1,94.7610231,99.0,60,55
1002,100224610,PWDOPENS,2025,1,69.8131691,99.0,60,55
1002,100224610,PWDOBCS,2025,1,59.0801845,99.0,60,55
1002,100224610,DEFOPENS,2025,1,90.0508521,99.0,60,55
1002,100224610,DEFOBCS,2025,1,90.1262916,99.0,60,55
1002,100224610,TFWS,2025,1,96.9644681,99.0,60,55
1002,100224610,PWDROBCS,2025,1,69.4641016,99.0,60,55
1002,100224610,DEFROBCS,2025,1,85.9106165,99.0,60,55
1002,100224610,EWS,2025,1,71.4864246,99.0,60,55
1002,100229310,GOPENH,2025,1,91.7521019,99.0,60,55
1002,100229310,GSCNH,2025,1,86.3869833,99.0,60,55
1002,100229310,GSTNH,2025,1,74.6802716,99.0,60,55
1002,100229310,GVJS,2025,1,83.7674516,99.0,60,55
1002,100229310,GNT1S,2025,1,90.1610143,99.0,60,55
1002,100229310,GNT2S,2025,1,83.2103258,99.0,60,55
1002,100229310,GNT3S,2025,1,86.6223776,99.0,60,55
1002,100229310,GOBCNH,2025,1,91.3593874,99.0,60,55
1002,100229310,GSEBCS,2025,1,85.0571556,99.0,60,55
1002,100229310,LOPENS,2025,1,92.1231015,99.0,60,55
1002,100229310,LSCS,2025,1,87.7785554,99.0,60,55
1002,100229310,LSTS,2025,1,71.5562808,99.0,60,55
1002,100229310,LVJS,2025,1,80.9669596,99.0,60,55
1002,100229310,LNT1S,2025,1,88.7700729,99.0,60,55
1002,100229310,LOBCS,2025,1,91.082078,99.0,60,55
1002,100229310,LSEBCS,2025,1,83.5597353,99.0,60,55
1002,100229310,PWDOPENS,2025,1,68.4887011,99.0,60,55
1002,100229310,PWDOBCS,2025,1,53.6060165,99.0,60,55
1002,100229310,DEFOPENS,2025,1,82.8811189,99.0,60,55
1002,100229310,DEFOBCS,2025,1,73.5570613,99.0,60,55
1002,100229310,TFWS,2025,1,90.6536517,99.0,60,55
1002,100229310,PWDRSCS,2025,1,67.8210479,99.0,60,55
1002,100229310,DEFROBCS,2025,1,80.3531469,99.0,60,55
1002,100229310,EWS,2025,1,82.2162613,99.0,60,55
1002,100229310,GOPENH,2025,1,93.9372552,99.0,60,55
1002,100229310,GSCNH,2025,1,90.9727817,99.0,60,55
1002,100229310,GSTNH,2025,1,78.9956692,99.0,60,55
1002,100229310,GVJS,2025,1,90.1775065,99.0,60,55
1002,100229310,GNT1S,2025,1,89.4962236,99.0,60,55
1002,100229310,GNT2S,2025,1,92.1611438,99.0,60,55
1002,100229310,GNT3S,2025,1,90.0962861,99.0,60,55
1002,100229310,GOBCNH,2025,1,93.462703,99.0,60,55
1002,100229310,GSEBCS,2025,1,90.354069,99.0,60,55
1002,100229310,LOPENS,2025,1,93.603531,99.0,60,55
1002,100229310,LSCS,2025,1,89.1809567,99.0,60,55
1002,100229310,LSTS,2025,1,69.3105802,99.0,60,55
1002,100229310,LVJS,2025,1,83.7030299,99.0,60,55
1002,100229310,LNT2S,2025,1,85.791852,99.0,60,55
1002,100229310,LOBCS,2025,1,93.0779848,99.0,60,55
1002,100229310,LSEBCS,2025,1,88.2909271,99.0,60,55
1002,100229310,PWDOPENS,2025,1,62.5282864,99.0,60,55
1002,100229310,DEFOPENS,2025,1,83.4251983,99.0,60,55
1002,100229310,DEFOBCS,2025,1,64.087617,99.0,60,55
1002,100229310,TFWS,2025,1,95.5511974,99.0,60,55
1002,100229310,DEFRSCS,2025,1,74.9818126,99.0,60,55
1002,100229310,EWS,2025,1,59.2474828,99.0,60,55
1002,100237210,GOPENH,2025,1,95.0636221,99.0,60,55
1002,100237210,GSCNH,2025,1,89.1962092,99.0,60,55
1002,100237210,GSTNH,2025,1,60.422115,99.0,60,55
1002,100237210,GVJS,2025,1,88.9550679,99.0,60,55
1002,100237210,GNT1S,2025,1,90.8833776,99.0,60,55
1002,100237210,GNT2S,2025,1,94.8202997,99.0,60,55
1002,100237210,GOBCNH,2025,1,94.5862876,99.0,60,55
1002,100237210,GSEBCS,2025,1,91.051072,99.0,60,55
1002,100237210,LOPENS,2025,1,94.7159159,99.0,60,55
1002,100237210,LSCS,2025,1,88.7823852,99.0,60,55
1002,100237210,LSTS,2025,1,77.9513058,99.0,60,55
1002,100237210,LVJS,2025,1,89.6700597,99.0,60,55
1002,100237210,LNT2S,2025,1,90.6332693,99.0,60,55
1002,100237210,LNT3S,2025,1,87.7785554,99.0,60,55
1002,100237210,LOBCS,2025,1,94.5372821,99.0,60,55
1002,100237210,LSEBCS,2025,1,91.2776413,99.0,60,55
1002,100237210,PWDOPENS,2025,1,43.658874,99.0,60,55
1002,100237210,PWDOBCS,2025,1,21.3037657,99.0,60,55
1002,100237210,DEFOPENS,2025,1,87.9289094,99.0,60,55
1002,100237210,DEFOBCS,2025,1,82.135869,99.0,60,55
1002,100237210,TFWS,2025,1,94.5372821,99.0,60,55
1002,100237210,GOPENH,2025,1,95.6128536,99.0,60,55
1002,100237210,GSCNH,2025,1,92.6293219,99.0,60,55
1002,100237210,GSTNH,2025,1,65.9070599,99.0,60,55
1002,100237210,GVJS,2025,1,90.3279027,99.0,60,55
1002,100237210,GNT2S,2025,1,95.1283815,99.0,60,55
1002,100237210,GNT3S,2025,1,91.6610792,99.0,60,55
1002,100237210,GOBCNH,2025,1,95.060689,99.0,60,55
1002,100237210,GSEBCS,2025,1,93.6416382,99.0,60,55
1002,100237210,LOPENS,2025,1,95.1933808,99.0,60,55
1002,100237210,LSCS,2025,1,91.53248,99.0,60,55
1002,100237210,LSTS,2025,1,79.4663048,99.0,60,55
1002,100237210,LNT1S,2025,1,91.8983104,99.0,60,55
1002,100237210,LNT2S,2025,1,92.2153383,99.0,60,55
1002,100237210,LOBCS,2025,1,94.5553041,99.0,60,55
1002,100237210,LSEBCS,2025,1,93.462703,99.0,60,55
1002,100237210,PWDOPENS,2025,1,72.9906413,99.0,60,55
1002,100237210,PWDOBCS,2025,1,23.5136803,99.0,60,55
1002,100237210,DEFOPENS,2025,1,91.3230812,99.0,60,55
1002,100237210,DEFOBCS,2025,1,76.3286018,99.0,60,55
1002,100237210,TFWS,2025,1,96.6545506,99.0,60,55
1002,100237210,PWDROBCS,2025,1,41.1906024,99.0,60,55
1002,100237210,DEFRSCS,2025,1,79.2630446,99.0,60,55
1002,100237210,EWS,2025,1,22.0653604,99.0,60,55
1002,100246610,GOPENH,2025,1,86.4120225,99.0,60,55
1002,100246610,GSCNH,2025,1,80.3531469,99.0,60,55
1002,100246610,GSTNH,2025,1,14.3147873,99.0,60,55
1002,100246610,GVJS,2025,1,75.6075065,99.0,60,55
1002,100246610,GNT2S,2025,1,82.8437868,99.0,60,55
1002,100246610,GNT3S,2025,1,84.6429815,99.0,60,55
1002,100246610,GOBCNH,2025,1,84.9728618,99.0,60,55
1002,100246610,GSEBCS,2025,1,79.9809712,99.0,60,55
1002,100246610,LOPENS,2025,1,87.9235179,99.0,60,55
1002,100246610,LSCS,2025,1,79.8919296,99.0,60,55
1002,100246610,LSTS,2025,1,72.3760958,99.0,60,55
1002,100246610,LNT1S,2025,1,87.4115391,99.0,60,55
1002,100246610,LOBCS,2025,1,82.3322294,99.0,60,55
1002,100246610,LSEBCS,2025,1,67.8236662,99.0,60,55
1002,100246610,DEFOPENS,2025,1,88.680102,99.0,60,55
1002,100246610,TFWS,2025,1,65.5190641,99.0,60,55
1002,100246610,EWS,2025,1,8.3381964,99.0,60,55
1002,100246610,GOPENH,2025,1,90.8447181,99.0,60,55
1002,100246610,GSCNH,2025,1,84.3808448,99.0,60,55
1002,100246610,GSTNH,2025,1,49.1980067,99.0,60,55
1002,100246610,GNT1S,2025,1,81.9221888,99.0,60,55
1002,100246610,GNT2S,2025,1,82.8318522,99.0,60,55
1002,100246610,GOBCNH,2025,1,89.7903443,99.0,60,55
1002,100246610,GSEBCS,2025,1,88.7955476,99.0,60,55
1002,100246610,LOPENS,2025,1,89.6618256,99.0,60,55
1002,100246610,LSCS,2025,1,85.9212092,99.0,60,55
1002,100246610,LVJS,2025,1,81.6705255,99.0,60,55
1002,100246610,LOBCS,2025,1,89.2457163,99.0,60,55
1002,100246610,LSEBCS,2025,1,89.5119454,99.0,60,55
1002,100246610,PWDOPENS,2025,1,35.8612172,99.0,60,55
1002,100246610,DEFOPENS,2025,1,40.4581492,99.0,60,55
1002,100246610,TFWS,2025,1,89.6934787,99.0,60,55
1002,100246610,DEFROBCS,2025,1,86.7461997,99.0,60,55
1002,100246610,EWS,2025,1,81.9221888,99.0,60,55
1002,100261210,GOPENH,2025,1,89.861767,99.0,60,55
1002,100261210,GSCNH,2025,1,84.0359888,99.0,60,55
1002,100261210,GSTNH,2025,1,51.57164,99.0,60,55
1002,100261210,GVJS,2025,1,77.161886,99.0,60,55
1002,100261210,GNT1S,2025,1,85.1919561,99.0,60,55
1002,100261210,GNT2S,2025,1,89.6391842,99.0,60,55
1002,100261210,GNT3S,2025,1,87.0316109,99.0,60,55
1002,100261210,GOBCNH,2025,1,88.7615737,99.0,60,55
1002,100261210,GSEBCS,2025,1,81.6453226,99.0,60,55
1002,100261210,LOPENS,2025,1,87.1376478,99.0,60,55
1002,100261210,LSCS,2025,1,81.7705077,99.0,60,55
1002,100261210,LSTS,2025,1,56.5039753,99.0,60,55
1002,100261210,LNT2S,2025,1,77.2287062,99.0,60,55
1002,100261210,LOBCS,2025,1,85.1919561,99.0,60,55
1002,100261210,LSEBCS,2025,1,73.6328536,99.0,60,55
1002,100261210,PWDOPENS,2025,1,16.4425946,99.0,60,55
1002,100261210,DEFOPENS,2025,1,84.4950314,99.0,60,55
1002,100261210,DEFOBCS,2025,1,41.7471281,99.0,60,55
1002,100261210,TFWS,2025,1,89.2945239,99.0,60,55
1002,100261210,GOPENH,2025,1,93.1635295,99.0,60,55
1002,100261210,GSCNH,2025,1,87.6469672,99.0,60,55
1002,100261210,GSTNH,2025,1,71.4785529,99.0,60,55
1002,100261210,GVJS,2025,1,92.1242775,99.0,60,55
1002,100261210,GNT1S,2025,1,89.1791812,99.0,60,55
1002,100261210,GNT2S,2025,1,88.7955476,99.0,60,55
1002,100261210,GNT3S,2025,1,89.9742931,99.0,60,55
1002,100261210,GOBCNH,2025,1,92.4480361,99.0,60,55
1002,100261210,GSEBCS,2025,1,89.9552166,99.0,60,55
1002,100261210,LOPENS,2025,1,90.5194308,99.0,60,55
1002,100261210,LSCS,2025,1,85.2987504,99.0,60,55
1002,100261210,LSTS,2025,1,41.1906024,99.0,60,55
1002,100261210,LNT1S,2025,1,83.9561363,99.0,60,55
1002,100261210,LNT3S,2025,1,89.621821,99.0,60,55
1002,100261210,LOBCS,2025,1,89.4256012,99.0,60,55
1002,100261210,LSEBCS,2025,1,86.5848999,99.0,60,55
1002,100261210,PWDOPENS,2025,1,31.0015898,99.0,60,55
1002,100261210,DEFOPENS,2025,1,85.9891185,99.0,60,55
1002,100261210,DEFOBCS,2025,1,62.965955,99.0,60,55
1002,100261210,TFWS,2025,1,93.3319332,99.0,60,55
1002,100261210,DEFRNT2S,2025,1,79.4663048,99.0,60,55
1002,100261210,EWS,2025,1,84.4852349,99.0,60,55
1005,100550310,EWS,2025,1,77.0149774,99.0,60,55
1005,100550310,TFWS,2025,1,98.6245543,99.0,60,55
1005,100550310,EWS,2025,1,92.7564924,99.0,60,55
1005,100551710,TFWS,2025,1,59.1762367,99.0,60,55
1005,100551710,EWS,2025,1,13.3124347,99.0,60,55
1005,100552710,TFWS,2025,1,73.2612864,99.0,60,55
1005,100552710,EWS,2025,1,5.7122954,99.0,60,55
1005,100552710,TFWS,2025,1,71.2894525,99.0,60,55
1005,100552710,EWS,2025,1,42.6120917,99.0,60,55
1012,101219110,DEFOPENS,2025,1,44.5303298,99.0,60,55
1012,101219110,TFWS,2025,1,78.6729363,99.0,60,55
1012,101219110,EWS,2025,1,45.8266058,99.0,60,55
1012,101219110,DEFOPENS,2025,1,52.0988164,99.0,60,55
1012,101219110,TFWS,2025,1,86.3037543,99.0,60,55
1012,101219110,DEFROBCS,2025,1,34.0437095,99.0,60,55
1012,101219110,EWS,2025,1,44.6246246,99.0,60,55
1012,101224510,DEFOPENS,2025,1,73.5570613,99.0,60,55
1012,101224510,TFWS,2025,1,91.9353149,99.0,60,55
1012,101224510,DEFROBCS,2025,1,58.4401523,99.0,60,55
1012,101224510,EWS,2025,1,78.010417,99.0,60,55
1012,101224510,DEFOPENS,2025,1,74.112751,99.0,60,55
1012,101224510,DEFOBCS,2025,1,47.8398896,99.0,60,55
1012,101224510,TFWS,2025,1,92.7868473,99.0,60,55
1012,101224510,EWS,2025,1,86.2660493,99.0,60,55
1012,101229310,EWS,2025,1,64.7148712,99.0,60,55
1012,101229310,TFWS,2025,1,90.1775065,99.0,60,55
1012,101229310,EWS,2025,1,44.8240166,99.0,60,55
1012,101237210,DEFOPENS,2025,1,79.9072027,99.0,60,55
1012,101237210,DEFOBCS,2025,1,75.6075065,99.0,60,55
1012,101237210,TFWS,2025,1,85.2215842,99.0,60,55
1012,101237210,EWS,2025,1,66.1695365,99.0,60,55
1012,101237210,DEFOPENS,2025,1,56.2435713,99.0,60,55
1012,101237210,TFWS,2025,1,87.5726309,99.0,60,55
1012,101237210,EWS,2025,1,74.6853954,99.0,60,55
1012,101261210,TFWS,2025,1,79.98947,99.0,60,55
1012,101261210,EWS,2025,1,37.1950556,99.0,60,55
1012,101261210,DEFOPENS,2025,1,70.9390112,99.0,60,55
1012,101261210,TFWS,2025,1,86.6676057,99.0,60,55
1012,101261210,EWS,2025,1,51.5429844,99.0,60,55
1101,110124210,DEFOPENS,2025,1,85.9982332,99.0,60,55
1101,110124210,DEFSCS,2025,1,45.3566434,99.0,60,55
1101,110124210,DEFOBCS,2025,1,79.8919296,99.0,60,55
1101,110124210,TFWS,2025,1,94.8874728,99.0,60,55
1101,110124210,EWS,2025,1,88.3176594,99.0,60,55
1101,110124210,GOPENH,2025,1,93.8558913,99.0,60,55
1101,110124210,GSCNH,2025,1,86.5951005,99.0,60,55
1101,110124210,GSTNH,2025,1,56.1183815,99.0,60,55
1101,110124210,GVJS,2025,1,89.4256012,99.0,60,55
1101,110124210,GNT1S,2025,1,90.9727817,99.0,60,55
1101,110124210,GNT2S,2025,1,92.6165904,99.0,60,55
1101,110124210,GNT3S,2025,1,91.2331407,99.0,60,55
1101,110124210,GOBCNH,2025,1,93.2955692,99.0,60,55
1101,110124210,GSEBCS,2025,1,89.4256012,99.0,60,55
1101,110124210,LOPENS,2025,1,94.3099035,99.0,60,55
1101,110124210,LSCS,2025,1,86.2660493,99.0,60,55
1101,110124210,LSTS,2025,1,54.9733848,99.0,60,55
1101,110124210,LVJS,2025,1,88.2603909,99.0,60,55
1101,110124210,LNT2S,2025,1,93.8417347,99.0,60,55
1101,110124210,LNT3S,2025,1,86.3943435,99.0,60,55
1101,110124210,LOBCS,2025,1,93.7445639,99.0,60,55
1101,110124210,LSEBCS,2025,1,90.6279863,99.0,60,55
1101,110124210,PWDOPENS,2025,1,52.7016685,99.0,60,55
1101,110124210,PWDOBCS,2025,1,48.5585273,99.0,60,55
1101,110124210,PWDSEBCS,2025,1,25.8331579,99.0,60,55
1101,110124210,DEFOPENS,2025,1,89.4554822,99.0,60,55
1101,110124210,DEFSCS,2025,1,51.8020478,99.0,60,55
1101,110124210,DEFOBCS,2025,1,79.4663048,99.0,60,55
1101,110124210,TFWS,2025,1,95.7030198,99.0,60,55
1101,110124210,EWS,2025,1,89.1791812,99.0,60,55
1101,110124610,DEFOPENS,2025,1,71.5562808,99.0,60,55
1101,110124610,DEFOBCS,2025,1,58.2180677,99.0,60,55
1101,110124610,TFWS,2025,1,94.2944615,99.0,60,55
1101,110124610,DEFROBCS,2025,1,68.3753318,99.0,60,55
1101,110124610,EWS,2025,1,87.3196408,99.0,60,55
1101,110124610,GOPENH,2025,1,92.476754,99.0,60,55
1101,110124610,GSCNH,2025,1,85.6921506,99.0,60,55
1101,110124610,GSTNH,2025,1,49.1097752,99.0,60,55
1101,110124610,GVJS,2025,1,87.468285,99.0,60,55
1101,110124610,GNT2S,2025,1,91.3672693,99.0,60,55
1101,110124610,GNT3S,2025,1,91.1518015,99.0,60,55
1101,110124610,GOBCNH,2025,1,92.1611438,99.0,60,55
1101,110124610,GSEBCS,2025,1,87.5726309,99.0,60,55
1101,110124610,LOPENS,2025,1,93.1663509,99.0,60,55
1101,110124610,LSCS,2025,1,85.5419841,99.0,60,55
1101,110124610,LSTS,2025,1,66.5496835,99.0,60,55
1101,110124610,LNT1S,2025,1,84.3786315,99.0,60,55
1101,110124610,LNT2S,2025,1,90.5728815,99.0,60,55
1101,110124610,LOBCS,2025,1,92.9404101,99.0,60,55
1101,110124610,LSEBCS,2025,1,88.8632429,99.0,60,55
1101,110124610,PWDOPENS,2025,1,40.7074872,99.0,60,55
1101,110124610,PWDOBCS,2025,1,28.7105475,99.0,60,55
1101,110124610,DEFOPENS,2025,1,75.406809,99.0,60,55
1101,110124610,DEFOBCS,2025,1,61.2510322,99.0,60,55
1101,110124610,TFWS,2025,1,94.4720497,99.0,60,55
1101,110124610,PWDROBCS,2025,1,38.726658,99.0,60,55
1101,110124610,DEFRVJS,2025,1,75.110975,99.0,60,55
1101,110124610,EWS,2025,1,88.7231708,99.0,60,55
1101,110135610,DEFOPENS,2025,1,39.3601986,99.0,60,55
1101,110135610,DEFOBCS,2025,1,26.7336064,99.0,60,55
1101,110135610,TFWS,2025,1,87.4135301,99.0,60,55
1101,110135610,EWS,2025,1,51.57164,99.0,60,55
1101,110135610,GOPENH,2025,1,88.245893,99.0,60,55
1101,110135610,GSCNH,2025,1,81.2524249,99.0,60,55
1101,110135610,GSTNH,2025,1,12.7454023,99.0,60,55
1101,110135610,GNT1S,2025,1,82.5187713,99.0,60,55
1101,110135610,GNT2S,2025,1,81.9381769,99.0,60,55
1101,110135610,GNT3S,2025,1,88.1535836,99.0,60,55
1101,110135610,GOBCNH,2025,1,87.9627325,99.0,60,55
1101,110135610,GSEBCS,2025,1,79.3794141,99.0,60,55
1101,110135610,LOPENS,2025,1,89.935711,99.0,60,55
1101,110135610,LSCS,2025,1,76.3384255,99.0,60,55
1101,110135610,LSTS,2025,1,80.2462012,99.0,60,55
1101,110135610,LVJS,2025,1,72.1871837,99.0,60,55
1101,110135610,LNT2S,2025,1,83.1950716,99.0,60,55
1101,110135610,LOBCS,2025,1,89.0615554,99.0,60,55
1101,110135610,LSEBCS,2025,1,80.7004831,99.0,60,55
1101,110135610,PWDOPENS,2025,1,27.1206001,99.0,60,55
1101,110135610,DEFOPENS,2025,1,46.4182823,99.0,60,55
1101,110135610,TFWS,2025,1,92.0013784,99.0,60,55
1101,110135610,DEFROBCS,2025,1,44.1937857,99.0,60,55
1101,110135610,EWS,2025,1,80.5339227,99.0,60,55
1101,110137210,DEFOPENS,2025,1,65.5190641,99.0,60,55
1101,110137210,DEFOBCS,2025,1,57.4017459,99.0,60,55
1101,110137210,TFWS,2025,1,91.7968608,99.0,60,55
1101,110137210,EWS,2025,1,75.3562654,99.0,60,55
1101,110137210,GOPENH,2025,1,90.8566407,99.0,60,55
1101,110137210,GSCNH,2025,1,81.9275869,99.0,60,55
1101,110137210,GSTNH,2025,1,25.432546,99.0,60,55
1101,110137210,GVJS,2025,1,84.3204501,99.0,60,55
1101,110137210,GNT1S,2025,1,88.7231708,99.0,60,55
1101,110137210,GNT2S,2025,1,87.730083,99.0,60,55
1101,110137210,GNT3S,2025,1,90.1398917,99.0,60,55
1101,110137210,GOBCNH,2025,1,90.5194308,99.0,60,55
1101,110137210,GSEBCS,2025,1,87.2636301,99.0,60,55
1101,110137210,LOPENS,2025,1,91.6610792,99.0,60,55
1101,110137210,LSCS,2025,1,83.5707404,99.0,60,55
1101,110137210,LSTS,2025,1,34.4790806,99.0,60,55
1101,110137210,LVJS,2025,1,81.9314642,99.0,60,55
1101,110137210,LNT1S,2025,1,84.2510483,99.0,60,55
1101,110137210,LNT2S,2025,1,83.769652,99.0,60,55
1101,110137210,LNT3S,2025,1,82.9763421,99.0,60,55
1101,110137210,LOBCS,2025,1,91.1365188,99.0,60,55
1101,110137210,LSEBCS,2025,1,85.4732337,99.0,60,55
1101,110137210,DEFOPENS,2025,1,63.2367632,99.0,60,55
1101,110137210,DEFSCS,2025,1,38.9526061,99.0,60,55
1101,110137210,DEFOBCS,2025,1,52.8560653,99.0,60,55
1101,110137210,TFWS,2025,1,92.9717253,99.0,60,55
1101,110137210,EWS,2025,1,83.7030299,99.0,60,55
1101,110161210,DEFOPENS,2025,1,56.8426573,99.0,60,55
1101,110161210,TFWS,2025,1,85.4179037,99.0,60,55
1101,110161210,EWS,2025,1,52.3622324,99.0,60,55
1101,110161210,GOPENH,2025,1,87.8970321,99.0,60,55
1101,110161210,GSCNH,2025,1,78.0162614,99.0,60,55
1101,110161210,GSTNH,2025,1,30.378919,99.0,60,55
1101,110161210,GVJS,2025,1,77.6220509,99.0,60,55
1101,110161210,GNT1S,2025,1,84.3204501,99.0,60,55
1101,110161210,GNT2S,2025,1,87.8605935,99.0,60,55
1101,110161210,GNT3S,2025,1,83.7045586,99.0,60,55
1101,110161210,GOBCNH,2025,1,86.8632708,99.0,60,55
1101,110161210,GSEBCS,2025,1,77.7384664,99.0,60,55
1101,110161210,LOPENS,2025,1,87.6160033,99.0,60,55
1101,110161210,LSCS,2025,1,74.1899324,99.0,60,55
1101,110161210,LSTS,2025,1,87.5726309,99.0,60,55
1101,110161210,LOBCS,2025,1,83.2071736,99.0,60,55
1101,110161210,LSEBCS,2025,1,43.0034494,99.0,60,55
1101,110161210,DEFOPENS,2025,1,90.1398917,99.0,60,55
1101,110161210,TFWS,2025,1,72.9249982,99.0,60,55
1101,110161210,EWS,2025,1,24.0353914,99.0,60,55
1105,110519110,GOPENH,2025,1,68.2382408,99.0,60,55
1105,110519110,GSCNH,2025,1,60.2517483,99.0,60,55
1105,110519110,GSTNH,2025,1,10.8694881,99.0,60,55
1105,110519110,GVJS,2025,1,66.9498069,99.0,60,55
1105,110519110,GNT1S,2025,1,67.8236662,99.0,60,55
1105,110519110,GNT2S,2025,1,63.2914656,99.0,60,55
1105,110519110,GNT3S,2025,1,55.4922986,99.0,60,55
1105,110519110,GOBCNH,2025,1,65.630713,99.0,60,55
1105,110519110,GSEBCS,2025,1,8.0990652,99.0,60,55
1105,110519110,LOPENS,2025,1,71.173087,99.0,60,55
1105,110519110,LSCS,2025,1,66.9039004,99.0,60,55
1105,110519110,LSTS,2025,1,13.2656066,99.0,60,55
1105,110519110,LVJS,2025,1,60.2517483,99.0,60,55
1105,110519110,LNT1S,2025,1,63.3986014,99.0,60,55
1105,110519110,LNT2S,2025,1,70.507201,99.0,60,55
1105,110519110,LNT3S,2025,1,25.8355418,99.0,60,55
1105,110519110,LOBCS,2025,1,67.1459332,99.0,60,55
1105,110519110,LSEBCS,2025,1,8.9230769,99.0,60,55
1105,110519110,TFWS,2025,1,71.173087,99.0,60,55
1105,110519110,EWS,2025,1,9.5951969,99.0,60,55
1105,110519110,GOPENH,2025,1,75.9291421,99.0,60,55
1105,110519110,GSCNH,2025,1,71.9146758,99.0,60,55
1105,110519110,GSTNH,2025,1,14.1484544,99.0,60,55
1105,110519110,GVJS,2025,1,75.6280193,99.0,60,55
1105,110519110,GNT1S,2025,1,68.6031011,99.0,60,55
1105,110519110,GNT2S,2025,1,66.0913492,99.0,60,55
1105,110519110,GNT3S,2025,1,75.8548894,99.0,60,55
1105,110519110,GOBCNH,2025,1,74.8088122,99.0,60,55
1105,110519110,GSEBCS,2025,1,49.2473035,99.0,60,55
1105,110519110,LOPENS,2025,1,77.9303712,99.0,60,55
1105,110519110,LSCS,2025,1,74.8210845,99.0,60,55
1105,110519110,LSTS,2025,1,41.0952232,99.0,60,55
1105,110519110,LVJS,2025,1,77.8890571,99.0,60,55
1105,110519110,LNT1S,2025,1,75.4489132,99.0,60,55
1105,110519110,LNT2S,2025,1,76.6993653,99.0,60,55
1105,110519110,LNT3S,2025,1,71.4142775,99.0,60,55
1105,110519110,LOBCS,2025,1,75.9743237,99.0,60,55
1105,110519110,LSEBCS,2025,1,32.6058557,99.0,60,55
1105,110519110,PWDOPENS,2025,1,21.6834785,99.0,60,55
1105,110519110,TFWS,2025,1,79.7671884,99.0,60,55
1105,110519110,EWS,2025,1,3.8634812,99.0,60,55
1105,110524210,GOPENH,2025,1,90.6674583,99.0,60,55
1105,110524210,GSCNH,2025,1,85.977536,99.0,60,55
1105,110524210,GSTNH,2025,1,54.5739657,99.0,60,55
1105,110524210,GVJS,2025,1,84.5176078,99.0,60,55
1105,110524210,GNT1S,2025,1,89.6391842,99.0,60,55
1105,110524210,GNT2S,2025,1,85.2215842,99.0,60,55
1105,110524210,GNT3S,2025,1,84.0903324,99.0,60,55
1105,110524210,GOBCNH,2025,1,89.6391842,99.0,60,55
1105,110524210,GSEBCS,2025,1,81.2846613,99.0,60,55
1105,110524210,LOPENS,2025,1,92.3562485,99.0,60,55
1105,110524210,LSCS,2025,1,88.7700729,99.0,60,55
1105,110524210,LSTS,2025,1,62.1365556,99.0,60,55
1105,110524210,LVJS,2025,1,84.8736599,99.0,60,55
1105,110524210,LNT1S,2025,1,85.0571556,99.0,60,55
1105,110524210,LNT2S,2025,1,88.0840044,99.0,60,55
1105,110524210,LNT3S,2025,1,75.1927485,99.0,60,55
1105,110524210,LOBCS,2025,1,90.5159705,99.0,60,55
1105,110524210,LSEBCS,2025,1,88.8689717,99.0,60,55
1105,110524210,PWDOPENS,2025,1,39.230205,99.0,60,55
1105,110524210,PWDOBCS,2025,1,18.9335664,99.0,60,55
1105,110524210,DEFOPENS,2025,1,74.5404987,99.0,60,55
1105,110524210,DEFSCS,2025,1,36.1161649,99.0,60,55
1105,110524210,DEFOBCS,2025,1,78.6729363,99.0,60,55
1105,110524210,TFWS,2025,1,92.5853623,99.0,60,55
1105,110524210,PWDRNT2S,2025,1,33.0802795,99.0,60,55
1105,110524210,DEFROBCS,2025,1,52.5968356,99.0,60,55
1105,110524210,EWS,2025,1,79.98947,99.0,60,55
1105,110524210,GOPENH,2025,1,89.9742931,99.0,60,55
1105,110524210,GSCNH,2025,1,87.0343086,99.0,60,55
1105,110524210,GSTNH,2025,1,58.3262891,99.0,60,55
1105,110524210,GVJS,2025,1,84.4412567,99.0,60,55
1105,110524210,GNT1S,2025,1,89.3655049,99.0,60,55
1105,110524210,GNT2S,2025,1,86.8632708,99.0,60,55
1105,110524210,GNT3S,2025,1,86.2729883,99.0,60,55
1105,110524210,GOBCNH,2025,1,89.5119454,99.0,60,55
1105,110524210,GSEBCS,2025,1,83.2810347,99.0,60,55
1105,110524210,LOPENS,2025,1,91.1313556,99.0,60,55
1105,110524210,LSCS,2025,1,87.5726309,99.0,60,55
1105,110524210,LSTS,2025,1,60.5843098,99.0,60,55
1105,110524210,LVJS,2025,1,87.3221306,99.0,60,55
1105,110524210,LNT1S,2025,1,90.0451538,99.0,60,55
1105,110524210,LNT2S,2025,1,86.713982,99.0,60,55
1105,110524210,LOBCS,2025,1,90.5491967,99.0,60,55
1105,110524210,LSEBCS,2025,1,85.225256,99.0,60,55
1105,110524210,PWDOPENS,2025,1,37.8097183,99.0,60,55
1105,110524210,PWDOBCS,2025,1,20.7039337,99.0,60,55
1105,110524210,DEFOPENS,2025,1,77.3511663,99.0,60,55
1105,110524210,DEFSCS,2025,1,30.647462,99.0,60,55
1105,110524210,DEFOBCS,2025,1,71.4377156,99.0,60,55
1105,110524210,TFWS,2025,1,92.6165904,99.0,60,55
1105,110524210,PWDRNT2S,2025,1,14.1268505,99.0,60,55
1105,110524210,DEFROBCS,2025,1,67.3167917,99.0,60,55
1105,110524210,EWS,2025,1,59.2443064,99.0,60,55
1105,110524610,GOPENH,2025,1,86.6827486,99.0,60,55
1105,110524610,GSCNH,2025,1,82.4521073,99.0,60,55
1105,110524610,GSTNH,2025,1,3.7828281,99.0,60,55
1105,110524610,GVJS,2025,1,78.272232,99.0,60,55
1105,110524610,GNT1S,2025,1,85.4179037,99.0,60,55
1105,110524610,GNT2S,2025,1,80.8599071,99.0,60,55
1105,110524610,GNT3S,2025,1,78.1688442,99.0,60,55
1105,110524610,GOBCNH,2025,1,86.3869833,99.0,60,55
1105,110524610,GSEBCS,2025,1,66.3866132,99.0,60,55
1105,110524610,LOPENS,2025,1,87.5666075,99.0,60,55
1105,110524610,LSCS,2025,1,84.1437716,99.0,60,55
1105,110524610,LSTS,2025,1,39.7546871,99.0,60,55
1105,110524610,LVJS,2025,1,80.602179,99.0,60,55
1105,110524610,LNT2S,2025,1,83.7239356,99.0,60,55
1105,110524610,LOBCS,2025,1,86.7181467,99.0,60,55
1105,110524610,LSEBCS,2025,1,71.0971787,99.0,60,55
1105,110524610,PWDOPENS,2025,1,18.6473767,99.0,60,55
1105,110524610,DEFOPENS,2025,1,39.2328654,99.0,60,55
1105,110524610,TFWS,2025,1,89.8391608,99.0,60,55
1105,110524610,EWS,2025,1,68.1164395,99.0,60,55
1105,110524610,GOPENH,2025,1,87.468285,99.0,60,55
1105,110524610,GSCNH,2025,1,83.4251983,99.0,60,55
1105,110524610,GSTNH,2025,1,16.8122355,99.0,60,55
1105,110524610,GVJS,2025,1,83.1950716,99.0,60,55
1105,110524610,GNT1S,2025,1,81.1271398,99.0,60,55
1105,110524610,GNT2S,2025,1,85.6921506,99.0,60,55
1105,110524610,GNT3S,2025,1,80.5595655,99.0,60,55
1105,110524610,GOBCNH,2025,1,87.0084871,99.0,60,55
1105,110524610,GSEBCS,2025,1,76.5235824,99.0,60,55
1105,110524610,LOPENS,2025,1,88.9649575,99.0,60,55
1105,110524610,LSCS,2025,1,85.5419841,99.0,60,55
1105,110524610,LSTS,2025,1,34.8863278,99.0,60,55
1105,110524610,LVJS,2025,1,80.1749582,99.0,60,55
1105,110524610,LNT1S,2025,1,86.5743412,99.0,60,55
1105,110524610,LNT2S,2025,1,84.4790806,99.0,60,55
1105,110524610,LNT3S,2025,1,85.0307561,99.0,60,55
1105,110524610,LOBCS,2025,1,88.4219058,99.0,60,55
1105,110524610,LSEBCS,2025,1,81.3089554,99.0,60,55
1105,110524610,DEFOPENS,2025,1,53.8067479,99.0,60,55
1105,110524610,TFWS,2025,1,89.2303375,99.0,60,55
1105,110524610,EWS,2025,1,74.1899324,99.0,60,55
1105,110526310,GOPENH,2025,1,85.5729148,99.0,60,55
1105,110526310,GSCNH,2025,1,80.8599071,99.0,60,55
1105,110526310,GSTNH,2025,1,11.0553814,99.0,60,55
1105,110526310,GVJS,2025,1,77.0149774,99.0,60,55
1105,110526310,GNT1S,2025,1,82.1319232,99.0,60,55
1105,110526310,GNT2S,2025,1,78.8357161,99.0,60,55
1105,110526310,GNT3S,2025,1,82.1124479,99.0,60,55
1105,110526310,GOBCNH,2025,1,84.8736599,99.0,60,55
1105,110526310,GSEBCS,2025,1,66.3866132,99.0,60,55
1105,110526310,LOPENS,2025,1,89.4898417,99.0,60,55
1105,110526310,LSCS,2025,1,85.0571556,99.0,60,55
1105,110526310,LSTS,2025,1,29.4125763,99.0,60,55
1105,110526310,LVJS,2025,1,85.113912,99.0,60,55
1105,110526310,LNT1S,2025,1,77.5384615,99.0,60,55
1105,110526310,LNT2S,2025,1,78.8357161,99.0,60,55
1105,110526310,LNT3S,2025,1,65.5190641,99.0,60,55
1105,110526310,LOBCS,2025,1,85.9646097,99.0,60,55
1105,110526310,LSEBCS,2025,1,70.6189283,99.0,60,55
1105,110526310,PWDOPENS,2025,1,47.3563218,99.0,60,55
1105,110526310,DEFOPENS,2025,1,62.8632493,99.0,60,55
1105,110526310,TFWS,2025,1,88.1387307,99.0,60,55
1105,110526310,EWS,2025,1,66.9039004,99.0,60,55
1105,110526310,GOPENH,2025,1,85.9891185,99.0,60,55
1105,110526310,GSCNH,2025,1,83.4251983,99.0,60,55
1105,110526310,GSTNH,2025,1,28.6606658,99.0,60,55
1105,110526310,GVJS,2025,1,80.5383458,99.0,60,55
1105,110526310,GNT1S,2025,1,84.3808448,99.0,60,55
1105,110526310,GNT2S,2025,1,81.4993122,99.0,60,55
1105,110526310,GNT3S,2025,1,82.5741649,99.0,60,55
1105,110526310,GOBCNH,2025,1,85.4974574,99.0,60,55
1105,110526310,GSEBCS,2025,1,77.022977,99.0,60,55
1105,110526310,LOPENS,2025,1,87.2379152,99.0,60,55
1105,110526310,LSCS,2025,1,86.2729883,99.0,60,55
1105,110526310,LSTS,2025,1,49.4593034,99.0,60,55
1105,110526310,LNT2S,2025,1,83.73706,99.0,60,55
1105,110526310,LOBCS,2025,1,86.2729883,99.0,60,55
1105,110526310,LSEBCS,2025,1,82.0388536,99.0,60,55
1105,110526310,PWDOPENS,2025,1,9.0115153,99.0,60,55
1105,110526310,DEFOPENS,2025,1,15.8646734,99.0,60,55
1105,110526310,DEFSCS,2025,1,58.9637781,99.0,60,55
1105,110526310,DEFOBCS,2025,1,85.1550148,99.0,60,55
1105,110526310,TFWS,2025,1,88.4177906,99.0,60,55
1105,110526310,EWS,2025,1,55.7542662,99.0,60,55
1105,110526710,GOPENH,2025,1,81.5804905,99.0,60,55
1105,110526710,GSCNH,2025,1,72.3760958,99.0,60,55
1105,110526710,GVJS,2025,1,73.5570613,99.0,60,55
1105,110526710,GNT1S,2025,1,78.4242636,99.0,60,55
1105,110526710,GNT2S,2025,1,71.4842352,99.0,60,55
1105,110526710,GNT3S,2025,1,62.1365556,99.0,60,55
1105,110526710,GOBCNH,2025,1,81.0403668,99.0,60,55
1105,110526710,GSEBCS,2025,1,58.2180677,99.0,60,55
1105,110526710,LOPENS,2025,1,82.8437868,99.0,60,55
1105,110526710,LSCS,2025,1,69.0979021,99.0,60,55
1105,110526710,LSTS,2025,1,57.8195751,99.0,60,55
1105,110526710,LOBCS,2025,1,81.5804905,99.0,60,55
1105,110526710,LSEBCS,2025,1,47.8015007,99.0,60,55
1105,110526710,TFWS,2025,1,84.0903324,99.0,60,55
1105,110526710,EWS,2025,1,47.13962,99.0,60,55
1105,110526710,GOPENH,2025,1,83.7030299,99.0,60,55
1105,110526710,GSCNH,2025,1,82.3548238,99.0,60,55
1105,110526710,GVJS,2025,1,76.7952218,99.0,60,55
1105,110526710,GOBCNH,2025,1,83.2071736,99.0,60,55
1105,110526710,GSEBCS,2025,1,68.6031011,99.0,60,55
1105,110526710,LOPENS,2025,1,85.7396473,99.0,60,55
1105,110526710,LSCS,2025,1,80.0260591,99.0,60,55
1105,110526710,LVJS,2025,1,80.0260591,99.0,60,55
1105,110526710,LNT1S,2025,1,70.4858678,99.0,60,55
1105,110526710,LNT2S,2025,1,82.7777778,99.0,60,55
1105,110526710,LOBCS,2025,1,85.0853734,99.0,60,55
1105,110526710,LSEBCS,2025,1,83.7134808,99.0,60,55
1105,110526710,DEFOPENS,2025,1,85.4732337,99.0,60,55
1105,110526710,TFWS,2025,1,85.9212092,99.0,60,55
1105,110526710,EWS,2025,1,65.4837825,99.0,60,55
1105,110537210,GOPENH,2025,1,81.6453226,99.0,60,55
1105,110537210,GSCNH,2025,1,73.2612864,99.0,60,55
1105,110537210,GVJS,2025,1,63.5767823,99.0,60,55
1105,110537210,GNT1S,2025,1,77.1631566,99.0,60,55
1105,110537210,GNT2S,2025,1,74.0094972,99.0,60,55
1105,110537210,GNT3S,2025,1,70.6189283,99.0,60,55
1105,110537210,GOBCNH,2025,1,80.8599071,99.0,60,55
1105,110537210,GSEBCS,2025,1,51.7009371,99.0,60,55
1105,110537210,LOPENS,2025,1,83.9367933,99.0,60,55
1105,110537210,LSCS,2025,1,73.5570613,99.0,60,55
1105,110537210,LVJS,2025,1,64.3871019,99.0,60,55
1105,110537210,LNT1S,2025,1,80.7807182,99.0,60,55
1105,110537210,LNT2S,2025,1,77.0149774,99.0,60,55
1105,110537210,LOBCS,2025,1,82.1319232,99.0,60,55
1105,110537210,LSEBCS,2025,1,56.6213771,99.0,60,55
1105,110537210,TFWS,2025,1,84.1437716,99.0,60,55
1105,110537210,EWS,2025,1,23.4132019,99.0,60,55
1105,110537210,GOPENH,2025,1,85.1689875,99.0,60,55
1105,110537210,GSCNH,2025,1,78.9492107,99.0,60,55
1105,110537210,GSTNH,2025,1,27.6982865,99.0,60,55
1105,110537210,GVJS,2025,1,77.2619593,99.0,60,55
1105,110537210,GNT1S,2025,1,80.5793663,99.0,60,55
1105,110537210,GNT2S,2025,1,80.9705409,99.0,60,55
1105,110537210,GNT3S,2025,1,76.3324995,99.0,60,55
1105,110537210,GOBCNH,2025,1,84.3396689,99.0,60,55
1105,110537210,GSEBCS,2025,1,70.4215645,99.0,60,55
1105,110537210,LOPENS,2025,1,85.8946885,99.0,60,55
1105,110537210,LSCS,2025,1,79.5928226,99.0,60,55
1105,110537210,LSTS,2025,1,0.2152663,99.0,60,55
1105,110537210,LVJS,2025,1,75.2331528,99.0,60,55
1105,110537210,LNT3S,2025,1,70.733113,99.0,60,55
1105,110537210,LOBCS,2025,1,85.129786,99.0,60,55
1105,110537210,LSEBCS,2025,1,69.3105802,99.0,60,55
1105,110537210,DEFOPENS,2025,1,39.4647165,99.0,60,55
1105,110537210,TFWS,2025,1,88.4226013,99.0,60,55
1105,110537210,EWS,2025,1,58.1150221,99.0,60,55
1105,110561210,GOPENH,2025,1,70.2628092,99.0,60,55
1105,110561210,GSCNH,2025,1,59.1762367,99.0,60,55
1105,110561210,GSTNH,2025,1,21.3037657,99.0,60,55
1105,110561210,GVJS,2025,1,61.5619516,99.0,60,55
1105,110561210,GNT1S,2025,1,57.6249683,99.0,60,55
1105,110561210,GNT2S,2025,1,63.3986014,99.0,60,55
1105,110561210,GNT3S,2025,1,56.6213771,99.0,60,55
1105,110561210,GOBCNH,2025,1,68.4702591,99.0,60,55
1105,110561210,GSEBCS,2025,1,19.7061157,99.0,60,55
1105,110561210,LOPENS,2025,1,69.8498837,99.0,60,55
1105,110561210,LSCS,2025,1,68.1164395,99.0,60,55
1105,110561210,LVJS,2025,1,42.6339209,99.0,60,55
1105,110561210,LNT1S,2025,1,60.422115,99.0,60,55
1105,110561210,LNT2S,2025,1,55.4922986,99.0,60,55
1105,110561210,LNT3S,2025,1,7.8975079,99.0,60,55
1105,110561210,LOBCS,2025,1,68.4702591,99.0,60,55
1105,110561210,DEFOPENS,2025,1,14.3147873,99.0,60,55
1105,110561210,TFWS,2025,1,73.2612864,99.0,60,55
1105,110561210,GOPENH,2025,1,77.2619593,99.0,60,55
1105,110561210,GSCNH,2025,1,69.0271267,99.0,60,55
1105,110561210,GVJS,2025,1,71.1330463,99.0,60,55
1105,110561210,GNT1S,2025,1,66.1169676,99.0,60,55
1105,110561210,GNT2S,2025,1,68.5042436,99.0,60,55
1105,110561210,GNT3S,2025,1,65.6970807,99.0,60,55
1105,110561210,GOBCNH,2025,1,75.9743237,99.0,60,55
1105,110561210,GSEBCS,2025,1,55.319298,99.0,60,55
1105,110561210,LOPENS,2025,1,74.8210845,99.0,60,55
1105,110561210,LSCS,2025,1,64.2926156,99.0,60,55
1105,110561210,LVJS,2025,1,64.5293156,99.0,60,55
1105,110561210,LNT1S,2025,1,62.8284912,99.0,60,55
1105,110561210,LNT2S,2025,1,68.9346395,99.0,60,55
1105,110561210,LNT3S,2025,1,58.1924692,99.0,60,55
1105,110561210,LOBCS,2025,1,74.1334872,99.0,60,55
1105,110561210,LSEBCS,2025,1,48.5585273,99.0,60,55
1105,110561210,DEFOPENS,2025,1,28.2298995,99.0,60,55
1105,110561210,TFWS,2025,1,81.5923479,99.0,60,55
1105,110561210,EWS,2025,1,26.6925382,99.0,60,55
1107,110719110,GOPENH,2025,1,68.3753318,99.0,60,55
1107,110719110,GSCNH,2025,1,64.2631037,99.0,60,55
1107,110719110,GSTNH,2025,1,25.2088452,99.0,60,55
1107,110719110,GVJS,2025,1,63.5767823,99.0,60,55
1107,110719110,GNT1S,2025,1,64.7148712,99.0,60,55
1107,110719110,GNT2S,2025,1,64.713186,99.0,60,55
1107,110719110,GNT3S,2025,1,67.8236662,99.0,60,55
1107,110719110,GOBCNH,2025,1,65.5190641,99.0,60,55
1107,110719110,GSEBCS,2025,1,44.2599775,99.0,60,55
1107,110719110,LOPENS,2025,1,73.2612864,99.0,60,55
1107,110719110,LSCS,2025,1,68.4887011,99.0,60,55
1107,110719110,LSTS,2025,1,67.8236662,99.0,60,55
1107,110719110,LOBCS,2025,1,32.0008834,99.0,60,55
1107,110719110,PWDOPENS,2025,1,57.4017459,99.0,60,55
1107,110719110,DEFOPENS,2025,1,69.2179237,99.0,60,55
1107,110719110,TFWS,2025,1,22.0346747,99.0,60,55
1107,110719110,EWS,2025,1,16.5233632,99.0,60,55
1107,110719110,GOPENH,2025,1,77.2289819,99.0,60,55
1107,110719110,GSCNH,2025,1,70.4858678,99.0,60,55
1107,110719110,GSTNH,2025,1,65.6313822,99.0,60,55
1107,110719110,GVJS,2025,1,70.733113,99.0,60,55
1107,110719110,GNT1S,2025,1,66.2459959,99.0,60,55
1107,110719110,GNT2S,2025,1,74.5525612,99.0,60,55
1107,110719110,GNT3S,2025,1,64.5293156,99.0,60,55
1107,110719110,GOBCNH,2025,1,74.2209832,99.0,60,55
1107,110719110,GSEBCS,2025,1,39.1300992,99.0,60,55
1107,110719110,LOPENS,2025,1,83.9283276,99.0,60,55
1107,110719110,LSCS,2025,1,72.5022286,99.0,60,55
1107,110719110,LSTS,2025,1,68.6717464,99.0,60,55
1107,110719110,LNT2S,2025,1,67.500481,99.0,60,55
1107,110719110,LOBCS,2025,1,75.2331528,99.0,60,55
1107,110719110,LSEBCS,2025,1,41.7129534,99.0,60,55
1107,110719110,TFWS,2025,1,83.1481862,99.0,60,55
1107,110719110,EWS,2025,1,7.0846022,99.0,60,55
1107,110724210,GOPENH,2025,1,86.3462208,99.0,60,55
1107,110724210,GSCNH,2025,1,81.3270637,99.0,60,55
1107,110724210,GSTNH,2025,1,47.13962,99.0,60,55
1107,110724210,GVJS,2025,1,81.1295102,99.0,60,55
1107,110724210,GNT1S,2025,1,79.98947,99.0,60,55
1107,110724210,GNT2S,2025,1,82.8811189,99.0,60,55
1107,110724210,GNT3S,2025,1,77.9513058,99.0,60,55
1107,110724210,GOBCNH,2025,1,85.8461538,99.0,60,55
1107,110724210,GSEBCS,2025,1,75.1716925,99.0,60,55
1107,110724210,LOPENS,2025,1,87.4115391,99.0,60,55
1107,110724210,LSCS,2025,1,82.2162613,99.0,60,55
1107,110724210,LSTS,2025,1,63.4714222,99.0,60,55
1107,110724210,LVJS,2025,1,83.4378744,99.0,60,55
1107,110724210,LNT1S,2025,1,83.0707711,99.0,60,55
1107,110724210,LNT2S,2025,1,83.5597353,99.0,60,55
1107,110724210,LNT3S,2025,1,71.4755245,99.0,60,55
1107,110724210,LOBCS,2025,1,86.2351996,99.0,60,55
1107,110724210,LSEBCS,2025,1,79.6925092,99.0,60,55
1107,110724210,PWDOPENS,2025,1,50.8281802,99.0,60,55
1107,110724210,DEFOPENS,2025,1,53.6060165,99.0,60,55
1107,110724210,DEFSCS,2025,1,28.9513426,99.0,60,55
1107,110724210,TFWS,2025,1,90.3099038,99.0,60,55
1107,110724210,DEFRSCS,2025,1,22.1118881,99.0,60,55
1107,110724210,EWS,2025,1,75.6075065,99.0,60,55
1107,110724210,GOPENH,2025,1,86.3505412,99.0,60,55
1107,110724210,GSCNH,2025,1,81.2365306,99.0,60,55
1107,110724210,GSTNH,2025,1,49.1097752,99.0,60,55
1107,110724210,GVJS,2025,1,82.5187713,99.0,60,55
1107,110724210,GNT1S,2025,1,81.6705255,99.0,60,55
1107,110724210,GNT2S,2025,1,83.1821207,99.0,60,55
1107,110724210,GNT3S,2025,1,78.733317,99.0,60,55
1107,110724210,GOBCNH,2025,1,85.3954204,99.0,60,55
1107,110724210,GSEBCS,2025,1,76.3384255,99.0,60,55
1107,110724210,LOPENS,2025,1,88.4177906,99.0,60,55
1107,110724210,LSCS,2025,1,84.3183057,99.0,60,55
1107,110724210,LSTS,2025,1,54.7674174,99.0,60,55
1107,110724210,LVJS,2025,1,84.0343736,99.0,60,55
1107,110724210,LNT1S,2025,1,87.3221306,99.0,60,55
1107,110724210,LNT2S,2025,1,82.1268327,99.0,60,55
1107,110724210,LNT3S,2025,1,84.207639,99.0,60,55
1107,110724210,LOBCS,2025,1,87.4466038,99.0,60,55
1107,110724210,LSEBCS,2025,1,78.9956692,99.0,60,55
1107,110724210,PWDOPENS,2025,1,32.5248195,99.0,60,55
1107,110724210,DEFOPENS,2025,1,44.7174641,99.0,60,55
1107,110724210,TFWS,2025,1,90.866765,99.0,60,55
1107,110724210,DEFRSCS,2025,1,41.153186,99.0,60,55
1107,110724210,EWS,2025,1,4.6483134,99.0,60,55
1107,110729310,GOPENH,2025,1,75.4048881,99.0,60,55
1107,110729310,GSCNH,2025,1,63.2914656,99.0,60,55
1107,110729310,GSTNH,2025,1,52.3622324,99.0,60,55
1107,110729310,GVJS,2025,1,73.7482517,99.0,60,55
1107,110729310,GNT1S,2025,1,60.4378874,99.0,60,55
1107,110729310,GNT2S,2025,1,70.5005064,99.0,60,55
1107,110729310,GNT3S,2025,1,53.2228937,99.0,60,55
1107,110729310,GOBCNH,2025,1,73.6345056,99.0,60,55
1107,110729310,GSEBCS,2025,1,50.4913264,99.0,60,55
1107,110729310,LOPENS,2025,1,75.8001957,99.0,60,55
1107,110729310,LSCS,2025,1,67.1459332,99.0,60,55
1107,110729310,LOBCS,2025,1,75.210728,99.0,60,55
1107,110729310,LSEBCS,2025,1,79.027972,99.0,60,55
1107,110729310,TFWS,2025,1,7.2413793,99.0,60,55
1107,110729310,EWS,2025,1,32.6791073,99.0,60,55
1107,110729310,GOPENH,2025,1,78.4082225,99.0,60,55
1107,110729310,GSCNH,2025,1,70.9390112,99.0,60,55
1107,110729310,GSTNH,2025,1,29.2374051,99.0,60,55
1107,110729310,GVJS,2025,1,69.7766245,99.0,60,55
1107,110729310,GNT1S,2025,1,75.4489132,99.0,60,55
1107,110729310,GNT2S,2025,1,74.1334872,99.0,60,55
1107,110729310,GNT3S,2025,1,61.114444,99.0,60,55
1107,110729310,GOBCNH,2025,1,77.8612083,99.0,60,55
1107,110729310,GSEBCS,2025,1,52.8560653,99.0,60,55
1107,110729310,LOPENS,2025,1,79.5928226,99.0,60,55
1107,110729310,LSCS,2025,1,71.7544603,99.0,60,55
1107,110729310,LSTS,2025,1,63.003413,99.0,60,55
1107,110729310,LOBCS,2025,1,78.975446,99.0,60,55
1107,110729310,LSEBCS,2025,1,47.7548586,99.0,60,55
1107,110729310,TFWS,2025,1,83.1030453,99.0,60,55
1107,110729310,EWS,2025,1,32.4603175,99.0,60,55
1107,110737210,GOPENH,2025,1,79.6033896,99.0,60,55
1107,110737210,GSCNH,2025,1,71.8197195,99.0,60,55
1107,110737210,GSTNH,2025,1,40.6822054,99.0,60,55
1107,110737210,GVJS,2025,1,61.1295449,99.0,60,55
1107,110737210,GNT2S,2025,1,78.4342571,99.0,60,55
1107,110737210,GNT3S,2025,1,68.8687467,99.0,60,55
1107,110737210,GOBCNH,2025,1,78.5512207,99.0,60,55
1107,110737210,GSEBCS,2025,1,45.2322221,99.0,60,55
1107,110737210,LOPENS,2025,1,82.8811189,99.0,60,55
1107,110737210,LSCS,2025,1,76.8955509,99.0,60,55
1107,110737210,LNT1S,2025,1,72.7429418,99.0,60,55
1107,110737210,LOBCS,2025,1,79.6925092,99.0,60,55
1107,110737210,LSEBCS,2025,1,45.8266058,99.0,60,55
1107,110737210,TFWS,2025,1,82.8437868,99.0,60,55
1107,110737210,EWS,2025,1,5.1955268,99.0,60,55
1107,110737210,GOPENH,2025,1,81.5923479,99.0,60,55
1107,110737210,GSCNH,2025,1,74.0786749,99.0,60,55
1107,110737210,GSTNH,2025,1,53.7405107,99.0,60,55
1107,110737210,GVJS,2025,1,73.0844718,99.0,60,55
1107,110737210,GNT1S,2025,1,77.9049638,99.0,60,55
1107,110737210,GNT2S,2025,1,75.9291421,99.0,60,55
1107,110737210,GNT3S,2025,1,75.4489132,99.0,60,55
1107,110737210,GOBCNH,2025,1,80.5383458,99.0,60,55
1107,110737210,GSEBCS,2025,1,57.9680585,99.0,60,55
1107,110737210,LOPENS,2025,1,82.8318522,99.0,60,55
1107,110737210,LSCS,2025,1,77.741426,99.0,60,55
1107,110737210,LSTS,2025,1,24.78221,99.0,60,55
1107,110737210,LVJS,2025,1,71.4142775,99.0,60,55
1107,110737210,LNT1S,2025,1,80.7035589,99.0,60,55
1107,110737210,LNT2S,2025,1,76.5235824,99.0,60,55
1107,110737210,LOBCS,2025,1,80.5595655,99.0,60,55
1107,110737210,LSEBCS,2025,1,56.4419991,99.0,60,55
1107,110737210,TFWS,2025,1,84.3396689,99.0,60,55
1107,110737210,EWS,2025,1,46.4182823,99.0,60,55
1107,110761210,GOPENH,2025,1,69.8941051,99.0,60,55
1107,110761210,GSCNH,2025,1,56.8426573,99.0,60,55
1107,110761210,GNT1S,2025,1,57.8195751,99.0,60,55
1107,110761210,GNT2S,2025,1,60.634478,99.0,60,55
1107,110761210,GOBCNH,2025,1,67.1459332,99.0,60,55
1107,110761210,GSEBCS,2025,1,53.7591782,99.0,60,55
1107,110761210,LOPENS,2025,1,65.8462319,99.0,60,55
1107,110761210,LSCS,2025,1,57.4376852,99.0,60,55
1107,110761210,LVJS,2025,1,28.6767287,99.0,60,55
1107,110761210,LNT2S,2025,1,47.7841578,99.0,60,55
1107,110761210,LNT3S,2025,1,65.5190641,99.0,60,55
1107,110761210,LOBCS,2025,1,68.9620341,99.0,60,55
1107,110761210,TFWS,2025,1,5.2326584,99.0,60,55
1107,110761210,EWS,2025,1,41.4020979,99.0,60,55
1107,110761210,GOPENH,2025,1,74.9893249,99.0,60,55
1107,110761210,GSCNH,2025,1,68.063194,99.0,60,55
1107,110761210,GSTNH,2025,1,10.9209283,99.0,60,55
1107,110761210,GVJS,2025,1,69.7621466,99.0,60,55
1107,110761210,GNT1S,2025,1,70.6970324,99.0,60,55
1107,110761210,GNT3S,2025,1,63.0171253,99.0,60,55
1107,110761210,GOBCNH,2025,1,74.6275026,99.0,60,55
1107,110761210,GSEBCS,2025,1,52.1256716,99.0,60,55
1107,110761210,LOPENS,2025,1,73.676029,99.0,60,55
1107,110761210,LSCS,2025,1,63.5035466,99.0,60,55
1107,110761210,LNT2S,2025,1,72.3251186,99.0,60,55
1107,110761210,LOBCS,2025,1,72.9916849,99.0,60,55
1107,110761210,LSEBCS,2025,1,45.8934793,99.0,60,55
1107,110761210,TFWS,2025,1,80.4716144,99.0,60,55
1107,110761210,EWS,2025,1,29.1650526,99.0,60,55
1107,110791110,GOPENH,2025,1,79.3730892,99.0,60,55
1107,110791110,GSCNH,2025,1,73.6159498,99.0,60,55
1107,110791110,GVJS,2025,1,66.4263323,99.0,60,55
1107,110791110,GNT1S,2025,1,76.67552,99.0,60,55
1107,110791110,GNT2S,2025,1,71.5830116,99.0,60,55
1107,110791110,GNT3S,2025,1,63.8244514,99.0,60,55
1107,110791110,GOBCNH,2025,1,78.5512207,99.0,60,55
1107,110791110,GSEBCS,2025,1,12.5776664,99.0,60,55
1107,110791110,LOPENS,2025,1,80.3575863,99.0,60,55
1107,110791110,LSCS,2025,1,77.1296846,99.0,60,55
1107,110791110,LSTS,2025,1,36.1811489,99.0,60,55
1107,110791110,LVJS,2025,1,62.1412608,99.0,60,55
1107,110791110,LNT1S,2025,1,78.5512207,99.0,60,55
1107,110791110,LNT2S,2025,1,69.4561708,99.0,60,55
1107,110791110,LOBCS,2025,1,79.3004726,99.0,60,55
1107,110791110,LSEBCS,2025,1,65.6692751,99.0,60,55
1107,110791110,DEFOPENS,2025,1,64.3453843,99.0,60,55
1107,110791110,TFWS,2025,1,85.0571556,99.0,60,55
1107,110791110,EWS,2025,1,37.1950556,99.0,60,55
1107,110791110,GOPENH,2025,1,80.5383458,99.0,60,55
1107,110791110,GSCNH,2025,1,74.9893249,99.0,60,55
1107,110791110,GSTNH,2025,1,18.3316683,99.0,60,55
1107,110791110,GVJS,2025,1,77.741426,99.0,60,55
1107,110791110,GNT1S,2025,1,77.2289819,99.0,60,55
1107,110791110,GNT2S,2025,1,77.2143105,99.0,60,55
1107,110791110,GNT3S,2025,1,79.3692556,99.0,60,55
1107,110791110,GOBCNH,2025,1,80.1749582,99.0,60,55
1107,110791110,GSEBCS,2025,1,55.7703505,99.0,60,55
1107,110791110,LOPENS,2025,1,82.6245527,99.0,60,55
1107,110791110,LSCS,2025,1,72.9249982,99.0,60,55
1107,110791110,LSTS,2025,1,46.728217,99.0,60,55
1107,110791110,LVJS,2025,1,82.4999118,99.0,60,55
1107,110791110,LNT1S,2025,1,75.0953827,99.0,60,55
1107,110791110,LNT2S,2025,1,77.2619593,99.0,60,55
1107,110791110,LNT3S,2025,1,67.9621973,99.0,60,55
1107,110791110,LOBCS,2025,1,81.9137967,99.0,60,55
1107,110791110,LSEBCS,2025,1,59.950946,99.0,60,55
1107,110791110,DEFOPENS,2025,1,4.0175987,99.0,60,55
1107,110791110,TFWS,2025,1,84.4852349,99.0,60,55
1107,110791110,EWS,2025,1,57.0044084,99.0,60,55
1107,110799510,GOPENH,2025,1,81.1324174,99.0,60,55
1107,110799510,GSCNH,2025,1,75.6538462,99.0,60,55
1107,110799510,GSTNH,2025,1,24.7167509,99.0,60,55
1107,110799510,GVJS,2025,1,74.6802716,99.0,60,55
1107,110799510,GNT1S,2025,1,79.027972,99.0,60,55
1107,110799510,GNT2S,2025,1,76.5279741,99.0,60,55
1107,110799510,GNT3S,2025,1,77.1296846,99.0,60,55
1107,110799510,GOBCNH,2025,1,80.0,99.0,60,55
1107,110799510,GSEBCS,2025,1,57.4017459,99.0,60,55
1107,110799510,LOPENS,2025,1,82.837277,99.0,60,55
1107,110799510,LSCS,2025,1,79.8919296,99.0,60,55
1107,110799510,LVJS,2025,1,78.010417,99.0,60,55
1107,110799510,LNT2S,2025,1,76.5279741,99.0,60,55
1107,110799510,LNT3S,2025,1,69.8498837,99.0,60,55
1107,110799510,LOBCS,2025,1,81.1295102,99.0,60,55
1107,110799510,LSEBCS,2025,1,57.4017459,99.0,60,55
1107,110799510,DEFOPENS,2025,1,37.1950556,99.0,60,55
1107,110799510,TFWS,2025,1,83.880237,99.0,60,55
1107,110799510,EWS,2025,1,49.2256217,99.0,60,55
1107,110799510,GOPENH,2025,1,81.9221888,99.0,60,55
1107,110799510,GSCNH,2025,1,77.6220509,99.0,60,55
1107,110799510,GSTNH,2025,1,43.2064159,99.0,60,55
1107,110799510,GVJS,2025,1,74.8210845,99.0,60,55
1107,110799510,GNT1S,2025,1,78.2850242,99.0,60,55
1107,110799510,GNT2S,2025,1,77.2619593,99.0,60,55
1107,110799510,GNT3S,2025,1,71.7479911,99.0,60,55
1107,110799510,GOBCNH,2025,1,80.78157,99.0,60,55
1107,110799510,GSEBCS,2025,1,69.7621466,99.0,60,55
1107,110799510,LOPENS,2025,1,84.207639,99.0,60,55
1107,110799510,LSCS,2025,1,78.733317,99.0,60,55
1107,110799510,LSTS,2025,1,12.3071672,99.0,60,55
1107,110799510,LVJS,2025,1,75.242318,99.0,60,55
1107,110799510,LNT1S,2025,1,80.5595655,99.0,60,55
1107,110799510,LNT2S,2025,1,80.4293972,99.0,60,55
1107,110799510,LNT3S,2025,1,73.262321,99.0,60,55
1107,110799510,LOBCS,2025,1,83.7134808,99.0,60,55
1107,110799510,LSEBCS,2025,1,74.6275026,99.0,60,55
1107,110799510,DEFOPENS,2025,1,60.010721,99.0,60,55
1107,110799510,TFWS,2025,1,85.7757627,99.0,60,55
1107,110799510,EWS,2025,1,60.070698,99.0,60,55
1114,111419110,GOPENH,2025,1,64.3453843,99.0,60,55
1114,111419110,GSCNH,2025,1,59.3210117,99.0,60,55
1114,111419110,GSTNH,2025,1,42.7403863,99.0,60,55
1114,111419110,GVJS,2025,1,59.2797111,99.0,60,55
1114,111419110,GNT2S,2025,1,55.4922986,99.0,60,55
1114,111419110,GNT3S,2025,1,41.7471281,99.0,60,55
1114,111419110,GOBCNH,2025,1,63.3986014,99.0,60,55
1114,111419110,LOPENS,2025,1,64.3871019,99.0,60,55
1114,111419110,LSCS,2025,1,62.1412608,99.0,60,55
1114,111419110,LSTS,2025,1,62.0615406,99.0,60,55
1114,111419110,LNT1S,2025,1,63.8244514,99.0,60,55
1114,111419110,LOBCS,2025,1,23.4132019,99.0,60,55
1114,111419110,LSEBCS,2025,1,29.2375397,99.0,60,55
1114,111419110,DEFOPENS,2025,1,65.630713,99.0,60,55
1114,111419110,TFWS,2025,1,50.7016833,99.0,60,55
1114,111419110,EWS,2025,1,7.6100354,99.0,60,55
1114,111419110,GOPENH,2025,1,69.1748413,99.0,60,55
1114,111419110,GSCNH,2025,1,63.5303851,99.0,60,55
1114,111419110,GSTNH,2025,1,34.1066887,99.0,60,55
1114,111419110,GVJS,2025,1,63.5303851,99.0,60,55
1114,111419110,GNT1S,2025,1,68.6717464,99.0,60,55
1114,111419110,GNT2S,2025,1,63.8128892,99.0,60,55
1114,111419110,GNT3S,2025,1,59.3625359,99.0,60,55
1114,111419110,GOBCNH,2025,1,67.2980865,99.0,60,55
1114,111419110,GSEBCS,2025,1,31.8464164,99.0,60,55
1114,111419110,LOPENS,2025,1,70.3901803,99.0,60,55
1114,111419110,LSCS,2025,1,68.6254044,99.0,60,55
1114,111419110,LVJS,2025,1,59.950946,99.0,60,55
1114,111419110,LNT1S,2025,1,57.6578681,99.0,60,55
1114,111419110,LNT2S,2025,1,62.2946352,99.0,60,55
1114,111419110,LOBCS,2025,1,68.9346395,99.0,60,55
1114,111419110,LSEBCS,2025,1,74.6275026,99.0,60,55
1114,111419110,TFWS,2025,1,12.3071672,99.0,60,55
1114,111419110,EWS,2025,1,28.2298995,99.0,60,55
1114,111424210,GOPENH,2025,1,84.5627208,99.0,60,55
1114,111424210,GSCNH,2025,1,79.3004726,99.0,60,55
1114,111424210,GSTNH,2025,1,33.465035,99.0,60,55
1114,111424210,GVJS,2025,1,79.8919296,99.0,60,55
1114,111424210,GNT1S,2025,1,79.8919296,99.0,60,55
1114,111424210,GNT2S,2025,1,80.9669596,99.0,60,55
1114,111424210,GNT3S,2025,1,75.1620214,99.0,60,55
1114,111424210,GOBCNH,2025,1,83.9020979,99.0,60,55
1114,111424210,GSEBCS,2025,1,73.7482517,99.0,60,55
1114,111424210,LOPENS,2025,1,87.2335313,99.0,60,55
1114,111424210,LSCS,2025,1,79.9809712,99.0,60,55
1114,111424210,LSTS,2025,1,35.6771832,99.0,60,55
1114,111424210,LVJS,2025,1,75.3562654,99.0,60,55
1114,111424210,LNT1S,2025,1,83.7934335,99.0,60,55
1114,111424210,LNT2S,2025,1,82.3938224,99.0,60,55
1114,111424210,LNT3S,2025,1,77.5384615,99.0,60,55
1114,111424210,LOBCS,2025,1,84.621564,99.0,60,55
1114,111424210,LSEBCS,2025,1,78.6137148,99.0,60,55
1114,111424210,PWDOPENS,2025,1,22.9939635,99.0,60,55
1114,111424210,DEFOPENS,2025,1,43.1964993,99.0,60,55
1114,111424210,TFWS,2025,1,88.5033286,99.0,60,55
1114,111424210,EWS,2025,1,66.1695365,99.0,60,55
1114,111424210,GOPENH,2025,1,84.4651484,99.0,60,55
1114,111424210,GSCNH,2025,1,79.4663048,99.0,60,55
1114,111424210,GSTNH,2025,1,38.215662,99.0,60,55
1114,111424210,GVJS,2025,1,81.2524249,99.0,60,55
1114,111424210,GNT1S,2025,1,78.9956692,99.0,60,55
1114,111424210,GNT2S,2025,1,81.4271094,99.0,60,55
1114,111424210,GNT3S,2025,1,81.9137967,99.0,60,55
1114,111424210,GOBCNH,2025,1,84.0342981,99.0,60,55
1114,111424210,GSEBCS,2025,1,72.8027463,99.0,60,55
1114,111424210,LOPENS,2025,1,86.3032893,99.0,60,55
1114,111424210,LSCS,2025,1,82.5187713,99.0,60,55
1114,111424210,LSTS,2025,1,61.2510322,99.0,60,55
1114,111424210,LVJS,2025,1,80.7035589,99.0,60,55
1114,111424210,LNT2S,2025,1,85.4974574,99.0,60,55
1114,111424210,LNT3S,2025,1,76.3286018,99.0,60,55
1114,111424210,LOBCS,2025,1,85.225256,99.0,60,55
1114,111424210,LSEBCS,2025,1,73.9021728,99.0,60,55
1114,111424210,DEFOPENS,2025,1,61.8012422,99.0,60,55
1114,111424210,TFWS,2025,1,88.1060139,99.0,60,55
1114,111424210,EWS,2025,1,71.7544603,99.0,60,55
1114,111424610,GOPENH,2025,1,82.2162613,99.0,60,55
1114,111424610,GSCNH,2025,1,76.9213781,99.0,60,55
1114,111424610,GSTNH,2025,1,10.26398,99.0,60,55
1114,111424610,GVJS,2025,1,74.5404987,99.0,60,55
1114,111424610,GNT1S,2025,1,79.7946282,99.0,60,55
1114,111424610,GNT2S,2025,1,75.1716925,99.0,60,55
1114,111424610,GNT3S,2025,1,74.6802716,99.0,60,55
1114,111424610,GOBCNH,2025,1,81.5804905,99.0,60,55
1114,111424610,GSEBCS,2025,1,61.5619516,99.0,60,55
1114,111424610,LOPENS,2025,1,82.3736697,99.0,60,55
1114,111424610,LSCS,2025,1,78.010417,99.0,60,55
1114,111424610,LSTS,2025,1,41.4458186,99.0,60,55
1114,111424610,LVJS,2025,1,73.4354379,99.0,60,55
1114,111424610,LNT2S,2025,1,79.6986029,99.0,60,55
1114,111424610,LOBCS,2025,1,82.135869,99.0,60,55
1114,111424610,LSEBCS,2025,1,63.8244514,99.0,60,55
1114,111424610,TFWS,2025,1,84.8660601,99.0,60,55
1114,111424610,EWS,2025,1,6.4009128,99.0,60,55
1114,111424610,GOPENH,2025,1,82.3548238,99.0,60,55
1114,111424610,GSCNH,2025,1,77.2619593,99.0,60,55
1114,111424610,GSTNH,2025,1,12.6034251,99.0,60,55
1114,111424610,GVJS,2025,1,80.1766472,99.0,60,55
1114,111424610,GNT1S,2025,1,77.1955616,99.0,60,55
1114,111424610,GNT2S,2025,1,77.937978,99.0,60,55
1114,111424610,GNT3S,2025,1,69.8131691,99.0,60,55
1114,111424610,GOBCNH,2025,1,81.7656352,99.0,60,55
1114,111424610,GSEBCS,2025,1,66.3432235,99.0,60,55
1114,111424610,LOPENS,2025,1,83.4527296,99.0,60,55
1114,111424610,LSCS,2025,1,77.937978,99.0,60,55
1114,111424610,LSTS,2025,1,22.4923895,99.0,60,55
1114,111424610,LVJS,2025,1,80.5383458,99.0,60,55
1114,111424610,LNT1S,2025,1,77.550585,99.0,60,55
1114,111424610,LNT2S,2025,1,80.4716144,99.0,60,55
1114,111424610,LOBCS,2025,1,83.2071736,99.0,60,55
1114,111424610,LSEBCS,2025,1,70.3444621,99.0,60,55
1114,111424610,DEFOPENS,2025,1,39.9867632,99.0,60,55
1114,111424610,TFWS,2025,1,83.5707404,99.0,60,55
1114,111424610,EWS,2025,1,62.5282864,99.0,60,55
1114,111426310,GOPENH,2025,1,81.7705077,99.0,60,55
1114,111426310,GSCNH,2025,1,76.7694659,99.0,60,55
1114,111426310,GSTNH,2025,1,4.8139345,99.0,60,55
1114,111426310,GNT1S,2025,1,81.0133535,99.0,60,55
1114,111426310,GOBCNH,2025,1,81.1324174,99.0,60,55
1114,111426310,GSEBCS,2025,1,59.1762367,99.0,60,55
1114,111426310,LOPENS,2025,1,82.3938224,99.0,60,55
1114,111426310,LSCS,2025,1,80.4732503,99.0,60,55
1114,111426310,LVJS,2025,1,76.9322569,99.0,60,55
1114,111426310,LNT2S,2025,1,75.4880541,99.0,60,55
1114,111426310,LNT3S,2025,1,55.6405756,99.0,60,55
1114,111426310,LOBCS,2025,1,82.2162613,99.0,60,55
1114,111426310,LSEBCS,2025,1,55.2744499,99.0,60,55
1114,111426310,TFWS,2025,1,84.1437716,99.0,60,55
1114,111426310,EWS,2025,1,65.8992965,99.0,60,55
1114,111426310,GOPENH,2025,1,81.2365306,99.0,60,55
1114,111426310,GSCNH,2025,1,76.468112,99.0,60,55
1114,111426310,GVJS,2025,1,79.3794141,99.0,60,55
1114,111426310,GNT1S,2025,1,80.7055032,99.0,60,55
1114,111426310,GNT2S,2025,1,78.9492107,99.0,60,55
1114,111426310,GNT3S,2025,1,76.6875679,99.0,60,55
1114,111426310,GOBCNH,2025,1,80.7055032,99.0,60,55
1114,111426310,GSEBCS,2025,1,64.2198294,99.0,60,55
1114,111426310,LOPENS,2025,1,82.9247643,99.0,60,55
1114,111426310,LSCS,2025,1,77.937978,99.0,60,55
1114,111426310,LNT1S,2025,1,82.1268327,99.0,60,55
1114,111426310,LNT2S,2025,1,73.3356624,99.0,60,55
1114,111426310,LNT3S,2025,1,72.0373703,99.0,60,55
1114,111426310,LOBCS,2025,1,81.7199,99.0,60,55
1114,111426310,LSEBCS,2025,1,71.4377156,99.0,60,55
1114,111426310,TFWS,2025,1,84.4412567,99.0,60,55
1114,111426310,EWS,2025,1,59.2124434,99.0,60,55
1114,111437210,GOPENH,2025,1,77.5384615,99.0,60,55
1114,111437210,GSCNH,2025,1,68.8687467,99.0,60,55
1114,111437210,GVJS,2025,1,67.8236662,99.0,60,55
1114,111437210,GNT1S,2025,1,76.8973331,99.0,60,55
1114,111437210,GNT2S,2025,1,67.8236662,99.0,60,55
1114,111437210,GNT3S,2025,1,51.7009371,99.0,60,55
1114,111437210,GOBCNH,2025,1,76.9322569,99.0,60,55
1114,111437210,GSEBCS,2025,1,36.0836122,99.0,60,55
1114,111437210,LOPENS,2025,1,78.4342571,99.0,60,55
1114,111437210,LSCS,2025,1,72.3760958,99.0,60,55
1114,111437210,LNT1S,2025,1,75.1716925,99.0,60,55
1114,111437210,LOBCS,2025,1,77.2287062,99.0,60,55
1114,111437210,LSEBCS,2025,1,42.7403863,99.0,60,55
1114,111437210,DEFOPENS,2025,1,39.902473,99.0,60,55
1114,111437210,TFWS,2025,1,79.7946282,99.0,60,55
1114,111437210,EWS,2025,1,9.9651616,99.0,60,55
1114,111437210,GOPENH,2025,1,79.2630446,99.0,60,55
1114,111437210,GSCNH,2025,1,73.9021728,99.0,60,55
1114,111437210,GSTNH,2025,1,52.8560653,99.0,60,55
1114,111437210,GVJS,2025,1,67.3167917,99.0,60,55
1114,111437210,GNT1S,2025,1,73.262321,99.0,60,55
1114,111437210,GNT2S,2025,1,74.6217331,99.0,60,55
1114,111437210,GNT3S,2025,1,67.1207715,99.0,60,55
1114,111437210,GOBCNH,2025,1,78.733317,99.0,60,55
1114,111437210,GSEBCS,2025,1,55.4914407,99.0,60,55
1114,111437210,LOPENS,2025,1,80.4992916,99.0,60,55
1114,111437210,LSCS,2025,1,74.4163823,99.0,60,55
1114,111437210,LVJS,2025,1,72.0373703,99.0,60,55
1114,111437210,LNT2S,2025,1,74.8210845,99.0,60,55
1114,111437210,LOBCS,2025,1,80.0260591,99.0,60,55
1114,111437210,LSEBCS,2025,1,60.7738415,99.0,60,55
1114,111437210,TFWS,2025,1,81.4271094,99.0,60,55
1114,111437210,EWS,2025,1,41.5554243,99.0,60,55
1114,111461210,GOPENH,2025,1,66.9039004,99.0,60,55
1114,111461210,GSCNH,2025,1,55.2744499,99.0,60,55
1114,111461210,GVJS,2025,1,35.9909439,99.0,60,55
1114,111461210,GNT1S,2025,1,56.2929777,99.0,60,55
1114,111461210,GNT2S,2025,1,61.6834321,99.0,60,55
1114,111461210,GOBCNH,2025,1,65.8992965,99.0,60,55
1114,111461210,GSEBCS,2025,1,31.9280223,99.0,60,55
1114,111461210,LOPENS,2025,1,68.9620341,99.0,60,55
1114,111461210,LSCS,2025,1,56.5039753,99.0,60,55
1114,111461210,LVJS,2025,1,34.896751,99.0,60,55
1114,111461210,LNT2S,2025,1,64.3871019,99.0,60,55
1114,111461210,LNT3S,2025,1,67.217709,99.0,60,55
1114,111461210,LOBCS,2025,1,72.6730266,99.0,60,55
1114,111461210,TFWS,2025,1,4.3679994,99.0,60,55
1114,111461210,EWS,2025,1,40.0432529,99.0,60,55
1114,111461210,GOPENH,2025,1,73.2109713,99.0,60,55
1114,111461210,GSCNH,2025,1,67.458483,99.0,60,55
1114,111461210,GNT2S,2025,1,64.7164682,99.0,60,55
1114,111461210,GOBCNH,2025,1,72.3251186,99.0,60,55
1114,111461210,GSEBCS,2025,1,48.1265004,99.0,60,55
1114,111461210,LOPENS,2025,1,72.3251186,99.0,60,55
1114,111461210,LSCS,2025,1,64.1240022,99.0,60,55
1114,111461210,LVJS,2025,1,51.2488599,99.0,60,55
1114,111461210,LNT1S,2025,1,62.5282864,99.0,60,55
1114,111461210,LNT3S,2025,1,41.0952232,99.0,60,55
1114,111461210,LOBCS,2025,1,71.1330463,99.0,60,55
1114,111461210,LSEBCS,2025,1,51.8020478,99.0,60,55
1114,111461210,TFWS,2025,1,77.741426,99.0,60,55
1114,111461210,EWS,2025,1,12.7454023,99.0,60,55
1116,111619110,TFWS,2025,1,57.6249683,99.0,60,55
1116,111619110,EWS,2025,1,41.4458186,99.0,60,55
1116,111619110,TFWS,2025,1,74.8088122,99.0,60,55
1116,111619110,EWS,2025,1,46.9424901,99.0,60,55
1116,111624210,TFWS,2025,1,80.7175218,99.0,60,55
1116,111624210,EWS,2025,1,29.4125763,99.0,60,55
1116,111624210,TFWS,2025,1,79.9864621,99.0,60,55
1116,111624210,EWS,2025,1,60.4816409,99.0,60,55
1116,111624610,TFWS,2025,1,67.8210479,99.0,60,55
1116,111624610,EWS,2025,1,0.4242696,99.0,60,55
1116,111624610,TFWS,2025,1,71.9146758,99.0,60,55
1116,111624610,EWS,2025,1,40.369284,99.0,60,55
1116,111650710,TFWS,2025,1,68.0484125,99.0,60,55
1116,111650710,EWS,2025,1,0.056344,99.0,60,55
1116,111661210,DEFOPENS,2025,1,25.2991393,99.0,60,55
1116,111661210,TFWS,2025,1,62.9339383,99.0,60,55
1116,111661210,EWS,2025,1,18.3316683,99.0,60,55
1117,111719110,TFWS,2025,1,43.031473,99.0,60,55
1117,111719110,EWS,2025,1,1.3078851,99.0,60,55
1117,111719110,TFWS,2025,1,54.9986599,99.0,60,55
1117,111719110,EWS,2025,1,11.134049,99.0,60,55
1117,111724210,TFWS,2025,1,63.6512871,99.0,60,55
1117,111724210,EWS,2025,1,21.3037657,99.0,60,55
1117,111724210,DEFOPENS,2025,1,63.552865,99.0,60,55
1117,111724210,TFWS,2025,1,72.0373703,99.0,60,55
1117,111724210,EWS,2025,1,2.7009895,99.0,60,55
1117,111735610,TFWS,2025,1,30.26063,99.0,60,55
1117,111735610,EWS,2025,1,5.3139267,99.0,60,55
1117,111735610,TFWS,2025,1,39.4647165,99.0,60,55
1117,111735610,EWS,2025,1,28.3323489,99.0,60,55
1117,111799510,TFWS,2025,1,58.8525307,99.0,60,55
1117,111799510,EWS,2025,1,32.5553935,99.0,60,55
1117,111799510,TFWS,2025,1,58.9637781,99.0,60,55
1117,111799510,EWS,2025,1,20.9078498,99.0,60,55
1119,111924210,TFWS,2025,1,81.0403668,99.0,60,55
1119,111924210,EWS,2025,1,24.7167509,99.0,60,55
1119,111924210,GOPENH,2025,1,68.0484125,99.0,60,55
1119,111924210,GSCNH,2025,1,49.2473035,99.0,60,55
1119,111924210,GVJS,2025,1,55.6597249,99.0,60,55
1119,111924210,GNT1S,2025,1,41.153186,99.0,60,55
1119,111924210,GNT2S,2025,1,54.9832594,99.0,60,55
1119,111924210,GNT3S,2025,1,66.3432235,99.0,60,55
1119,111924210,GOBCNH,2025,1,63.0171253,99.0,60,55
1119,111924210,GSEBCS,2025,1,45.1152324,99.0,60,55
1119,111924210,LOPENS,2025,1,72.6740126,99.0,60,55
1119,111924210,LSCS,2025,1,65.3107562,99.0,60,55
1119,111924210,LNT2S,2025,1,66.0956881,99.0,60,55
1119,111924210,LOBCS,2025,1,67.3167917,99.0,60,55
1119,111924210,LSEBCS,2025,1,62.8284912,99.0,60,55
1119,111924210,PWDOPENS,2025,1,55.2387338,99.0,60,55
1119,111924210,TFWS,2025,1,81.7199,99.0,60,55
1119,111924210,EWS,2025,1,26.3181412,99.0,60,55
1119,111924610,TFWS,2025,1,73.8000589,99.0,60,55
1119,111924610,EWS,2025,1,9.3356129,99.0,60,55
1119,111924610,GOPENH,2025,1,60.268127,99.0,60,55
1119,111924610,GSCNH,2025,1,34.4790806,99.0,60,55
1119,111924610,GVJS,2025,1,53.7903103,99.0,60,55
1119,111924610,GNT2S,2025,1,50.8920685,99.0,60,55
1119,111924610,GOBCNH,2025,1,58.1924692,99.0,60,55
1119,111924610,GSEBCS,2025,1,34.1022162,99.0,60,55
1119,111924610,LOPENS,2025,1,65.6313822,99.0,60,55
1119,111924610,LSCS,2025,1,44.3215833,99.0,60,55
1119,111924610,LNT3S,2025,1,63.5901214,99.0,60,55
1119,111924610,LOBCS,2025,1,61.8012422,99.0,60,55
1119,111924610,LSEBCS,2025,1,45.9819894,99.0,60,55
1119,111924610,PWDOPENS,2025,1,43.723793,99.0,60,55
1119,111924610,DEFOPENS,2025,1,11.0148558,99.0,60,55
1119,111924610,TFWS,2025,1,68.0484125,99.0,60,55
1119,111924610,EWS,2025,1,3.4375727,99.0,60,55
1119,111937210,GOPENH,2025,1,53.7405107,99.0,60,55
1119,111937210,GSCNH,2025,1,19.9880898,99.0,60,55
1119,111937210,GVJS,2025,1,35.5420211,99.0,60,55
1119,111937210,GNT1S,2025,1,48.5585273,99.0,60,55
1119,111937210,GNT3S,2025,1,49.1097752,99.0,60,55
1119,111937210,GOBCNH,2025,1,52.016058,99.0,60,55
1119,111937210,GSEBCS,2025,1,52.4918222,99.0,60,55
1119,111937210,LOPENS,2025,1,55.319298,99.0,60,55
1119,111937210,LSCS,2025,1,48.1318449,99.0,60,55
1119,111937210,LVJS,2025,1,6.0401137,99.0,60,55
1119,111937210,LNT2S,2025,1,53.7903103,99.0,60,55
1119,111937210,LOBCS,2025,1,55.4743121,99.0,60,55
1119,111937210,TFWS,2025,1,5.9620389,99.0,60,55
1119,111937210,EWS,2025,1,31.0015898,99.0,60,55
1119,111950710,EWS,2025,1,35.7798895,99.0,60,55
1119,111950710,GOPENH,2025,1,37.0257103,99.0,60,55
1119,111950710,GOBCNH,2025,1,12.3071672,99.0,60,55
1119,111950710,GSEBCS,2025,1,20.7039337,99.0,60,55
1119,111950710,LOPENS,2025,1,36.6711564,99.0,60,55
1119,111950710,LOBCS,2025,1,15.7373377,99.0,60,55
1119,111950710,TFWS,2025,1,57.8685189,99.0,60,55
1119,111961210,TFWS,2025,1,39.6653303,99.0,60,55
1119,111961210,EWS,2025,1,3.9396716,99.0,60,55
1119,111961210,GOPENH,2025,1,42.3488094,99.0,60,55
1119,111961210,GSCNH,2025,1,21.5915263,99.0,60,55
1119,111961210,GVJS,2025,1,38.726658,99.0,60,55
1119,111961210,GNT2S,2025,1,30.6281286,99.0,60,55
1119,111961210,GNT3S,2025,1,27.8805461,99.0,60,55
1119,111961210,GOBCNH,2025,1,41.153186,99.0,60,55
1119,111961210,LOPENS,2025,1,45.4941917,99.0,60,55
1119,111961210,LVJS,2025,1,27.2101033,99.0,60,55
1119,111961210,LNT1S,2025,1,44.6246246,99.0,60,55
1119,111961210,LOBCS,2025,1,23.9624698,99.0,60,55
1119,111961210,LSEBCS,2025,1,44.6246246,99.0,60,55
1119,111961210,TFWS,2025,1,41.7129534,99.0,60,55
1119,111999510,GOPENH,2025,1,55.6597249,99.0,60,55
1119,111999510,GSCNH,2025,1,25.8055428,99.0,60,55
1119,111999510,GVJS,2025,1,46.0219719,99.0,60,55
1119,111999510,GNT1S,2025,1,44.5569356,99.0,60,55
1119,111999510,GNT2S,2025,1,37.5813241,99.0,60,55
1119,111999510,GNT3S,2025,1,53.1999725,99.0,60,55
1119,111999510,GOBCNH,2025,1,52.8560653,99.0,60,55
1119,111999510,GSEBCS,2025,1,11.420728,99.0,60,55
1119,111999510,LOPENS,2025,1,54.873582,99.0,60,55
1119,111999510,LSCS,2025,1,16.7388465,99.0,60,55
1119,111999510,LNT3S,2025,1,27.147084,99.0,60,55
1119,111999510,LOBCS,2025,1,48.5585273,99.0,60,55
1119,111999510,LSEBCS,2025,1,13.1846958,99.0,60,55
1119,111999510,TFWS,2025,1,61.9398096,99.0,60,55
1119,111999510,EWS,2025,1,13.0221818,99.0,60,55
1120,112019110,GOPENH,2025,1,49.1540892,99.0,60,55
1120,112019110,LOPENS,2025,1,52.3622324,99.0,60,55
1120,112019110,TFWS,2025,1,4.5300548,99.0,60,55
1120,112019110,GOPENH,2025,1,55.6712077,99.0,60,55
1120,112019110,LOPENS,2025,1,61.5912113,99.0,60,55
1120,112019110,TFWS,2025,1,1.1831006,99.0,60,55
1120,112024210,GOPENH,2025,1,72.1363369,99.0,60,55
1120,112024210,LOPENS,2025,1,80.0,99.0,60,55
1120,112024210,TFWS,2025,1,0.3577134,99.0,60,55
1120,112024210,GOPENH,2025,1,77.3787188,99.0,60,55
1120,112024210,LOPENS,2025,1,82.3548238,99.0,60,55
1120,112024210,TFWS,2025,1,4.4515103,99.0,60,55
1120,112029310,GOPENH,2025,1,54.1537389,99.0,60,55
1120,112029310,LOPENS,2025,1,60.8775137,99.0,60,55
1120,112029310,TFWS,2025,1,60.3213757,99.0,60,55
1120,112029310,GOPENH,2025,1,64.1240022,99.0,60,55
1120,112029310,LOPENS,2025,1,67.2980865,99.0,60,55
1120,112029310,TFWS,2025,1,19.5229257,99.0,60,55
1120,112037210,GOPENH,2025,1,71.4755245,99.0,60,55
1120,112037210,LOPENS,2025,1,71.4842352,99.0,60,55
1120,112037210,TFWS,2025,1,15.4365886,99.0,60,55
1120,112037210,GOPENH,2025,1,74.5525612,99.0,60,55
1120,112037210,LOPENS,2025,1,77.937978,99.0,60,55
1120,112037210,TFWS,2025,1,27.2730752,99.0,60,55
1120,112050710,GOPENH,2025,1,52.8806012,99.0,60,55
1120,112050710,LOPENS,2025,1,56.2929777,99.0,60,55
1120,112050710,TFWS,2025,1,47.13962,99.0,60,55
1120,112050710,GOPENH,2025,1,58.4262318,99.0,60,55
1120,112050710,LOPENS,2025,1,70.4097117,99.0,60,55
1120,112050710,TFWS,2025,1,54.9832594,99.0,60,55
1120,112061210,GOPENH,2025,1,44.2599775,99.0,60,55
1120,112061210,LOPENS,2025,1,35.9909439,99.0,60,55
1120,112061210,TFWS,2025,1,52.5968356,99.0,60,55
1120,112061210,GOPENH,2025,1,56.5182885,99.0,60,55
1120,112061210,LOPENS,2025,1,56.5505021,99.0,60,55
1120,112061210,TFWS,2025,1,67.3538592,99.0,60,55
1120,112089310,GOPENH,2025,1,43.031473,99.0,60,55
1120,112089310,LOPENS,2025,1,56.8426573,99.0,60,55
1120,112089310,TFWS,2025,1,36.1811489,99.0,60,55
1120,112089310,GOPENH,2025,1,53.7903103,99.0,60,55
1120,112089310,LOPENS,2025,1,57.8685189,99.0,60,55
1120,112089310,TFWS,2025,1,67.9203695,99.0,60,55
1121,112124210,DEFOPENS,2025,1,56.6213771,99.0,60,55
1121,112124210,TFWS,2025,1,78.010417,99.0,60,55
1121,112124210,EWS,2025,1,49.7291102,99.0,60,55
1121,112124210,GOPENH,2025,1,77.022977,99.0,60,55
1121,112124210,GSCNH,2025,1,70.8903389,99.0,60,55
1121,112124210,GSTNH,2025,1,23.9884494,99.0,60,55
1121,112124210,GVJS,2025,1,72.6740126,99.0,60,55
1121,112124210,GNT1S,2025,1,70.3901803,99.0,60,55
1121,112124210,GNT2S,2025,1,74.75684,99.0,60,55
1121,112124210,GNT3S,2025,1,68.6031011,99.0,60,55
1121,112124210,GOBCNH,2025,1,75.8548894,99.0,60,55
1121,112124210,GSEBCS,2025,1,48.1265004,99.0,60,55
1121,112124210,LOPENS,2025,1,78.4082225,99.0,60,55
1121,112124210,LSCS,2025,1,71.9146758,99.0,60,55
1121,112124210,LSTS,2025,1,23.5746832,99.0,60,55
1121,112124210,LVJS,2025,1,74.8112584,99.0,60,55
1121,112124210,LNT1S,2025,1,74.7351841,99.0,60,55
1121,112124210,LNT2S,2025,1,66.1169676,99.0,60,55
1121,112124210,LOBCS,2025,1,77.7140658,99.0,60,55
1121,112124210,LSEBCS,2025,1,61.114444,99.0,60,55
1121,112124210,PWDOPENS,2025,1,10.0170648,99.0,60,55
1121,112124210,TFWS,2025,1,79.2630446,99.0,60,55
1121,112124210,EWS,2025,1,66.1169676,99.0,60,55
1121,112124610,TFWS,2025,1,71.4842352,99.0,60,55
1121,112124610,EWS,2025,1,35.6771832,99.0,60,55
1121,112124610,GOPENH,2025,1,74.2209832,99.0,60,55
1121,112124610,GSCNH,2025,1,66.3432235,99.0,60,55
1121,112124610,GVJS,2025,1,70.6970324,99.0,60,55
1121,112124610,GNT1S,2025,1,68.5042436,99.0,60,55
1121,112124610,GNT2S,2025,1,64.5293156,99.0,60,55
1121,112124610,GOBCNH,2025,1,72.9906413,99.0,60,55
1121,112124610,GSEBCS,2025,1,23.9884494,99.0,60,55
1121,112124610,LOPENS,2025,1,76.5235824,99.0,60,55
1121,112124610,LSCS,2025,1,68.6498934,99.0,60,55
1121,112124610,LVJS,2025,1,72.0373703,99.0,60,55
1121,112124610,LNT3S,2025,1,54.873582,99.0,60,55
1121,112124610,LOBCS,2025,1,75.4489132,99.0,60,55
1121,112124610,LSEBCS,2025,1,43.723793,99.0,60,55
1121,112124610,TFWS,2025,1,74.9893249,99.0,60,55
1121,112124610,EWS,2025,1,33.9583652,99.0,60,55
1121,112137210,TFWS,2025,1,72.102802,99.0,60,55
1121,112137210,EWS,2025,1,21.6174291,99.0,60,55
1121,112137210,GOPENH,2025,1,70.9390112,99.0,60,55
1121,112137210,GSCNH,2025,1,63.4876968,99.0,60,55
1121,112137210,GVJS,2025,1,61.114444,99.0,60,55
1121,112137210,GNT2S,2025,1,62.2946352,99.0,60,55
1121,112137210,GNT3S,2025,1,60.9157012,99.0,60,55
1121,112137210,GOBCNH,2025,1,70.4858678,99.0,60,55
1121,112137210,GSEBCS,2025,1,37.8307719,99.0,60,55
1121,112137210,LOPENS,2025,1,72.3251186,99.0,60,55
1121,112137210,LSCS,2025,1,64.7164682,99.0,60,55
1121,112137210,LSTS,2025,1,34.1066887,99.0,60,55
1121,112137210,LNT1S,2025,1,61.114444,99.0,60,55
1121,112137210,LNT2S,2025,1,65.3107562,99.0,60,55
1121,112137210,LOBCS,2025,1,71.2894525,99.0,60,55
1121,112137210,LSEBCS,2025,1,39.8653069,99.0,60,55
1121,112137210,TFWS,2025,1,74.5525612,99.0,60,55
1121,112137210,EWS,2025,1,15.7373377,99.0,60,55
1121,112161210,TFWS,2025,1,61.5619516,99.0,60,55
1121,112161210,EWS,2025,1,14.9055715,99.0,60,55
1121,112161210,GOPENH,2025,1,67.9621973,99.0,60,55
1121,112161210,GSCNH,2025,1,60.7556304,99.0,60,55
1121,112161210,GVJS,2025,1,58.4262318,99.0,60,55
1121,112161210,GNT1S,2025,1,60.1814551,99.0,60,55
1121,112161210,GNT2S,2025,1,55.2387338,99.0,60,55
1121,112161210,GNT3S,2025,1,15.6857493,99.0,60,55
1121,112161210,GOBCNH,2025,1,66.1911263,99.0,60,55
1121,112161210,GSEBCS,2025,1,30.1917921,99.0,60,55
1121,112161210,LOPENS,2025,1,66.4794206,99.0,60,55
1121,112161210,LSCS,2025,1,61.7346759,99.0,60,55
1121,112161210,LVJS,2025,1,47.8755661,99.0,60,55
1121,112161210,LOBCS,2025,1,65.4837825,99.0,60,55
1121,112161210,TFWS,2025,1,68.78733,99.0,60,55
1123,112319110,TFWS,2025,1,47.13962,99.0,60,55
1123,112319110,EWS,2025,1,4.5709952,99.0,60,55
1123,112319110,GOPENH,2025,1,62.3077731,99.0,60,55
1123,112319110,GSCNH,2025,1,52.8745002,99.0,60,55
1123,112319110,GSTNH,2025,1,22.3579956,99.0,60,55
1123,112319110,GVJS,2025,1,54.7674174,99.0,60,55
1123,112319110,GNT1S,2025,1,60.5843098,99.0,60,55
1123,112319110,GOBCNH,2025,1,59.8130199,99.0,60,55
1123,112319110,GSEBCS,2025,1,24.2423208,99.0,60,55
1123,112319110,LOPENS,2025,1,64.2926156,99.0,60,55
1123,112319110,LSCS,2025,1,55.3743463,99.0,60,55
1123,112319110,LNT2S,2025,1,50.5512969,99.0,60,55
1123,112319110,LNT3S,2025,1,61.7346759,99.0,60,55
1123,112319110,LOBCS,2025,1,60.010721,99.0,60,55
1123,112319110,TFWS,2025,1,5.4201909,99.0,60,55
1123,112319110,EWS,2025,1,41.3533547,99.0,60,55
1123,112324210,TFWS,2025,1,72.7429418,99.0,60,55
1123,112324210,EWS,2025,1,43.5338318,99.0,60,55
1123,112324210,GOPENH,2025,1,72.5022286,99.0,60,55
1123,112324210,GSCNH,2025,1,67.931377,99.0,60,55
1123,112324210,GVJS,2025,1,64.087617,99.0,60,55
1123,112324210,GNT1S,2025,1,68.7336094,99.0,60,55
1123,112324210,GNT2S,2025,1,66.0913492,99.0,60,55
1123,112324210,GNT3S,2025,1,52.1496391,99.0,60,55
1123,112324210,GOBCNH,2025,1,71.1330463,99.0,60,55
1123,112324210,GSEBCS,2025,1,9.3099208,99.0,60,55
1123,112324210,LOPENS,2025,1,72.9916849,99.0,60,55
1123,112324210,LSCS,2025,1,69.9192754,99.0,60,55
1123,112324210,LVJS,2025,1,69.1748413,99.0,60,55
1123,112324210,LNT1S,2025,1,69.4641016,99.0,60,55
1123,112324210,LNT2S,2025,1,66.0913492,99.0,60,55
1123,112324210,LOBCS,2025,1,72.4223602,99.0,60,55
1123,112324210,LSEBCS,2025,1,49.1980067,99.0,60,55
1123,112324210,TFWS,2025,1,74.4163823,99.0,60,55
1123,112324210,EWS,2025,1,23.426501,99.0,60,55
1123,112337210,GOPENH,2025,1,66.5942029,99.0,60,55
1123,112337210,GSCNH,2025,1,59.3625359,99.0,60,55
1123,112337210,GVJS,2025,1,52.8560653,99.0,60,55
1123,112337210,GNT2S,2025,1,63.5303851,99.0,60,55
1123,112337210,GNT3S,2025,1,44.8240166,99.0,60,55
1123,112337210,GOBCNH,2025,1,65.9070599,99.0,60,55
1123,112337210,LOPENS,2025,1,70.3444621,99.0,60,55
1123,112337210,LSCS,2025,1,65.4837825,99.0,60,55
1123,112337210,LVJS,2025,1,30.1917921,99.0,60,55
1123,112337210,LNT1S,2025,1,55.4743121,99.0,60,55
1123,112337210,LNT2S,2025,1,54.9733848,99.0,60,55
1123,112337210,LOBCS,2025,1,67.9203695,99.0,60,55
1123,112337210,TFWS,2025,1,68.5042436,99.0,60,55
1123,112337210,EWS,2025,1,3.2568611,99.0,60,55
1123,112356810,TFWS,2025,1,61.796967,99.0,60,55
1123,112356810,EWS,2025,1,6.4874627,99.0,60,55
1123,112356810,GOPENH,2025,1,63.5303851,99.0,60,55
1123,112356810,GSCNH,2025,1,55.3743463,99.0,60,55
1123,112356810,GVJS,2025,1,61.9042106,99.0,60,55
1123,112356810,GNT1S,2025,1,52.8745002,99.0,60,55
1123,112356810,GNT2S,2025,1,52.1256716,99.0,60,55
1123,112356810,GOBCNH,2025,1,62.4995214,99.0,60,55
1123,112356810,LOPENS,2025,1,68.58833,99.0,60,55
1123,112356810,LSCS,2025,1,58.1924692,99.0,60,55
1123,112356810,LSTS,2025,1,53.8067479,99.0,60,55
1123,112356810,LNT3S,2025,1,61.5912113,99.0,60,55
1123,112356810,LOBCS,2025,1,68.0484125,99.0,60,55
1123,112356810,LSEBCS,2025,1,21.1739609,99.0,60,55
1123,112356810,TFWS,2025,1,68.6254044,99.0,60,55
1123,112356810,EWS,2025,1,2.3258261,99.0,60,55
1123,112361210,TFWS,2025,1,58.6907687,99.0,60,55
1123,112361210,EWS,2025,1,8.0990652,99.0,60,55
1123,112361210,GOPENH,2025,1,62.6016833,99.0,60,55
1123,112361210,GSCNH,2025,1,49.8699585,99.0,60,55
1123,112361210,GVJS,2025,1,49.0487536,99.0,60,55
1123,112361210,GNT1S,2025,1,49.8201439,99.0,60,55
1123,112361210,GNT2S,2025,1,53.7405107,99.0,60,55
1123,112361210,GNT3S,2025,1,24.2423208,99.0,60,55
1123,112361210,GOBCNH,2025,1,60.070698,99.0,60,55
1123,112361210,GSEBCS,2025,1,4.1246657,99.0,60,55
1123,112361210,LOPENS,2025,1,61.579051,99.0,60,55
1123,112361210,LSCS,2025,1,60.7556304,99.0,60,55
1123,112361210,LVJS,2025,1,25.0523784,99.0,60,55
1123,112361210,LOBCS,2025,1,60.010721,99.0,60,55
1123,112361210,TFWS,2025,1,63.5901214,99.0,60,55
1123,112399510,TFWS,2025,1,71.5562808,99.0,60,55
1123,112399510,EWS,2025,1,18.9335664,99.0,60,55
1123,112399510,GOPENH,2025,1,70.3444621,99.0,60,55
1123,112399510,GSCNH,2025,1,63.5303851,99.0,60,55
1123,112399510,GVJS,2025,1,63.552865,99.0,60,55
1123,112399510,GNT2S,2025,1,61.2830506,99.0,60,55
1123,112399510,GNT3S,2025,1,44.6087422,99.0,60,55
1123,112399510,GOBCNH,2025,1,69.3900327,99.0,60,55
1123,112399510,GSEBCS,2025,1,50.9743237,99.0,60,55
1123,112399510,LOPENS,2025,1,74.6275026,99.0,60,55
1123,112399510,LSCS,2025,1,63.9535342,99.0,60,55
1123,112399510,LNT1S,2025,1,65.4076693,99.0,60,55
1123,112399510,LNT2S,2025,1,65.6970807,99.0,60,55
1123,112399510,LOBCS,2025,1,73.676029,99.0,60,55
1123,112399510,LSEBCS,2025,1,40.4581492,99.0,60,55
1123,112399510,TFWS,2025,1,73.9021728,99.0,60,55
1123,112399510,EWS,2025,1,47.8755661,99.0,60,55
1125,112519110,TFWS,2025,1,49.2473035,99.0,60,55
1125,112519110,EWS,2025,1,11.1503744,99.0,60,55
1125,112524210,TFWS,2025,1,63.4714222,99.0,60,55
1125,112524210,EWS,2025,1,0.1468531,99.0,60,55
1125,112524210,TFWS,2025,1,68.9409579,99.0,60,55
1125,112524210,EWS,2025,1,16.6253199,99.0,60,55
1125,112526310,TFWS,2025,1,44.2599775,99.0,60,55
1125,112526310,EWS,2025,1,2.0524476,99.0,60,55
1125,112526310,TFWS,2025,1,59.0801845,99.0,60,55
1125,112526310,EWS,2025,1,10.7179688,99.0,60,55
1125,112529310,TFWS,2025,1,45.9245973,99.0,60,55
1125,112529310,EWS,2025,1,43.74434,99.0,60,55
1125,112529310,TFWS,2025,1,68.0484125,99.0,60,55
1125,112529310,EWS,2025,1,68.58833,99.0,60,55
1125,112561210,EWS,2025,1,30.26063,99.0,60,55
1126,112619110,TFWS,2025,1,31.9226076,99.0,60,55
1126,112619110,EWS,2025,1,9.3356129,99.0,60,55
1126,112619110,TFWS,2025,1,72.6740126,99.0,60,55
1126,112619110,EWS,2025,1,41.1906024,99.0,60,55
1126,112624210,DEFOPENS,2025,1,5.7490133,99.0,60,55
1126,112624210,TFWS,2025,1,56.8426573,99.0,60,55
1126,112624210,EWS,2025,1,1.5757364,99.0,60,55
1126,112624210,TFWS,2025,1,65.6970807,99.0,60,55
1126,112624210,EWS,2025,1,16.0591472,99.0,60,55
1126,112629310,TFWS,2025,1,39.966573,99.0,60,55
1126,112629310,EWS,2025,1,51.2488599,99.0,60,55
1126,112684410,TFWS,2025,1,41.7129534,99.0,60,55
1126,112684410,EWS,2025,1,4.2070971,99.0,60,55
1127,112719110,GOPENH,2025,1,44.2599775,99.0,60,55
1127,112719110,GSCNH,2025,1,18.6473767,99.0,60,55
1127,112719110,GSTNH,2025,1,2.0436563,99.0,60,55
1127,112719110,GVJS,2025,1,42.6339209,99.0,60,55
1127,112719110,GNT1S,2025,1,36.0836122,99.0,60,55
1127,112719110,GNT2S,2025,1,28.1994074,99.0,60,55
1127,112719110,GOBCNH,2025,1,33.6209084,99.0,60,55
1127,112719110,LOPENS,2025,1,52.8806012,99.0,60,55
1127,112719110,LSCS,2025,1,25.2088452,99.0,60,55
1127,112719110,LSTS,2025,1,32.6791073,99.0,60,55
1127,112719110,LNT2S,2025,1,12.4732664,99.0,60,55
1127,112719110,LOBCS,2025,1,42.2674623,99.0,60,55
1127,112719110,TFWS,2025,1,35.7798895,99.0,60,55
1127,112719110,EWS,2025,1,28.9513426,99.0,60,55
1127,112719110,GOPENH,2025,1,44.1937857,99.0,60,55
1127,112719110,GSCNH,2025,1,30.8808364,99.0,60,55
1127,112719110,GSTNH,2025,1,7.5282136,99.0,60,55
1127,112719110,GVJS,2025,1,41.7129534,99.0,60,55
1127,112719110,GNT1S,2025,1,36.6711564,99.0,60,55
1127,112719110,GNT2S,2025,1,14.7883959,99.0,60,55
1127,112719110,GOBCNH,2025,1,41.3533547,99.0,60,55
1127,112719110,LOPENS,2025,1,51.8020478,99.0,60,55
1127,112719110,LSCS,2025,1,46.9424901,99.0,60,55
1127,112719110,LVJS,2025,1,49.1668381,99.0,60,55
1127,112719110,LNT2S,2025,1,15.4623879,99.0,60,55
1127,112719110,LOBCS,2025,1,47.8219396,99.0,60,55
1127,112719110,TFWS,2025,1,21.5368309,99.0,60,55
1127,112719110,EWS,2025,1,12.2913505,99.0,60,55
1127,112724210,GOPENH,2025,1,67.1459332,99.0,60,55
1127,112724210,GSCNH,2025,1,59.9607019,99.0,60,55
1127,112724210,GSTNH,2025,1,23.4132019,99.0,60,55
1127,112724210,GVJS,2025,1,64.3453843,99.0,60,55
1127,112724210,GNT1S,2025,1,50.4913264,99.0,60,55
1127,112724210,GNT2S,2025,1,63.8244514,99.0,60,55
1127,112724210,GNT3S,2025,1,25.2088452,99.0,60,55
1127,112724210,GOBCNH,2025,1,65.3084343,99.0,60,55
1127,112724210,GSEBCS,2025,1,19.7061157,99.0,60,55
1127,112724210,LOPENS,2025,1,76.67552,99.0,60,55
1127,112724210,LSCS,2025,1,66.2972028,99.0,60,55
1127,112724210,LSTS,2025,1,22.3617813,99.0,60,55
1127,112724210,LVJS,2025,1,70.5005064,99.0,60,55
1127,112724210,LNT1S,2025,1,52.8806012,99.0,60,55
1127,112724210,LNT2S,2025,1,74.9785452,99.0,60,55
1127,112724210,LNT3S,2025,1,38.7925588,99.0,60,55
1127,112724210,LOBCS,2025,1,69.2179237,99.0,60,55
1127,112724210,LSEBCS,2025,1,46.3957696,99.0,60,55
1127,112724210,TFWS,2025,1,63.5767823,99.0,60,55
1127,112724210,EWS,2025,1,32.1650475,99.0,60,55
1127,112724210,GOPENH,2025,1,67.9203695,99.0,60,55
1127,112724210,GSCNH,2025,1,58.4262318,99.0,60,55
1127,112724210,GSTNH,2025,1,29.4122187,99.0,60,55
1127,112724210,GVJS,2025,1,60.7556304,99.0,60,55
1127,112724210,GNT1S,2025,1,62.965955,99.0,60,55
1127,112724210,GNT2S,2025,1,59.0801845,99.0,60,55
1127,112724210,GNT3S,2025,1,52.9701068,99.0,60,55
1127,112724210,GOBCNH,2025,1,63.9397326,99.0,60,55
1127,112724210,GSEBCS,2025,1,26.2353347,99.0,60,55
1127,112724210,LOPENS,2025,1,78.699881,99.0,60,55
1127,112724210,LSCS,2025,1,68.063194,99.0,60,55
1127,112724210,LSTS,2025,1,41.1906024,99.0,60,55
1127,112724210,LNT1S,2025,1,60.9157012,99.0,60,55
1127,112724210,LNT2S,2025,1,64.1240022,99.0,60,55
1127,112724210,LOBCS,2025,1,71.5917775,99.0,60,55
1127,112724210,LSEBCS,2025,1,46.4182823,99.0,60,55
1127,112724210,DEFOPENS,2025,1,58.1324148,99.0,60,55
1127,112724210,TFWS,2025,1,72.5022286,99.0,60,55
1127,112724210,EWS,2025,1,31.3655815,99.0,60,55
1127,112724510,GOPENH,2025,1,58.8994542,99.0,60,55
1127,112724510,GSCNH,2025,1,44.2599775,99.0,60,55
1127,112724510,GSTNH,2025,1,14.3147873,99.0,60,55
1127,112724510,GVJS,2025,1,57.4017459,99.0,60,55
1127,112724510,GNT1S,2025,1,49.4020979,99.0,60,55
1127,112724510,GNT2S,2025,1,47.0502678,99.0,60,55
1127,112724510,GNT3S,2025,1,46.7613499,99.0,60,55
1127,112724510,GOBCNH,2025,1,56.5039753,99.0,60,55
1127,112724510,GSEBCS,2025,1,0.0417973,99.0,60,55
1127,112724510,LOPENS,2025,1,63.4714222,99.0,60,55
1127,112724510,LSCS,2025,1,49.2256217,99.0,60,55
1127,112724510,LSTS,2025,1,19.0847282,99.0,60,55
1127,112724510,LVJS,2025,1,63.2914656,99.0,60,55
1127,112724510,LNT1S,2025,1,45.9816283,99.0,60,55
1127,112724510,LNT2S,2025,1,55.2744499,99.0,60,55
1127,112724510,LOBCS,2025,1,60.3213757,99.0,60,55
1127,112724510,TFWS,2025,1,61.5619516,99.0,60,55
1127,112724510,EWS,2025,1,9.6906054,99.0,60,55
1127,112729310,GOPENH,2025,1,50.3223138,99.0,60,55
1127,112729310,GSCNH,2025,1,30.26063,99.0,60,55
1127,112729310,GVJS,2025,1,46.3957696,99.0,60,55
1127,112729310,GNT1S,2025,1,39.902473,99.0,60,55
1127,112729310,GNT2S,2025,1,29.2375397,99.0,60,55
1127,112729310,GNT3S,2025,1,43.4652257,99.0,60,55
1127,112729310,GOBCNH,2025,1,47.8015007,99.0,60,55
1127,112729310,LOPENS,2025,1,50.9683037,99.0,60,55
1127,112729310,LSCS,2025,1,40.0936536,99.0,60,55
1127,112729310,LSTS,2025,1,45.2322221,99.0,60,55
1127,112729310,LOBCS,2025,1,50.4913264,99.0,60,55
1127,112729310,TFWS,2025,1,32.5451434,99.0,60,55
1127,112729310,GOPENH,2025,1,49.1668381,99.0,60,55
1127,112729310,GSCNH,2025,1,32.4939862,99.0,60,55
1127,112729310,GSTNH,2025,1,13.9341445,99.0,60,55
1127,112729310,GNT1S,2025,1,43.2614932,99.0,60,55
1127,112729310,GNT2S,2025,1,34.1022162,99.0,60,55
1127,112729310,GOBCNH,2025,1,47.8398896,99.0,60,55
1127,112729310,LOPENS,2025,1,51.5429844,99.0,60,55
1127,112729310,LSCS,2025,1,36.6414088,99.0,60,55
1127,112729310,LSTS,2025,1,37.1881218,99.0,60,55
1127,112729310,LVJS,2025,1,51.2488599,99.0,60,55
1127,112729310,LOBCS,2025,1,49.1097752,99.0,60,55
1127,112729310,TFWS,2025,1,60.4816409,99.0,60,55
1127,112729310,EWS,2025,1,13.510622,99.0,60,55
1127,112737210,GOPENH,2025,1,54.5872518,99.0,60,55
1127,112737210,GSCNH,2025,1,37.6293706,99.0,60,55
1127,112737210,GSTNH,2025,1,13.6137728,99.0,60,55
1127,112737210,GNT1S,2025,1,43.9154166,99.0,60,55
1127,112737210,GOBCNH,2025,1,53.2657343,99.0,60,55
1127,112737210,LOPENS,2025,1,57.0133407,99.0,60,55
1127,112737210,LSCS,2025,1,33.6209084,99.0,60,55
1127,112737210,LSTS,2025,1,5.9918095,99.0,60,55
1127,112737210,LVJS,2025,1,50.4913264,99.0,60,55
1127,112737210,LNT2S,2025,1,28.6767287,99.0,60,55
1127,112737210,LOBCS,2025,1,54.5872518,99.0,60,55
1127,112737210,TFWS,2025,1,49.1540892,99.0,60,55
1127,112737210,EWS,2025,1,11.4786688,99.0,60,55
1127,112737210,GOPENH,2025,1,53.864934,99.0,60,55
1127,112737210,GSCNH,2025,1,37.9825825,99.0,60,55
1127,112737210,GVJS,2025,1,52.016058,99.0,60,55
1127,112737210,GNT2S,2025,1,29.1650526,99.0,60,55
1127,112737210,GOBCNH,2025,1,50.9743237,99.0,60,55
1127,112737210,LOPENS,2025,1,59.5017065,99.0,60,55
1127,112737210,LSCS,2025,1,32.4939862,99.0,60,55
1127,112737210,LNT1S,2025,1,47.8219396,99.0,60,55
1127,112737210,LNT2S,2025,1,38.2037534,99.0,60,55
1127,112737210,LNT3S,2025,1,54.1426021,99.0,60,55
1127,112737210,LOBCS,2025,1,56.5505021,99.0,60,55
1127,112737210,TFWS,2025,1,60.5539527,99.0,60,55
1127,112737210,EWS,2025,1,7.5891936,99.0,60,55
1127,112761210,GOPENH,2025,1,43.4652257,99.0,60,55
1127,112761210,GSCNH,2025,1,24.9543245,99.0,60,55
1127,112761210,GVJS,2025,1,37.1950556,99.0,60,55
1127,112761210,GNT2S,2025,1,22.4248107,99.0,60,55
1127,112761210,GOBCNH,2025,1,35.7798895,99.0,60,55
1127,112761210,LOPENS,2025,1,43.74434,99.0,60,55
1127,112761210,LSCS,2025,1,25.8355418,99.0,60,55
1127,112761210,LSTS,2025,1,22.9939635,99.0,60,55
1127,112761210,LNT1S,2025,1,26.6274079,99.0,60,55
1127,112761210,LOBCS,2025,1,32.0008834,99.0,60,55
1127,112761210,TFWS,2025,1,39.3601986,99.0,60,55
1127,112761210,EWS,2025,1,28.6767287,99.0,60,55
1127,112761210,GOPENH,2025,1,43.6823105,99.0,60,55
1127,112761210,GSCNH,2025,1,28.3220209,99.0,60,55
1127,112761210,GSTNH,2025,1,5.0094717,99.0,60,55
1127,112761210,GNT1S,2025,1,39.199832,99.0,60,55
1127,112761210,GNT2S,2025,1,18.4565842,99.0,60,55
1127,112761210,GNT3S,2025,1,24.3359483,99.0,60,55
1127,112761210,GOBCNH,2025,1,40.5616465,99.0,60,55
1127,112761210,LOPENS,2025,1,49.1097752,99.0,60,55
1127,112761210,LSCS,2025,1,31.6249855,99.0,60,55
1127,112761210,LVJS,2025,1,43.723793,99.0,60,55
1127,112761210,LOBCS,2025,1,45.6611497,99.0,60,55
1127,112761210,TFWS,2025,1,31.7722006,99.0,60,55
1127,112761210,EWS,2025,1,26.2353347,99.0,60,55
1127,112791110,GOPENH,2025,1,57.8274425,99.0,60,55
1127,112791110,GSCNH,2025,1,44.3667268,99.0,60,55
1127,112791110,GSTNH,2025,1,13.5482364,99.0,60,55
1127,112791110,GVJS,2025,1,54.4258624,99.0,60,55
1127,112791110,GNT1S,2025,1,40.369284,99.0,60,55
1127,112791110,GNT2S,2025,1,32.0852596,99.0,60,55
1127,112791110,GOBCNH,2025,1,52.8745002,99.0,60,55
1127,112791110,LOPENS,2025,1,61.2830506,99.0,60,55
1127,112791110,LSCS,2025,1,51.4221759,99.0,60,55
1127,112791110,LSTS,2025,1,50.5512969,99.0,60,55
1127,112791110,LVJS,2025,1,57.9680585,99.0,60,55
1127,112791110,LNT1S,2025,1,52.1585439,99.0,60,55
1127,112791110,LNT2S,2025,1,52.8560653,99.0,60,55
1127,112791110,LOBCS,2025,1,54.1426021,99.0,60,55
1127,112791110,TFWS,2025,1,45.8934793,99.0,60,55
1127,112791110,EWS,2025,1,9.3008868,99.0,60,55
1127,112799510,GOPENH,2025,1,65.8992965,99.0,60,55
1127,112799510,GSCNH,2025,1,38.7925588,99.0,60,55
1127,112799510,GSTNH,2025,1,41.7471281,99.0,60,55
1127,112799510,GNT1S,2025,1,55.6405756,99.0,60,55
1127,112799510,GOBCNH,2025,1,61.6834321,99.0,60,55
1127,112799510,GSEBCS,2025,1,35.5422955,99.0,60,55
1127,112799510,LOPENS,2025,1,75.6075065,99.0,60,55
1127,112799510,LSCS,2025,1,66.9039004,99.0,60,55
1127,112799510,LSTS,2025,1,41.4020979,99.0,60,55
1127,112799510,LVJS,2025,1,70.507201,99.0,60,55
1127,112799510,LNT2S,2025,1,70.2033567,99.0,60,55
1127,112799510,LOBCS,2025,1,66.3866132,99.0,60,55
1127,112799510,LSEBCS,2025,1,72.102802,99.0,60,55
1127,112799510,TFWS,2025,1,60.422115,99.0,60,55
1127,112799510,EWS,2025,1,32.5451434,99.0,60,55
1127,112799510,GOPENH,2025,1,44.5569356,99.0,60,55
1127,112799510,GSCNH,2025,1,17.200127,99.0,60,55
1127,112799510,GVJS,2025,1,39.199832,99.0,60,55
1127,112799510,GNT1S,2025,1,18.2769061,99.0,60,55
1127,112799510,GNT2S,2025,1,28.2298995,99.0,60,55
1127,112799510,GOBCNH,2025,1,27.6982865,99.0,60,55
1127,112799510,LOPENS,2025,1,55.6712077,99.0,60,55
1127,112799510,LSCS,2025,1,27.8805461,99.0,60,55
1127,112799510,LNT3S,2025,1,46.7838981,99.0,60,55
1127,112799510,LOBCS,2025,1,47.7548586,99.0,60,55
1127,112799510,TFWS,2025,1,59.2124434,99.0,60,55
1127,112799510,EWS,2025,1,13.1401169,99.0,60,55
1128,112819110,TFWS,2025,1,60.3213757,99.0,60,55
1128,112819110,EWS,2025,1,32.1650475,99.0,60,55
1128,112819110,GOPENH,2025,1,69.8303637,99.0,60,55
1128,112819110,GSCNH,2025,1,63.5035466,99.0,60,55
1128,112819110,GSTNH,2025,1,0.0490042,99.0,60,55
1128,112819110,GVJS,2025,1,64.7164682,99.0,60,55
1128,112819110,GNT1S,2025,1,61.2510322,99.0,60,55
1128,112819110,GNT2S,2025,1,60.7556304,99.0,60,55
1128,112819110,GNT3S,2025,1,57.502776,99.0,60,55
1128,112819110,GOBCNH,2025,1,67.9203695,99.0,60,55
1128,112819110,LOPENS,2025,1,70.8903389,99.0,60,55
1128,112819110,LSCS,2025,1,66.4794206,99.0,60,55
1128,112819110,LNT2S,2025,1,57.5392085,99.0,60,55
1128,112819110,LOBCS,2025,1,68.6717464,99.0,60,55
1128,112819110,TFWS,2025,1,76.3286018,99.0,60,55
1128,112819110,EWS,2025,1,15.6857493,99.0,60,55
1128,112824210,TFWS,2025,1,83.4924535,99.0,60,55
1128,112824210,EWS,2025,1,66.9039004,99.0,60,55
1128,112824210,GOPENH,2025,1,83.2071736,99.0,60,55
1128,112824210,GSCNH,2025,1,81.2365306,99.0,60,55
1128,112824210,GSTNH,2025,1,30.8808364,99.0,60,55
1128,112824210,GVJS,2025,1,82.4850758,99.0,60,55
1128,112824210,GNT1S,2025,1,78.9492107,99.0,60,55
1128,112824210,GNT2S,2025,1,81.8599034,99.0,60,55
1128,112824210,GNT3S,2025,1,69.4641016,99.0,60,55
1128,112824210,GOBCNH,2025,1,82.4850758,99.0,60,55
1128,112824210,GSEBCS,2025,1,68.063194,99.0,60,55
1128,112824210,LOPENS,2025,1,87.0343086,99.0,60,55
1128,112824210,LSCS,2025,1,86.0742045,99.0,60,55
1128,112824210,LSTS,2025,1,34.1066887,99.0,60,55
1128,112824210,LVJS,2025,1,85.2987504,99.0,60,55
1128,112824210,LNT3S,2025,1,69.7766245,99.0,60,55
1128,112824210,LOBCS,2025,1,83.5700884,99.0,60,55
1128,112824210,LSEBCS,2025,1,74.8088122,99.0,60,55
1128,112824210,TFWS,2025,1,86.8832732,99.0,60,55
1128,112824210,EWS,2025,1,67.500481,99.0,60,55
1128,112824610,DEFOPENS,2025,1,92.3562485,99.0,60,55
1128,112824610,TFWS,2025,1,80.9669596,99.0,60,55
1128,112824610,EWS,2025,1,37.1950556,99.0,60,55
1128,112824610,GOPENH,2025,1,80.4944215,99.0,60,55
1128,112824610,GSCNH,2025,1,73.2908824,99.0,60,55
1128,112824610,GVJS,2025,1,75.2153333,99.0,60,55
1128,112824610,GNT2S,2025,1,77.8612083,99.0,60,55
1128,112824610,GNT3S,2025,1,73.676029,99.0,60,55
1128,112824610,GOBCNH,2025,1,80.0260591,99.0,60,55
1128,112824610,GSEBCS,2025,1,58.1324148,99.0,60,55
1128,112824610,LOPENS,2025,1,81.9137967,99.0,60,55
1128,112824610,LSCS,2025,1,76.1726079,99.0,60,55
1128,112824610,LNT1S,2025,1,76.1726079,99.0,60,55
1128,112824610,LNT2S,2025,1,77.8612083,99.0,60,55
1128,112824610,LOBCS,2025,1,81.2365306,99.0,60,55
1128,112824610,LSEBCS,2025,1,69.9192754,99.0,60,55
1128,112824610,DEFOPENS,2025,1,91.8455822,99.0,60,55
1128,112824610,TFWS,2025,1,82.9428736,99.0,60,55
1128,112824610,EWS,2025,1,58.235114,99.0,60,55
1128,112829310,TFWS,2025,1,73.7482517,99.0,60,55
1128,112829310,EWS,2025,1,25.968356,99.0,60,55
1128,112829310,GOPENH,2025,1,76.973775,99.0,60,55
1128,112829310,GSCNH,2025,1,70.6970324,99.0,60,55
1128,112829310,GNT1S,2025,1,67.2980865,99.0,60,55
1128,112829310,GNT2S,2025,1,66.1169676,99.0,60,55
1128,112829310,GNT3S,2025,1,60.9157012,99.0,60,55
1128,112829310,GOBCNH,2025,1,76.131941,99.0,60,55
1128,112829310,GSEBCS,2025,1,27.147084,99.0,60,55
1128,112829310,LOPENS,2025,1,77.9049638,99.0,60,55
1128,112829310,LSCS,2025,1,70.6987601,99.0,60,55
1128,112829310,LVJS,2025,1,59.7703364,99.0,60,55
1128,112829310,LOBCS,2025,1,77.2619593,99.0,60,55
1128,112829310,LSEBCS,2025,1,29.4122187,99.0,60,55
1128,112829310,TFWS,2025,1,80.4944215,99.0,60,55
1128,112829310,EWS,2025,1,30.6281286,99.0,60,55
1128,112837210,TFWS,2025,1,77.2287062,99.0,60,55
1128,112837210,EWS,2025,1,2.3757781,99.0,60,55
1128,112837210,GOPENH,2025,1,78.9492107,99.0,60,55
1128,112837210,GSCNH,2025,1,72.1871837,99.0,60,55
1128,112837210,GVJS,2025,1,72.9916849,99.0,60,55
1128,112837210,GNT1S,2025,1,76.099588,99.0,60,55
1128,112837210,GNT2S,2025,1,69.4641016,99.0,60,55
1128,112837210,GNT3S,2025,1,61.114444,99.0,60,55
1128,112837210,GOBCNH,2025,1,78.890785,99.0,60,55
1128,112837210,GSEBCS,2025,1,54.7674174,99.0,60,55
1128,112837210,LOPENS,2025,1,80.1766472,99.0,60,55
1128,112837210,LSCS,2025,1,71.7544603,99.0,60,55
1128,112837210,LVJS,2025,1,75.1493199,99.0,60,55
1128,112837210,LOBCS,2025,1,79.5691881,99.0,60,55
1128,112837210,DEFOPENS,2025,1,54.1426021,99.0,60,55
1128,112837210,TFWS,2025,1,82.6245527,99.0,60,55
1128,112837210,EWS,2025,1,44.6087422,99.0,60,55
1128,112891210,TFWS,2025,1,77.9513058,99.0,60,55
1128,112891210,EWS,2025,1,47.1398578,99.0,60,55
1128,112891210,GOPENH,2025,1,78.890785,99.0,60,55
1128,112891210,GSCNH,2025,1,74.1899324,99.0,60,55
1128,112891210,GVJS,2025,1,78.685137,99.0,60,55
1128,112891210,GNT1S,2025,1,74.8112584,99.0,60,55
1128,112891210,GOBCNH,2025,1,78.1871974,99.0,60,55
1128,112891210,GSEBCS,2025,1,72.0373703,99.0,60,55
1128,112891210,LOPENS,2025,1,79.0728986,99.0,60,55
1128,112891210,LSCS,2025,1,76.468112,99.0,60,55
1128,112891210,LNT2S,2025,1,74.8088122,99.0,60,55
1128,112891210,LNT3S,2025,1,44.5569356,99.0,60,55
1128,112891210,LOBCS,2025,1,78.975446,99.0,60,55
1128,112891210,LSEBCS,2025,1,64.2926156,99.0,60,55
1128,112891210,TFWS,2025,1,80.2298047,99.0,60,55
1128,112891210,EWS,2025,1,52.016058,99.0,60,55
1130,113019110,TFWS,2025,1,39.3601986,99.0,60,55
1130,113019110,EWS,2025,1,19.0847282,99.0,60,55
1130,113019110,TFWS,2025,1,28.7105475,99.0,60,55
1130,113019110,EWS,2025,1,15.4472393,99.0,60,55
1130,113024210,DEFOPENS,2025,1,78.5512207,99.0,60,55
1130,113024210,TFWS,2025,1,58.8994542,99.0,60,55
1130,113024210,EWS,2025,1,39.6653303,99.0,60,55
1130,113024210,TFWS,2025,1,50.5512969,99.0,60,55
1130,113024210,EWS,2025,1,16.8210201,99.0,60,55
1130,113035610,TFWS,2025,1,55.7542662,99.0,60,55
1130,113035610,EWS,2025,1,9.2097999,99.0,60,55
1130,113037210,TFWS,2025,1,43.1964993,99.0,60,55
1130,113037210,EWS,2025,1,18.4184219,99.0,60,55
1180,118019110,EWS,2025,1,1.3513033,99.0,60,55
1180,118024210,TFWS,2025,1,49.7291102,99.0,60,55
1180,118024210,EWS,2025,1,15.1144829,99.0,60,55
1180,118024210,TFWS,2025,1,60.268127,99.0,60,55
1180,118024210,EWS,2025,1,8.764745,99.0,60,55
1180,118026310,EWS,2025,1,68.4702591,99.0,60,55
1182,118219110,TFWS,2025,1,63.8244514,99.0,60,55
1182,118219110,EWS,2025,1,35.9909439,99.0,60,55
1182,118219110,GOPENH,2025,1,29.41486,99.0,60,55
1182,118219110,GSCNH,2025,1,10.3857148,99.0,60,55
1182,118219110,GNT2S,2025,1,28.7105475,99.0,60,55
1182,118219110,GOBCNH,2025,1,21.5915263,99.0,60,55
1182,118219110,LOPENS,2025,1,32.4939862,99.0,60,55
1182,118219110,LNT1S,2025,1,27.9000459,99.0,60,55
1182,118219110,LNT2S,2025,1,69.7766245,99.0,60,55
1182,118219110,LOBCS,2025,1,14.9547816,99.0,60,55
1182,118219110,TFWS,2025,1,2.5195548,99.0,60,55
1182,118224210,DEFOPENS,2025,1,59.2797111,99.0,60,55
1182,118224210,TFWS,2025,1,73.4722277,99.0,60,55
1182,118224210,EWS,2025,1,7.1701886,99.0,60,55
1182,118224210,GOPENH,2025,1,54.7674174,99.0,60,55
1182,118224210,GSCNH,2025,1,3.5388008,99.0,60,55
1182,118224210,GVJS,2025,1,22.5386607,99.0,60,55
1182,118224210,GNT1S,2025,1,40.369284,99.0,60,55
1182,118224210,GNT2S,2025,1,34.4790806,99.0,60,55
1182,118224210,GNT3S,2025,1,27.6982865,99.0,60,55
1182,118224210,GOBCNH,2025,1,46.9424901,99.0,60,55
1182,118224210,LOPENS,2025,1,63.540901,99.0,60,55
1182,118224210,LSCS,2025,1,31.8464164,99.0,60,55
1182,118224210,LVJS,2025,1,8.7473542,99.0,60,55
1182,118224210,LNT1S,2025,1,61.2510322,99.0,60,55
1182,118224210,LNT2S,2025,1,56.5580532,99.0,60,55
1182,118224210,LNT3S,2025,1,34.1066887,99.0,60,55
1182,118224210,LOBCS,2025,1,60.268127,99.0,60,55
1182,118224210,LSEBCS,2025,1,30.1917921,99.0,60,55
1182,118224210,PWDOPENS,2025,1,11.1244146,99.0,60,55
1182,118224210,TFWS,2025,1,70.6970324,99.0,60,55
1182,118224210,EWS,2025,1,4.8374702,99.0,60,55
1182,118229310,TFWS,2025,1,71.5830116,99.0,60,55
1182,118229310,EWS,2025,1,3.2502633,99.0,60,55
1182,118229310,GOPENH,2025,1,53.1039032,99.0,60,55
1182,118229310,GSCNH,2025,1,16.2056174,99.0,60,55
1182,118229310,GSTNH,2025,1,13.1401169,99.0,60,55
1182,118229310,GNT1S,2025,1,46.728217,99.0,60,55
1182,118229310,GNT2S,2025,1,18.2769061,99.0,60,55
1182,118229310,GOBCNH,2025,1,45.9819894,99.0,60,55
1182,118229310,LOPENS,2025,1,55.7277177,99.0,60,55
1182,118229310,LSCS,2025,1,7.2789379,99.0,60,55
1182,118229310,LNT2S,2025,1,22.8294494,99.0,60,55
1182,118229310,LOBCS,2025,1,43.578754,99.0,60,55
1182,118229310,LSEBCS,2025,1,40.4581492,99.0,60,55
1182,118229310,TFWS,2025,1,76.3286018,99.0,60,55
1182,118229310,EWS,2025,1,2.5195548,99.0,60,55
1182,118261210,TFWS,2025,1,64.713186,99.0,60,55
1182,118261210,EWS,2025,1,5.1070551,99.0,60,55
1182,118261210,GOPENH,2025,1,51.2488599,99.0,60,55
1182,118261210,GSCNH,2025,1,3.5388008,99.0,60,55
1182,118261210,GNT1S,2025,1,38.0740533,99.0,60,55
1182,118261210,GNT2S,2025,1,6.3481229,99.0,60,55
1182,118261210,GOBCNH,2025,1,44.6087422,99.0,60,55
1182,118261210,GSEBCS,2025,1,30.6903413,99.0,60,55
1182,118261210,LOPENS,2025,1,36.8722261,99.0,60,55
1182,118261210,LOBCS,2025,1,34.0389056,99.0,60,55
1182,118261210,TFWS,2025,1,70.3901803,99.0,60,55
1182,118261210,EWS,2025,1,60.4816409,99.0,60,55
1265,126519110,TFWS,2025,1,60.8775137,99.0,60,55
1265,126519110,EWS,2025,1,17.7120141,99.0,60,55
1265,126519110,TFWS,2025,1,72.0373703,99.0,60,55
1265,126519110,EWS,2025,1,11.4456589,99.0,60,55
1265,126524210,TFWS,2025,1,85.6182564,99.0,60,55
1265,126524210,EWS,2025,1,63.2914656,99.0,60,55
1265,126524210,TFWS,2025,1,86.713982,99.0,60,55
1265,126524210,EWS,2025,1,71.9146758,99.0,60,55
1265,126524610,TFWS,2025,1,82.1319232,99.0,60,55
1265,126524610,EWS,2025,1,52.5968356,99.0,60,55
1265,126524610,TFWS,2025,1,84.3808448,99.0,60,55
1265,126524610,EWS,2025,1,63.0171253,99.0,60,55
1265,126535610,TFWS,2025,1,73.7482517,99.0,60,55
1265,126535610,EWS,2025,1,16.6909773,99.0,60,55
1265,126535610,TFWS,2025,1,77.8612083,99.0,60,55
1265,126535610,EWS,2025,1,19.9986005,99.0,60,55
1265,126537210,DEFOPENS,2025,1,41.7471281,99.0,60,55
1265,126537210,TFWS,2025,1,79.6925092,99.0,60,55
1265,126537210,EWS,2025,1,28.3031822,99.0,60,55
1265,126537210,TFWS,2025,1,78.1913582,99.0,60,55
1265,126537210,EWS,2025,1,41.153186,99.0,60,55
1265,126561210,TFWS,2025,1,69.4561708,99.0,60,55
1265,126561210,EWS,2025,1,5.4917171,99.0,60,55
1265,126561210,TFWS,2025,1,75.4489132,99.0,60,55
1265,126561210,EWS,2025,1,7.223771,99.0,60,55
1268,126824210,TFWS,2025,1,75.3562654,99.0,60,55
1268,126824210,EWS,2025,1,16.5233632,99.0,60,55
1268,126824210,TFWS,2025,1,66.4794206,99.0,60,55
1268,126824210,EWS,2025,1,54.1426021,99.0,60,55
1268,126835610,TFWS,2025,1,47.13962,99.0,60,55
1268,126835610,EWS,2025,1,0.8543447,99.0,60,55
1268,126837210,TFWS,2025,1,48.6512524,99.0,60,55
1268,126837210,EWS,2025,1,6.8673857,99.0,60,55
1268,126899510,TFWS,2025,1,50.9683037,99.0,60,55
1268,126899510,EWS,2025,1,3.6022425,99.0,60,55
1276,127619110,EWS,2025,1,8.672418,99.0,60,55
1276,127619110,EWS,2025,1,1.5952389,99.0,60,55
1276,127624510,TFWS,2025,1,42.7403863,99.0,60,55
1276,127624510,EWS,2025,1,16.6909773,99.0,60,55
1276,127624510,TFWS,2025,1,20.4040793,99.0,60,55
1276,127624510,EWS,2025,1,12.3071672,99.0,60,55
2008,200819110,GOPENH,2025,1,90.6674583,99.0,60,55
2008,200819110,GSCNH,2025,1,83.9367933,99.0,60,55
2008,200819110,GSTNH,2025,1,71.0971787,99.0,60,55
2008,200819110,GVJS,2025,1,85.4179037,99.0,60,55
2008,200819110,GNT1S,2025,1,81.9705913,99.0,60,55
2008,200819110,GNT2S,2025,1,88.5372351,99.0,60,55
2008,200819110,GNT3S,2025,1,89.9860676,99.0,60,55
2008,200819110,GOBCNH,2025,1,88.7823852,99.0,60,55
2008,200819110,GSEBCS,2025,1,86.6827486,99.0,60,55
2008,200819110,LOPENS,2025,1,90.970538,99.0,60,55
2008,200819110,LSCS,2025,1,84.9728618,99.0,60,55
2008,200819110,LSTS,2025,1,76.9213781,99.0,60,55
2008,200819110,LNT1S,2025,1,79.027972,99.0,60,55
2008,200819110,LOBCS,2025,1,89.1962092,99.0,60,55
2008,200819110,LSEBCS,2025,1,88.1719651,99.0,60,55
2008,200819110,PWDOPENS,2025,1,64.3871019,99.0,60,55
2008,200819110,PWDOBCS,2025,1,3.7828281,99.0,60,55
2008,200819110,DEFOPENS,2025,1,89.0414266,99.0,60,55
2008,200819110,DEFOBCS,2025,1,53.2228937,99.0,60,55
2008,200819110,TFWS,2025,1,92.8376317,99.0,60,55
2008,200819110,PWDRSCS,2025,1,49.2256217,99.0,60,55
2008,200819110,DEFRVJS,2025,1,82.837277,99.0,60,55
2008,200819110,EWS,2025,1,69.8941051,99.0,60,55
2008,200819110,GOPENH,2025,1,94.372645,99.0,60,55
2008,200819110,GSCNH,2025,1,89.2303375,99.0,60,55
2008,200819110,GSTNH,2025,1,85.4732337,99.0,60,55
2008,200819110,GVJS,2025,1,93.462703,99.0,60,55
2008,200819110,GNT1S,2025,1,91.2158031,99.0,60,55
2008,200819110,GNT2S,2025,1,92.3471157,99.0,60,55
2008,200819110,GNT3S,2025,1,93.237161,99.0,60,55
2008,200819110,GOBCNH,2025,1,93.0716724,99.0,60,55
2008,200819110,GSEBCS,2025,1,92.2409094,99.0,60,55
2008,200819110,LOPENS,2025,1,95.022244,99.0,60,55
2008,200819110,LSCS,2025,1,83.1707575,99.0,60,55
2008,200819110,LSTS,2025,1,84.4852349,99.0,60,55
2008,200819110,LVJS,2025,1,83.1707575,99.0,60,55
2008,200819110,LNT1S,2025,1,90.0508521,99.0,60,55
2008,200819110,LNT2S,2025,1,91.2331407,99.0,60,55
2008,200819110,LOBCS,2025,1,92.2148897,99.0,60,55
2008,200819110,LSEBCS,2025,1,92.3369677,99.0,60,55
2008,200819110,PWDOPENS,2025,1,89.2347783,99.0,60,55
2008,200819110,DEFOPENS,2025,1,88.525902,99.0,60,55
2008,200819110,DEFOBCS,2025,1,47.7838912,99.0,60,55
2008,200819110,TFWS,2025,1,96.3555898,99.0,60,55
2008,200819110,PWDRSCS,2025,1,55.7542662,99.0,60,55
2008,200819110,DEFROBCS,2025,1,75.8548894,99.0,60,55
2008,200819110,EWS,2025,1,43.2064159,99.0,60,55
2008,200824210,GOPENH,2025,1,97.488382,99.0,60,55
2008,200824210,GSCNH,2025,1,94.4148845,99.0,60,55
2008,200824210,GSTNH,2025,1,80.4732503,99.0,60,55
2008,200824210,GVJS,2025,1,94.0716041,99.0,60,55
2008,200824210,GNT1S,2025,1,95.2586363,99.0,60,55
2008,200824210,GNT2S,2025,1,96.930212,99.0,60,55
2008,200824210,GOBCNH,2025,1,97.0940053,99.0,60,55
2008,200824210,GSEBCS,2025,1,96.8361464,99.0,60,55
2008,200824210,LOPENS,2025,1,96.7731969,99.0,60,55
2008,200824210,LSCS,2025,1,94.8405479,99.0,60,55
2008,200824210,LSTS,2025,1,91.9353149,99.0,60,55
2008,200824210,LVJS,2025,1,91.0465074,99.0,60,55
2008,200824210,LNT2S,2025,1,95.9989694,99.0,60,55
2008,200824210,LNT3S,2025,1,93.8434722,99.0,60,55
2008,200824210,LOBCS,2025,1,96.3986014,99.0,60,55
2008,200824210,LSEBCS,2025,1,95.9261851,99.0,60,55
2008,200824210,PWDOPENS,2025,1,92.3780367,99.0,60,55
2008,200824210,PWDOBCS,2025,1,77.161886,99.0,60,55
2008,200824210,DEFOPENS,2025,1,94.9084767,99.0,60,55
2008,200824210,DEFOBCS,2025,1,92.2299976,99.0,60,55
2008,200824210,TFWS,2025,1,98.4177884,99.0,60,55
2008,200824210,PWDRSCS,2025,1,79.8919296,99.0,60,55
2008,200824210,GOPENH,2025,1,97.6449135,99.0,60,55
2008,200824210,GSCNH,2025,1,94.9173586,99.0,60,55
2008,200824210,GSTNH,2025,1,82.6530612,99.0,60,55
2008,200824210,GVJS,2025,1,94.1950375,99.0,60,55
2008,200824210,GNT1S,2025,1,97.4729104,99.0,60,55
2008,200824210,GNT2S,2025,1,96.8804098,99.0,60,55
2008,200824210,GNT3S,2025,1,96.8036058,99.0,60,55
2008,200824210,GOBCNH,2025,1,97.3099865,99.0,60,55
2008,200824210,GSEBCS,2025,1,96.7828418,99.0,60,55
2008,200824210,LOPENS,2025,1,97.4328274,99.0,60,55
2008,200824210,LSCS,2025,1,94.9173586,99.0,60,55
2008,200824210,LSTS,2025,1,89.4256012,99.0,60,55
2008,200824210,LNT2S,2025,1,96.1068782,99.0,60,55
2008,200824210,LOBCS,2025,1,96.9883668,99.0,60,55
2008,200824210,LSEBCS,2025,1,96.9836134,99.0,60,55
2008,200824210,PWDOPENS,2025,1,80.78157,99.0,60,55
2008,200824210,PWDOBCS,2025,1,78.5981492,99.0,60,55
2008,200824210,DEFOPENS,2025,1,65.4076693,99.0,60,55
2008,200824210,DEFOBCS,2025,1,94.9146711,99.0,60,55
2008,200824210,TFWS,2025,1,98.5213678,99.0,60,55
2008,200824210,PWDROBCS,2025,1,78.890785,99.0,60,55
2008,200824210,DEFROBCS,2025,1,15.4472393,99.0,60,55
2008,200824210,EWS,2025,1,86.564971,99.0,60,55
2008,200824610,GOPENH,2025,1,96.3339223,99.0,60,55
2008,200824610,GSCNH,2025,1,92.0411007,99.0,60,55
2008,200824610,GSTNH,2025,1,62.918458,99.0,60,55
2008,200824610,GVJS,2025,1,92.9187706,99.0,60,55
2008,200824610,GNT1S,2025,1,94.111278,99.0,60,55
2008,200824610,GNT2S,2025,1,93.9119037,99.0,60,55
2008,200824610,GNT3S,2025,1,95.6179188,99.0,60,55
2008,200824610,GOBCNH,2025,1,96.0671999,99.0,60,55
2008,200824610,GSEBCS,2025,1,95.7237762,99.0,60,55
2008,200824610,LOPENS,2025,1,95.6741283,99.0,60,55
2008,200824610,LSCS,2025,1,92.7805181,99.0,60,55
2008,200824610,LSTS,2025,1,64.2631037,99.0,60,55
2008,200824610,LNT2S,2025,1,94.8405479,99.0,60,55
2008,200824610,LOBCS,2025,1,95.5725809,99.0,60,55
2008,200824610,LSEBCS,2025,1,95.1359923,99.0,60,55
2008,200824610,PWDOPENS,2025,1,89.51289,99.0,60,55
2008,200824610,PWDOBCS,2025,1,50.3223138,99.0,60,55
2008,200824610,DEFOPENS,2025,1,93.203117,99.0,60,55
2008,200824610,DEFOBCS,2025,1,86.9194446,99.0,60,55
2008,200824610,TFWS,2025,1,96.7467781,99.0,60,55
2008,200824610,GOPENH,2025,1,96.6545506,99.0,60,55
2008,200824610,GSCNH,2025,1,93.5949221,99.0,60,55
2008,200824610,GSTNH,2025,1,76.7952218,99.0,60,55
2008,200824610,GVJS,2025,1,93.7198237,99.0,60,55
2008,200824610,GNT1S,2025,1,94.7805374,99.0,60,55
2008,200824610,GNT2S,2025,1,95.4882902,99.0,60,55
2008,200824610,GOBCNH,2025,1,96.3496751,99.0,60,55
2008,200824610,GSEBCS,2025,1,96.4033464,99.0,60,55
2008,200824610,LOPENS,2025,1,96.6907341,99.0,60,55
2008,200824610,LSCS,2025,1,92.8132001,99.0,60,55
2008,200824610,LSTS,2025,1,80.4944215,99.0,60,55
2008,200824610,LVJS,2025,1,94.1950375,99.0,60,55
2008,200824610,LNT1S,2025,1,90.5979613,99.0,60,55
2008,200824610,LNT3S,2025,1,96.1068782,99.0,60,55
2008,200824610,LOBCS,2025,1,96.2623043,99.0,60,55
2008,200824610,LSEBCS,2025,1,95.9544923,99.0,60,55
2008,200824610,PWDOPENS,2025,1,82.7777778,99.0,60,55
2008,200824610,PWDOBCS,2025,1,61.114444,99.0,60,55
2008,200824610,DEFOPENS,2025,1,93.3993174,99.0,60,55
2008,200824610,DEFOBCS,2025,1,90.8211878,99.0,60,55
2008,200824610,TFWS,2025,1,96.996587,99.0,60,55
2008,200824610,PWDROBCS,2025,1,71.0421393,99.0,60,55
2008,200824610,DEFROBCS,2025,1,92.0068259,99.0,60,55
2008,200824610,EWS,2025,1,95.6763142,99.0,60,55
2008,200829310,GOPENH,2025,1,92.7307558,99.0,60,55
2008,200829310,GSCNH,2025,1,87.6831328,99.0,60,55
2008,200829310,GSTNH,2025,1,46.6242967,99.0,60,55
2008,200829310,GVJS,2025,1,87.9289094,99.0,60,55
2008,200829310,GNT1S,2025,1,87.9289094,99.0,60,55
2008,200829310,GNT2S,2025,1,86.9651776,99.0,60,55
2008,200829310,GNT3S,2025,1,89.51289,99.0,60,55
2008,200829310,GOBCNH,2025,1,92.0354593,99.0,60,55
2008,200829310,GSEBCS,2025,1,91.3131313,99.0,60,55
2008,200829310,LOPENS,2025,1,92.3826851,99.0,60,55
2008,200829310,LSCS,2025,1,84.5176078,99.0,60,55
2008,200829310,LSTS,2025,1,70.7504568,99.0,60,55
2008,200829310,LVJS,2025,1,88.3176594,99.0,60,55
2008,200829310,LNT1S,2025,1,86.6751751,99.0,60,55
2008,200829310,LNT3S,2025,1,90.8847092,99.0,60,55
2008,200829310,LOBCS,2025,1,91.7513251,99.0,60,55
2008,200829310,LSEBCS,2025,1,92.0891128,99.0,60,55
2008,200829310,PWDOPENS,2025,1,13.9509479,99.0,60,55
2008,200829310,DEFOPENS,2025,1,87.9289094,99.0,60,55
2008,200829310,DEFOBCS,2025,1,76.9322569,99.0,60,55
2008,200829310,TFWS,2025,1,94.6848871,99.0,60,55
2008,200829310,DEFROBCS,2025,1,82.777662,99.0,60,55
2008,200829310,EWS,2025,1,50.7016833,99.0,60,55
2008,200829310,GOPENH,2025,1,94.3811959,99.0,60,55
2008,200829310,GSCNH,2025,1,90.2925429,99.0,60,55
2008,200829310,GSTNH,2025,1,63.5901214,99.0,60,55
2008,200829310,GVJS,2025,1,90.9657321,99.0,60,55
2008,200829310,GNT1S,2025,1,93.0903303,99.0,60,55
2008,200829310,GNT2S,2025,1,90.7559146,99.0,60,55
2008,200829310,GNT3S,2025,1,93.4464908,99.0,60,55
2008,200829310,GOBCNH,2025,1,93.7060041,99.0,60,55
2008,200829310,GSEBCS,2025,1,93.9374669,99.0,60,55
2008,200829310,LOPENS,2025,1,93.3927676,99.0,60,55
2008,200829310,LSCS,2025,1,88.2977496,99.0,60,55
2008,200829310,LSTS,2025,1,74.6853954,99.0,60,55
2008,200829310,LNT2S,2025,1,88.7231708,99.0,60,55
2008,200829310,LOBCS,2025,1,92.2738405,99.0,60,55
2008,200829310,LSEBCS,2025,1,92.9781315,99.0,60,55
2008,200829310,PWDOPENS,2025,1,77.4501436,99.0,60,55
2008,200829310,PWDOBCS,2025,1,47.8532423,99.0,60,55
2008,200829310,DEFOPENS,2025,1,85.9003507,99.0,60,55
2008,200829310,DEFOBCS,2025,1,76.3172626,99.0,60,55
2008,200829310,TFWS,2025,1,94.3470195,99.0,60,55
2008,200829310,PWDRSEBCS,2025,1,59.4665021,99.0,60,55
2008,200829310,DEFRSEBCS,2025,1,83.7431799,99.0,60,55
2008,200829310,EWS,2025,1,92.2402301,99.0,60,55
2008,200837210,GOPENH,2025,1,95.0636221,99.0,60,55
2008,200837210,GSCNH,2025,1,89.6700597,99.0,60,55
2008,200837210,GSTNH,2025,1,64.7148712,99.0,60,55
2008,200837210,GVJS,2025,1,89.8231024,99.0,60,55
2008,200837210,GNT1S,2025,1,91.3084967,99.0,60,55
2008,200837210,GNT2S,2025,1,94.3452901,99.0,60,55
2008,200837210,GNT3S,2025,1,93.1055879,99.0,60,55
2008,200837210,GOBCNH,2025,1,94.4741287,99.0,60,55
2008,200837210,GSEBCS,2025,1,94.1814562,99.0,60,55
2008,200837210,LOPENS,2025,1,94.5862876,99.0,60,55
2008,200837210,LSCS,2025,1,89.1962092,99.0,60,55
2008,200837210,LSTS,2025,1,28.8537986,99.0,60,55
2008,200837210,LNT2S,2025,1,93.1561968,99.0,60,55
2008,200837210,LOBCS,2025,1,94.1811162,99.0,60,55
2008,200837210,LSEBCS,2025,1,94.1811162,99.0,60,55
2008,200837210,PWDOPENS,2025,1,56.5039753,99.0,60,55
2008,200837210,DEFOPENS,2025,1,92.2299976,99.0,60,55
2008,200837210,DEFOBCS,2025,1,85.9124978,99.0,60,55
2008,200837210,TFWS,2025,1,95.635667,99.0,60,55
2008,200837210,DEFROBCS,2025,1,86.4120225,99.0,60,55
2008,200837210,EWS,2025,1,91.7521019,99.0,60,55
2008,200837210,GOPENH,2025,1,95.7937272,99.0,60,55
2008,200837210,GSCNH,2025,1,91.0435718,99.0,60,55
2008,200837210,GSTNH,2025,1,65.9070599,99.0,60,55
2008,200837210,GVJS,2025,1,90.6279863,99.0,60,55
2008,200837210,GNT1S,2025,1,91.5631399,99.0,60,55
2008,200837210,GNT2S,2025,1,94.2531106,99.0,60,55
2008,200837210,GNT3S,2025,1,95.3795495,99.0,60,55
2008,200837210,GOBCNH,2025,1,95.343223,99.0,60,55
2008,200837210,GSEBCS,2025,1,94.9624784,99.0,60,55
2008,200837210,LOPENS,2025,1,95.9433601,99.0,60,55
2008,200837210,LSCS,2025,1,92.4095563,99.0,60,55
2008,200837210,LSTS,2025,1,68.8065641,99.0,60,55
2008,200837210,LVJS,2025,1,90.866765,99.0,60,55
2008,200837210,LNT1S,2025,1,89.7903443,99.0,60,55
2008,200837210,LNT2S,2025,1,91.6505265,99.0,60,55
2008,200837210,LOBCS,2025,1,95.3082494,99.0,60,55
2008,200837210,LSEBCS,2025,1,95.1933808,99.0,60,55
2008,200837210,PWDOPENS,2025,1,66.1911263,99.0,60,55
2008,200837210,PWDOBCS,2025,1,45.6611497,99.0,60,55
2008,200837210,DEFOPENS,2025,1,89.3287171,99.0,60,55
2008,200837210,DEFOBCS,2025,1,82.9464759,99.0,60,55
2008,200837210,TFWS,2025,1,96.2091503,99.0,60,55
2008,200837210,PWDROBCS,2025,1,58.1924692,99.0,60,55
2008,200837210,DEFROBCS,2025,1,86.2729883,99.0,60,55
2008,200837210,EWS,2025,1,93.7198237,99.0,60,55
2008,200861210,GOPENH,2025,1,93.203117,99.0,60,55
2008,200861210,GSCNH,2025,1,85.4112341,99.0,60,55
2008,200861210,GSTNH,2025,1,42.9247346,99.0,60,55
2008,200861210,GVJS,2025,1,85.0571556,99.0,60,55
2008,200861210,GNT2S,2025,1,87.0316109,99.0,60,55
2008,200861210,GNT3S,2025,1,92.52184,99.0,60,55
2008,200861210,GOBCNH,2025,1,91.3084967,99.0,60,55
2008,200861210,GSEBCS,2025,1,90.7235685,99.0,60,55
2008,200861210,LOPENS,2025,1,90.6536517,99.0,60,55
2008,200861210,LSCS,2025,1,86.6223776,99.0,60,55
2008,200861210,LSTS,2025,1,29.5314685,99.0,60,55
2008,200861210,LVJS,2025,1,68.9620341,99.0,60,55
2008,200861210,LNT1S,2025,1,85.2053352,99.0,60,55
2008,200861210,LOBCS,2025,1,88.7823852,99.0,60,55
2008,200861210,LSEBCS,2025,1,88.5033286,99.0,60,55
2008,200861210,PWDOPENS,2025,1,40.6822054,99.0,60,55
2008,200861210,DEFOPENS,2025,1,90.3566434,99.0,60,55
2008,200861210,DEFOBCS,2025,1,73.2612864,99.0,60,55
2008,200861210,TFWS,2025,1,94.1659305,99.0,60,55
2008,200861210,DEFROBCS,2025,1,85.1919561,99.0,60,55
2008,200861210,EWS,2025,1,88.9550679,99.0,60,55
2008,200861210,GOPENH,2025,1,95.7070884,99.0,60,55
2008,200861210,GSCNH,2025,1,88.070986,99.0,60,55
2008,200861210,GSTNH,2025,1,63.003413,99.0,60,55
2008,200861210,GVJS,2025,1,88.5427828,99.0,60,55
2008,200861210,GNT1S,2025,1,89.657308,99.0,60,55
2008,200861210,GNT2S,2025,1,90.7559146,99.0,60,55
2008,200861210,GNT3S,2025,1,93.4464908,99.0,60,55
2008,200861210,GOBCNH,2025,1,94.2471177,99.0,60,55
2008,200861210,GSEBCS,2025,1,93.442623,99.0,60,55
2008,200861210,LOPENS,2025,1,94.9430074,99.0,60,55
2008,200861210,LSCS,2025,1,84.9389417,99.0,60,55
2008,200861210,LSTS,2025,1,78.975446,99.0,60,55
2008,200861210,LNT3S,2025,1,91.1602633,99.0,60,55
2008,200861210,LOBCS,2025,1,94.2967096,99.0,60,55
2008,200861210,LSEBCS,2025,1,90.9612775,99.0,60,55
2008,200861210,PWDOPENS,2025,1,64.1499185,99.0,60,55
2008,200861210,PWDOBCS,2025,1,5.433669,99.0,60,55
2008,200861210,DEFOPENS,2025,1,92.9703046,99.0,60,55
2008,200861210,DEFOBCS,2025,1,78.8262695,99.0,60,55
2008,200861210,TFWS,2025,1,94.963529,99.0,60,55
2008,200861210,DEFRSEBCS,2025,1,81.7656352,99.0,60,55
2008,200861210,EWS,2025,1,91.7505571,99.0,60,55
2015,201524510,DEFOPENS,2025,1,26.6274079,99.0,60,55
2015,201524510,DEFOBCS,2025,1,7.7370436,99.0,60,55
2015,201524510,TFWS,2025,1,91.7513251,99.0,60,55
2015,201524510,EWS,2025,1,16.6909773,99.0,60,55
2015,201524510,DEFOPENS,2025,1,64.5293156,99.0,60,55
2015,201524510,TFWS,2025,1,92.8132001,99.0,60,55
2015,201524510,EWS,2025,1,83.9561363,99.0,60,55
2015,201537210,TFWS,2025,1,85.2053352,99.0,60,55
2015,201537210,EWS,2025,1,64.3453843,99.0,60,55
2015,201537210,TFWS,2025,1,82.5187713,99.0,60,55
2015,201537210,EWS,2025,1,74.8088122,99.0,60,55
2015,201599510,DEFOPENS,2025,1,49.3416227,99.0,60,55
2015,201599510,TFWS,2025,1,84.6429815,99.0,60,55
2015,201599510,EWS,2025,1,75.6538462,99.0,60,55
2015,201599510,TFWS,2025,1,87.2593857,99.0,60,55
2015,201599510,EWS,2025,1,75.9743237,99.0,60,55
2020,202019110,GOPENH,2025,1,88.2544975,99.0,60,55
2020,202019110,GSCNH,2025,1,79.9072027,99.0,60,55
2020,202019110,GSTNH,2025,1,76.7635852,99.0,60,55
2020,202019110,GVJS,2025,1,85.113912,99.0,60,55
2020,202019110,GNT1S,2025,1,81.6453226,99.0,60,55
2020,202019110,GNT2S,2025,1,85.2215842,99.0,60,55
2020,202019110,GNT3S,2025,1,84.8736599,99.0,60,55
2020,202019110,GOBCNH,2025,1,86.6718198,99.0,60,55
2020,202019110,GSEBCS,2025,1,83.7934335,99.0,60,55
2020,202019110,LOPENS,2025,1,89.8391608,99.0,60,55
2020,202019110,LSCS,2025,1,81.6328671,99.0,60,55
2020,202019110,LSTS,2025,1,50.9683037,99.0,60,55
2020,202019110,LNT2S,2025,1,85.5729148,99.0,60,55
2020,202019110,LOBCS,2025,1,87.3181818,99.0,60,55
2020,202019110,LSEBCS,2025,1,84.7618697,99.0,60,55
2020,202019110,PWDOPENS,2025,1,53.2228937,99.0,60,55
2020,202019110,DEFOPENS,2025,1,74.9785452,99.0,60,55
2020,202019110,TFWS,2025,1,93.5279941,99.0,60,55
2020,202019110,EWS,2025,1,51.1762787,99.0,60,55
2020,202019110,GOPENH,2025,1,91.4806522,99.0,60,55
2020,202019110,GSCNH,2025,1,83.73706,99.0,60,55
2020,202019110,GSTNH,2025,1,70.8903389,99.0,60,55
2020,202019110,GVJS,2025,1,87.9735649,99.0,60,55
2020,202019110,GNT1S,2025,1,90.966814,99.0,60,55
2020,202019110,GNT2S,2025,1,88.8686273,99.0,60,55
2020,202019110,GNT3S,2025,1,90.866765,99.0,60,55
2020,202019110,GOBCNH,2025,1,90.6279863,99.0,60,55
2020,202019110,GSEBCS,2025,1,90.8571649,99.0,60,55
2020,202019110,LOPENS,2025,1,91.1718238,99.0,60,55
2020,202019110,LSCS,2025,1,83.7431799,99.0,60,55
2020,202019110,LSTS,2025,1,73.2860799,99.0,60,55
2020,202019110,LVJS,2025,1,81.8599034,99.0,60,55
2020,202019110,LNT2S,2025,1,90.9727817,99.0,60,55
2020,202019110,LOBCS,2025,1,89.5119454,99.0,60,55
2020,202019110,LSEBCS,2025,1,89.2347783,99.0,60,55
2020,202019110,PWDOPENS,2025,1,27.1206001,99.0,60,55
2020,202019110,DEFOPENS,2025,1,54.2626684,99.0,60,55
2020,202019110,DEFOBCS,2025,1,35.508346,99.0,60,55
2020,202019110,TFWS,2025,1,94.2477571,99.0,60,55
2020,202019110,DEFRSEBCS,2025,1,48.6512524,99.0,60,55
2020,202019110,EWS,2025,1,86.2660493,99.0,60,55
2020,202024210,GOPENH,2025,1,96.4091902,99.0,60,55
2020,202024210,GSCNH,2025,1,92.6886627,99.0,60,55
2020,202024210,GSTNH,2025,1,71.5562808,99.0,60,55
2020,202024210,GVJS,2025,1,94.2587413,99.0,60,55
2020,202024210,GNT1S,2025,1,95.868115,99.0,60,55
2020,202024210,GNT2S,2025,1,93.9467062,99.0,60,55
2020,202024210,GNT3S,2025,1,95.2407244,99.0,60,55
2020,202024210,GOBCNH,2025,1,95.868115,99.0,60,55
2020,202024210,GSEBCS,2025,1,95.8450956,99.0,60,55
2020,202024210,LOPENS,2025,1,95.8806117,99.0,60,55
2020,202024210,LSCS,2025,1,92.933589,99.0,60,55
2020,202024210,LSTS,2025,1,76.8973331,99.0,60,55
2020,202024210,LVJS,2025,1,93.8493242,99.0,60,55
2020,202024210,LNT1S,2025,1,92.2575417,99.0,60,55
2020,202024210,LNT2S,2025,1,94.434629,99.0,60,55
2020,202024210,LNT3S,2025,1,95.5106068,99.0,60,55
2020,202024210,LOBCS,2025,1,95.6472486,99.0,60,55
2020,202024210,LSEBCS,2025,1,95.7427005,99.0,60,55
2020,202024210,PWDOPENS,2025,1,64.7148712,99.0,60,55
2020,202024210,PWDOBCS,2025,1,54.1537389,99.0,60,55
2020,202024210,DEFOPENS,2025,1,90.8403987,99.0,60,55
2020,202024210,DEFSCS,2025,1,72.6730266,99.0,60,55
2020,202024210,DEFOBCS,2025,1,90.5159705,99.0,60,55
2020,202024210,DEFSEBCS,2025,1,62.918458,99.0,60,55
2020,202024210,TFWS,2025,1,96.8888574,99.0,60,55
2020,202024210,PWDRNT3S,2025,1,56.8426573,99.0,60,55
2020,202024210,DEFROBCS,2025,1,88.5573886,99.0,60,55
2020,202024210,EWS,2025,1,53.2228937,99.0,60,55
2020,202024210,GOPENH,2025,1,97.1637483,99.0,60,55
2020,202024210,GSCNH,2025,1,92.9781315,99.0,60,55
2020,202024210,GSTNH,2025,1,76.973775,99.0,60,55
2020,202024210,GVJS,2025,1,96.1680205,99.0,60,55
2020,202024210,GNT1S,2025,1,95.0252399,99.0,60,55
2020,202024210,GNT2S,2025,1,96.5024907,99.0,60,55
2020,202024210,GNT3S,2025,1,96.8936433,99.0,60,55
2020,202024210,GOBCNH,2025,1,96.6966757,99.0,60,55
2020,202024210,GSEBCS,2025,1,96.5873016,99.0,60,55
2020,202024210,LOPENS,2025,1,96.7842505,99.0,60,55
2020,202024210,LSCS,2025,1,91.4802758,99.0,60,55
2020,202024210,LSTS,2025,1,78.1913582,99.0,60,55
2020,202024210,LVJS,2025,1,96.4650004,99.0,60,55
2020,202024210,LNT1S,2025,1,96.3170599,99.0,60,55
2020,202024210,LNT2S,2025,1,94.243738,99.0,60,55
2020,202024210,LNT3S,2025,1,95.1577916,99.0,60,55
2020,202024210,LOBCS,2025,1,96.3722342,99.0,60,55
2020,202024210,LSEBCS,2025,1,96.3170599,99.0,60,55
2020,202024210,PWDOPENS,2025,1,85.9212092,99.0,60,55
2020,202024210,PWDSCS,2025,1,52.8560653,99.0,60,55
2020,202024210,PWDOBCS,2025,1,59.2474828,99.0,60,55
2020,202024210,PWDSEBCS,2025,1,76.3172626,99.0,60,55
2020,202024210,DEFOPENS,2025,1,93.3747412,99.0,60,55
2020,202024210,DEFSCS,2025,1,74.6516923,99.0,60,55
2020,202024210,DEFOBCS,2025,1,89.9742931,99.0,60,55
2020,202024210,DEFSEBCS,2025,1,86.9330662,99.0,60,55
2020,202024210,TFWS,2025,1,97.8090928,99.0,60,55
2020,202024210,PWDRSEBCS,2025,1,81.5923479,99.0,60,55
2020,202024210,DEFRNT3S,2025,1,91.6438644,99.0,60,55
2020,202024610,GOPENH,2025,1,95.7536628,99.0,60,55
2020,202024610,GSCNH,2025,1,90.8847092,99.0,60,55
2020,202024610,GSTNH,2025,1,65.3084343,99.0,60,55
2020,202024610,GVJS,2025,1,92.0411007,99.0,60,55
2020,202024610,GNT2S,2025,1,93.8708608,99.0,60,55
2020,202024610,GOBCNH,2025,1,95.5703402,99.0,60,55
2020,202024610,GSEBCS,2025,1,95.3315123,99.0,60,55
2020,202024610,LOPENS,2025,1,95.5725809,99.0,60,55
2020,202024610,LSCS,2025,1,91.4198717,99.0,60,55
2020,202024610,LSTS,2025,1,70.5005064,99.0,60,55
2020,202024610,LVJS,2025,1,87.1431548,99.0,60,55
2020,202024610,LNT1S,2025,1,90.970538,99.0,60,55
2020,202024610,LNT3S,2025,1,94.5862876,99.0,60,55
2020,202024610,LOBCS,2025,1,95.2509653,99.0,60,55
2020,202024610,LSEBCS,2025,1,95.2281725,99.0,60,55
2020,202024610,PWDOPENS,2025,1,63.4714222,99.0,60,55
2020,202024610,PWDOBCS,2025,1,10.8523619,99.0,60,55
2020,202024610,DEFOPENS,2025,1,90.1404001,99.0,60,55
2020,202024610,DEFOBCS,2025,1,84.1437716,99.0,60,55
2020,202024610,TFWS,2025,1,96.4685376,99.0,60,55
2020,202024610,GOPENH,2025,1,96.3919151,99.0,60,55
2020,202024610,GSCNH,2025,1,92.2153383,99.0,60,55
2020,202024610,GSTNH,2025,1,70.4097117,99.0,60,55
2020,202024610,GVJS,2025,1,95.7805094,99.0,60,55
2020,202024610,GNT2S,2025,1,96.389325,99.0,60,55
2020,202024610,GNT3S,2025,1,95.1724675,99.0,60,55
2020,202024610,GOBCNH,2025,1,96.1393231,99.0,60,55
2020,202024610,GSEBCS,2025,1,96.3129908,99.0,60,55
2020,202024610,LOPENS,2025,1,96.3129908,99.0,60,55
2020,202024610,LSCS,2025,1,91.0668866,99.0,60,55
2020,202024610,LSTS,2025,1,59.2443064,99.0,60,55
2020,202024610,LVJS,2025,1,95.1113117,99.0,60,55
2020,202024610,LNT1S,2025,1,92.6489748,99.0,60,55
2020,202024610,LNT2S,2025,1,93.9120113,99.0,60,55
2020,202024610,LOBCS,2025,1,96.1068782,99.0,60,55
2020,202024610,LSEBCS,2025,1,95.7033017,99.0,60,55
2020,202024610,PWDOPENS,2025,1,81.643697,99.0,60,55
2020,202024610,PWDOBCS,2025,1,37.8307719,99.0,60,55
2020,202024610,DEFOPENS,2025,1,90.6918865,99.0,60,55
2020,202024610,DEFOBCS,2025,1,84.8637817,99.0,60,55
2020,202024610,TFWS,2025,1,96.3433097,99.0,60,55
2020,202024610,PWDRSEBCS,2025,1,70.0706138,99.0,60,55
2020,202024610,DEFROBCS,2025,1,88.1535836,99.0,60,55
2020,202024610,EWS,2025,1,95.0252399,99.0,60,55
2020,202029310,GOPENH,2025,1,92.5745163,99.0,60,55
2020,202029310,GSCNH,2025,1,85.5729148,99.0,60,55
2020,202029310,GSTNH,2025,1,45.9245973,99.0,60,55
2020,202029310,GNT1S,2025,1,89.2945239,99.0,60,55
2020,202029310,GNT2S,2025,1,87.7787039,99.0,60,55
2020,202029310,GOBCNH,2025,1,91.3523651,99.0,60,55
2020,202029310,GSEBCS,2025,1,90.8403987,99.0,60,55
2020,202029310,LOPENS,2025,1,91.699564,99.0,60,55
2020,202029310,LSTS,2025,1,24.6987745,99.0,60,55
2020,202029310,LNT2S,2025,1,89.2739334,99.0,60,55
2020,202029310,LOBCS,2025,1,90.4894438,99.0,60,55
2020,202029310,LSEBCS,2025,1,91.3015715,99.0,60,55
2020,202029310,TFWS,2025,1,92.1231015,99.0,60,55
2020,202029310,DEFROBCS,2025,1,70.5005064,99.0,60,55
2020,202029310,EWS,2025,1,87.6831328,99.0,60,55
2020,202029310,GOPENH,2025,1,94.5016522,99.0,60,55
2020,202029310,GSCNH,2025,1,88.9445493,99.0,60,55
2020,202029310,GSTNH,2025,1,94.333639,99.0,60,55
2020,202029310,GVJS,2025,1,92.7467219,99.0,60,55
2020,202029310,GNT1S,2025,1,91.8983104,99.0,60,55
2020,202029310,GNT2S,2025,1,92.0393375,99.0,60,55
2020,202029310,GOBCNH,2025,1,94.2471177,99.0,60,55
2020,202029310,GSEBCS,2025,1,93.4790313,99.0,60,55
2020,202029310,LOPENS,2025,1,94.3971331,99.0,60,55
2020,202029310,LSCS,2025,1,94.2691204,99.0,60,55
2020,202029310,LOBCS,2025,1,93.8558913,99.0,60,55
2020,202029310,LSEBCS,2025,1,93.887286,99.0,60,55
2020,202029310,TFWS,2025,1,94.243738,99.0,60,55
2020,202029310,PWDROBCS,2025,1,45.1152324,99.0,60,55
2020,202029310,DEFRSEBCS,2025,1,69.8506426,99.0,60,55
2020,202029310,EWS,2025,1,92.1611438,99.0,60,55
2020,202029310,EWS,2025,1,95.7070884,99.0,60,55
2020,202037210,GOPENH,2025,1,93.9119037,99.0,60,55
2020,202037210,GSCNH,2025,1,88.188033,99.0,60,55
2020,202037210,GSTNH,2025,1,35.1590106,99.0,60,55
2020,202037210,GVJS,2025,1,88.7615737,99.0,60,55
2020,202037210,GNT1S,2025,1,91.1459607,99.0,60,55
2020,202037210,GNT2S,2025,1,92.8465713,99.0,60,55
2020,202037210,GNT3S,2025,1,91.3593874,99.0,60,55
2020,202037210,GOBCNH,2025,1,93.1048951,99.0,60,55
2020,202037210,GSEBCS,2025,1,92.5745163,99.0,60,55
2020,202037210,LOPENS,2025,1,93.515499,99.0,60,55
2020,202037210,LSCS,2025,1,87.1376478,99.0,60,55
2020,202037210,LSTS,2025,1,47.8905633,99.0,60,55
2020,202037210,LVJS,2025,1,83.4741816,99.0,60,55
2020,202037210,LNT1S,2025,1,89.3412389,99.0,60,55
2020,202037210,LNT2S,2025,1,93.1055879,99.0,60,55
2020,202037210,LOBCS,2025,1,92.6059167,99.0,60,55
2020,202037210,LSEBCS,2025,1,92.6752061,99.0,60,55
2020,202037210,PWDOPENS,2025,1,22.8933117,99.0,60,55
2020,202037210,DEFOPENS,2025,1,80.8599071,99.0,60,55
2020,202037210,DEFSCS,2025,1,60.634478,99.0,60,55
2020,202037210,DEFOBCS,2025,1,80.602179,99.0,60,55
2020,202037210,TFWS,2025,1,94.4741287,99.0,60,55
2020,202037210,DEFROBCS,2025,1,75.1620214,99.0,60,55
2020,202037210,EWS,2025,1,91.051072,99.0,60,55
2020,202037210,GOPENH,2025,1,95.1330171,99.0,60,55
2020,202037210,GSCNH,2025,1,89.4256012,99.0,60,55
2020,202037210,GSTNH,2025,1,64.1499185,99.0,60,55
2020,202037210,GVJS,2025,1,93.4491576,99.0,60,55
2020,202037210,GNT1S,2025,1,94.6756384,99.0,60,55
2020,202037210,GNT2S,2025,1,93.3747412,99.0,60,55
2020,202037210,GNT3S,2025,1,94.9408232,99.0,60,55
2020,202037210,GOBCNH,2025,1,94.5553041,99.0,60,55
2020,202037210,GSEBCS,2025,1,94.2691204,99.0,60,55
2020,202037210,LOPENS,2025,1,94.9817832,99.0,60,55
2020,202037210,LSCS,2025,1,89.451403,99.0,60,55
2020,202037210,LSTS,2025,1,47.4563898,99.0,60,55
2020,202037210,LVJS,2025,1,91.2331407,99.0,60,55
2020,202037210,LNT1S,2025,1,90.7163631,99.0,60,55
2020,202037210,LNT2S,2025,1,94.1948569,99.0,60,55
2020,202037210,LNT3S,2025,1,91.1313556,99.0,60,55
2020,202037210,LOBCS,2025,1,94.4264691,99.0,60,55
2020,202037210,LSEBCS,2025,1,94.5733788,99.0,60,55
2020,202037210,PWDOPENS,2025,1,58.1324148,99.0,60,55
2020,202037210,DEFOPENS,2025,1,85.0803043,99.0,60,55
2020,202037210,DEFSCS,2025,1,60.9157012,99.0,60,55
2020,202037210,DEFOBCS,2025,1,82.0388536,99.0,60,55
2020,202037210,DEFSEBCS,2025,1,70.9390112,99.0,60,55
2020,202037210,TFWS,2025,1,95.7405512,99.0,60,55
2020,202037210,DEFRNT1S,2025,1,84.6586561,99.0,60,55
2020,202037210,EWS,2025,1,93.276493,99.0,60,55
2020,202046610,GOPENH,2025,1,90.8403987,99.0,60,55
2020,202046610,GSCNH,2025,1,82.1319232,99.0,60,55
2020,202046610,GSTNH,2025,1,67.217709,99.0,60,55
2020,202046610,GNT1S,2025,1,86.7181467,99.0,60,55
2020,202046610,GNT2S,2025,1,88.188033,99.0,60,55
2020,202046610,GOBCNH,2025,1,90.1551333,99.0,60,55
2020,202046610,GSEBCS,2025,1,89.1476381,99.0,60,55
2020,202046610,LOPENS,2025,1,90.249489,99.0,60,55
2020,202046610,LSCS,2025,1,75.652265,99.0,60,55
2020,202046610,LSTS,2025,1,51.7009371,99.0,60,55
2020,202046610,LVJS,2025,1,80.4732503,99.0,60,55
2020,202046610,LNT3S,2025,1,89.2727273,99.0,60,55
2020,202046610,LOBCS,2025,1,89.1725752,99.0,60,55
2020,202046610,LSEBCS,2025,1,79.6986029,99.0,60,55
2020,202046610,DEFOPENS,2025,1,91.8738016,99.0,60,55
2020,202046610,TFWS,2025,1,79.027972,99.0,60,55
2020,202046610,DEFROBCS,2025,1,87.687217,99.0,60,55
2020,202046610,EWS,2025,1,29.0442453,99.0,60,55
2020,202046610,GOPENH,2025,1,93.0779848,99.0,60,55
2020,202046610,GSCNH,2025,1,88.5427828,99.0,60,55
2020,202046610,GSTNH,2025,1,57.4188806,99.0,60,55
2020,202046610,GVJS,2025,1,86.6676057,99.0,60,55
2020,202046610,GNT1S,2025,1,91.3672693,99.0,60,55
2020,202046610,GOBCNH,2025,1,92.0888164,99.0,60,55
2020,202046610,GSEBCS,2025,1,92.0068259,99.0,60,55
2020,202046610,LOPENS,2025,1,92.9443952,99.0,60,55
2020,202046610,LSCS,2025,1,90.0196524,99.0,60,55
2020,202046610,LSTS,2025,1,46.2039046,99.0,60,55
2020,202046610,LNT2S,2025,1,92.8766596,99.0,60,55
2020,202046610,LOBCS,2025,1,91.6438644,99.0,60,55
2020,202046610,LSEBCS,2025,1,91.6804693,99.0,60,55
2020,202046610,DEFOPENS,2025,1,77.937978,99.0,60,55
2020,202046610,TFWS,2025,1,94.1906967,99.0,60,55
2020,202046610,DEFROBCS,2025,1,73.0237189,99.0,60,55
2020,202046610,EWS,2025,1,90.1004135,99.0,60,55
2020,202050710,GOPENH,2025,1,90.6674583,99.0,60,55
2020,202050710,GSCNH,2025,1,85.9124978,99.0,60,55
2020,202050710,GSTNH,2025,1,38.3392226,99.0,60,55
2020,202050710,GVJS,2025,1,76.8973331,99.0,60,55
2020,202050710,GOBCNH,2025,1,87.3181818,99.0,60,55
2020,202050710,GSEBCS,2025,1,85.1919561,99.0,60,55
2020,202050710,LOPENS,2025,1,91.699564,99.0,60,55
2020,202050710,LSCS,2025,1,81.9705913,99.0,60,55
2020,202050710,LSTS,2025,1,50.8281802,99.0,60,55
2020,202050710,LNT2S,2025,1,53.6771201,99.0,60,55
2020,202050710,LOBCS,2025,1,85.6421968,99.0,60,55
2020,202050710,LSEBCS,2025,1,84.7618697,99.0,60,55
2020,202050710,TFWS,2025,1,92.7805181,99.0,60,55
2020,202050710,EWS,2025,1,81.5804905,99.0,60,55
2020,202050710,GOPENH,2025,1,91.4174744,99.0,60,55
2020,202050710,GSCNH,2025,1,84.2510483,99.0,60,55
2020,202050710,GSTNH,2025,1,41.7620841,99.0,60,55
2020,202050710,GNT1S,2025,1,83.73706,99.0,60,55
2020,202050710,GNT2S,2025,1,86.3037543,99.0,60,55
2020,202050710,GOBCNH,2025,1,90.1218002,99.0,60,55
2020,202050710,GSEBCS,2025,1,90.112628,99.0,60,55
2020,202050710,LOPENS,2025,1,93.1255955,99.0,60,55
2020,202050710,LSCS,2025,1,87.2379152,99.0,60,55
2020,202050710,LNT3S,2025,1,76.2668468,99.0,60,55
2020,202050710,LOBCS,2025,1,90.5728815,99.0,60,55
2020,202050710,LSEBCS,2025,1,90.6279863,99.0,60,55
2020,202050710,TFWS,2025,1,91.4865131,99.0,60,55
2020,202050710,DEFROBCS,2025,1,25.3041937,99.0,60,55
2020,202050710,EWS,2025,1,87.730083,99.0,60,55
2020,202060610,GOPENH,2025,1,78.4242636,99.0,60,55
2020,202060610,GSCNH,2025,1,63.3986014,99.0,60,55
2020,202060610,GSTNH,2025,1,20.6428039,99.0,60,55
2020,202060610,GVJS,2025,1,76.7694659,99.0,60,55
2020,202060610,GNT1S,2025,1,77.9513058,99.0,60,55
2020,202060610,GNT2S,2025,1,65.5190641,99.0,60,55
2020,202060610,GNT3S,2025,1,58.8994542,99.0,60,55
2020,202060610,GOBCNH,2025,1,74.0094972,99.0,60,55
2020,202060610,GSEBCS,2025,1,71.173087,99.0,60,55
2020,202060610,LOPENS,2025,1,79.7185003,99.0,60,55
2020,202060610,LSCS,2025,1,58.2180677,99.0,60,55
2020,202060610,LNT1S,2025,1,51.1762787,99.0,60,55
2020,202060610,LOBCS,2025,1,77.9513058,99.0,60,55
2020,202060610,LSEBCS,2025,1,72.7429418,99.0,60,55
2020,202060610,TFWS,2025,1,75.1716925,99.0,60,55
2020,202060610,EWS,2025,1,74.5404987,99.0,60,55
2020,202060610,GOPENH,2025,1,85.3954204,99.0,60,55
2020,202060610,GSCNH,2025,1,78.1913582,99.0,60,55
2020,202060610,GVJS,2025,1,80.9705409,99.0,60,55
2020,202060610,GNT2S,2025,1,81.9712626,99.0,60,55
2020,202060610,GNT3S,2025,1,81.2365306,99.0,60,55
2020,202060610,GOBCNH,2025,1,83.1707575,99.0,60,55
2020,202060610,GSEBCS,2025,1,83.4527296,99.0,60,55
2020,202060610,LOPENS,2025,1,86.2729883,99.0,60,55
2020,202060610,LSCS,2025,1,76.131941,99.0,60,55
2020,202060610,LVJS,2025,1,64.2198294,99.0,60,55
2020,202060610,LNT1S,2025,1,62.5282864,99.0,60,55
2020,202060610,LOBCS,2025,1,83.7030299,99.0,60,55
2020,202060610,LSEBCS,2025,1,85.6921506,99.0,60,55
2020,202060610,DEFOPENS,2025,1,15.6344619,99.0,60,55
2020,202060610,TFWS,2025,1,90.3566145,99.0,60,55
2020,202060610,DEFRSEBCS,2025,1,42.4145111,99.0,60,55
2020,202060610,EWS,2025,1,81.6656822,99.0,60,55
2020,202061210,GOPENH,2025,1,89.2945239,99.0,60,55
2020,202061210,GSCNH,2025,1,80.9669596,99.0,60,55
2020,202061210,GSTNH,2025,1,50.7016833,99.0,60,55
2020,202061210,GVJS,2025,1,88.188033,99.0,60,55
2020,202061210,GNT1S,2025,1,86.2326458,99.0,60,55
2020,202061210,GNT2S,2025,1,85.9982332,99.0,60,55
2020,202061210,GNT3S,2025,1,84.0903324,99.0,60,55
2020,202061210,GOBCNH,2025,1,88.7700729,99.0,60,55
2020,202061210,GSEBCS,2025,1,85.977536,99.0,60,55
2020,202061210,LOPENS,2025,1,87.4115391,99.0,60,55
2020,202061210,LSCS,2025,1,79.4832155,99.0,60,55
2020,202061210,LSTS,2025,1,67.8236662,99.0,60,55
2020,202061210,LVJS,2025,1,77.0149774,99.0,60,55
2020,202061210,LNT2S,2025,1,85.977536,99.0,60,55
2020,202061210,LOBCS,2025,1,84.8660601,99.0,60,55
2020,202061210,LSEBCS,2025,1,32.3446384,99.0,60,55
2020,202061210,PWDOPENS,2025,1,74.0094972,99.0,60,55
2020,202061210,DEFOPENS,2025,1,38.7925588,99.0,60,55
2020,202061210,DEFOBCS,2025,1,90.588192,99.0,60,55
2020,202061210,TFWS,2025,1,67.1459332,99.0,60,55
2020,202061210,DEFROBCS,2025,1,79.7946282,99.0,60,55
2020,202061210,EWS,2025,1,32.1281783,99.0,60,55
2020,202061210,GOPENH,2025,1,93.4220277,99.0,60,55
2020,202061210,GSCNH,2025,1,88.8686273,99.0,60,55
2020,202061210,GSTNH,2025,1,57.0044084,99.0,60,55
2020,202061210,GVJS,2025,1,92.5132937,99.0,60,55
2020,202061210,GNT1S,2025,1,91.3857287,99.0,60,55
2020,202061210,GNT2S,2025,1,90.5659048,99.0,60,55
2020,202061210,GNT3S,2025,1,92.6489748,99.0,60,55
2020,202061210,GOBCNH,2025,1,93.0166968,99.0,60,55
2020,202061210,GSEBCS,2025,1,91.3857287,99.0,60,55
2020,202061210,LOPENS,2025,1,92.5914149,99.0,60,55
2020,202061210,LSCS,2025,1,84.4412567,99.0,60,55
2020,202061210,LSTS,2025,1,46.2039046,99.0,60,55
2020,202061210,LVJS,2025,1,72.4223602,99.0,60,55
2020,202061210,LNT2S,2025,1,85.129786,99.0,60,55
2020,202061210,LOBCS,2025,1,91.8983104,99.0,60,55
2020,202061210,LSEBCS,2025,1,91.0135161,99.0,60,55
2020,202061210,PWDOPENS,2025,1,40.6688911,99.0,60,55
2020,202061210,DEFOPENS,2025,1,88.1535836,99.0,60,55
2020,202061210,DEFOBCS,2025,1,54.7674174,99.0,60,55
2020,202061210,TFWS,2025,1,95.4482415,99.0,60,55
2020,202061210,DEFROBCS,2025,1,59.950946,99.0,60,55
2020,202061210,EWS,2025,1,89.1809567,99.0,60,55
2020,202089610,GOPENH,2025,1,81.7705077,99.0,60,55
2020,202089610,GSCNH,2025,1,75.4880541,99.0,60,55
2020,202089610,GVJS,2025,1,71.6607627,99.0,60,55
2020,202089610,GNT1S,2025,1,81.0403668,99.0,60,55
2020,202089610,GNT2S,2025,1,75.6075065,99.0,60,55
2020,202089610,GOBCNH,2025,1,78.4342571,99.0,60,55
2020,202089610,GSEBCS,2025,1,79.7946282,99.0,60,55
2020,202089610,LOPENS,2025,1,81.2846613,99.0,60,55
2020,202089610,LOBCS,2025,1,80.602179,99.0,60,55
2020,202089610,LSEBCS,2025,1,75.1620214,99.0,60,55
2020,202089610,TFWS,2025,1,87.3029561,99.0,60,55
2020,202089610,EWS,2025,1,71.173087,99.0,60,55
2020,202089610,GOPENH,2025,1,87.9735649,99.0,60,55
2020,202089610,GSCNH,2025,1,78.4082225,99.0,60,55
2020,202089610,GSTNH,2025,1,45.6611497,99.0,60,55
2020,202089610,GVJS,2025,1,54.96898,99.0,60,55
2020,202089610,GNT2S,2025,1,81.9314642,99.0,60,55
2020,202089610,GOBCNH,2025,1,85.0853734,99.0,60,55
2020,202089610,GSEBCS,2025,1,86.3482671,99.0,60,55
2020,202089610,LOPENS,2025,1,88.8600683,99.0,60,55
2020,202089610,LSCS,2025,1,84.0343736,99.0,60,55
2020,202089610,LSTS,2025,1,56.6825649,99.0,60,55
2020,202089610,LNT3S,2025,1,72.8027463,99.0,60,55
2020,202089610,LOBCS,2025,1,87.4032298,99.0,60,55
2020,202089610,TFWS,2025,1,88.8600683,99.0,60,55
2020,202089610,EWS,2025,1,79.3794141,99.0,60,55
2021,202150310,EWS,2025,1,96.3785856,99.0,60,55
2021,202150310,TFWS,2025,1,96.6430376,99.0,60,55
2021,202150310,EWS,2025,1,91.8298535,99.0,60,55
2021,202181610,EWS,2025,1,97.050454,99.0,60,55
2021,202181610,TFWS,2025,1,96.3925795,99.0,60,55
2021,202181610,EWS,2025,1,97.193055,99.0,60,55
2032,203290410,GOPENH,2025,1,96.7467781,99.0,60,55
2032,203290410,GSCNH,2025,1,87.687217,99.0,60,55
2032,203290410,GSTNH,2025,1,76.9213781,99.0,60,55
2032,203290410,GVJS,2025,1,92.0354593,99.0,60,55
2032,203290410,GNT2S,2025,1,90.1610143,99.0,60,55
2032,203290410,GOBCNH,2025,1,92.5367989,99.0,60,55
2032,203290410,GSEBCS,2025,1,88.5033286,99.0,60,55
2032,203290410,LOPENS,2025,1,95.9836155,99.0,60,55
2032,203290410,LSCS,2025,1,85.977536,99.0,60,55
2032,203290410,LSTS,2025,1,71.173087,99.0,60,55
2032,203290410,LNT1S,2025,1,58.8525307,99.0,60,55
2032,203290410,LNT2S,2025,1,71.173087,99.0,60,55
2032,203290410,LNT3S,2025,1,92.6752061,99.0,60,55
2032,203290410,LOBCS,2025,1,89.9860676,99.0,60,55
2032,203290410,LSEBCS,2025,1,60.2517483,99.0,60,55
2032,203290410,PWDOPENS,2025,1,84.8660601,99.0,60,55
2032,203290410,DEFOPENS,2025,1,92.9807126,99.0,60,55
2032,203290410,TFWS,2025,1,87.6322867,99.0,60,55
2032,203290410,EWS,2025,1,28.3031822,99.0,60,55
2032,203290410,GOPENH,2025,1,96.5594281,99.0,60,55
2032,203290410,GSCNH,2025,1,87.8970321,99.0,60,55
2032,203290410,GVJS,2025,1,86.2660493,99.0,60,55
2032,203290410,GNT3S,2025,1,95.2142832,99.0,60,55
2032,203290410,GOBCNH,2025,1,92.2381205,99.0,60,55
2032,203290410,GSEBCS,2025,1,90.0843448,99.0,60,55
2032,203290410,LOPENS,2025,1,96.161333,99.0,60,55
2032,203290410,LSCS,2025,1,91.0694792,99.0,60,55
2032,203290410,LSTS,2025,1,70.4097117,99.0,60,55
2032,203290410,LNT1S,2025,1,88.4226013,99.0,60,55
2032,203290410,LNT2S,2025,1,93.9374669,99.0,60,55
2032,203290410,LOBCS,2025,1,80.5383458,99.0,60,55
2032,203290410,LSEBCS,2025,1,37.5813241,99.0,60,55
2032,203290410,PWDOPENS,2025,1,88.9649575,99.0,60,55
2032,203290410,DEFOPENS,2025,1,93.0903303,99.0,60,55
2032,203290410,TFWS,2025,1,36.6414088,99.0,60,55
2032,203290410,DEFROBCS,2025,1,84.3396689,99.0,60,55
2032,203290410,EWS,2025,1,88.1060139,99.0,60,55
2112,211219110,TFWS,2025,1,47.3563218,99.0,60,55
2112,211219110,EWS,2025,1,7.1465923,99.0,60,55
2112,211219110,TFWS,2025,1,60.7556304,99.0,60,55
2112,211219110,EWS,2025,1,19.3259851,99.0,60,55
2112,211224210,DEFOPENS,2025,1,13.2717448,99.0,60,55
2112,211224210,TFWS,2025,1,76.7694659,99.0,60,55
2112,211224210,EWS,2025,1,36.226012,99.0,60,55
2112,211224210,DEFOPENS,2025,1,50.5512969,99.0,60,55
2112,211224210,TFWS,2025,1,75.4489132,99.0,60,55
2112,211224210,EWS,2025,1,29.1650526,99.0,60,55
2112,211229310,TFWS,2025,1,66.4263323,99.0,60,55
2112,211229310,EWS,2025,1,55.2744499,99.0,60,55
2112,211229310,TFWS,2025,1,59.5017065,99.0,60,55
2112,211229310,EWS,2025,1,17.5512583,99.0,60,55
2112,211261210,TFWS,2025,1,50.7016833,99.0,60,55
2112,211261210,EWS,2025,1,3.3856527,99.0,60,55
2112,211261210,TFWS,2025,1,61.2830506,99.0,60,55
2112,211261210,EWS,2025,1,7.2789379,99.0,60,55
2112,211284410,TFWS,2025,1,62.1365556,99.0,60,55
2112,211284410,EWS,2025,1,21.5882968,99.0,60,55
2112,211291110,TFWS,2025,1,79.3004726,99.0,60,55
2112,211291110,EWS,2025,1,7.8975079,99.0,60,55
2112,211291110,TFWS,2025,1,62.8284912,99.0,60,55
2112,211291110,EWS,2025,1,22.6197993,99.0,60,55
2112,211291210,TFWS,2025,1,66.9498069,99.0,60,55
2112,211291210,EWS,2025,1,13.3124347,99.0,60,55
2112,211291210,TFWS,2025,1,66.1311211,99.0,60,55
2112,211291210,EWS,2025,1,11.134049,99.0,60,55
2113,211301110,GOPENH,2025,1,91.6070026,99.0,60,55
2113,211301110,GSCNH,2025,1,84.5295632,99.0,60,55
2113,211301110,GSTNH,2025,1,70.3527345,99.0,60,55
2113,211301110,GNT1S,2025,1,81.392446,99.0,60,55
2113,211301110,GNT3S,2025,1,85.1301797,99.0,60,55
2113,211301110,GOBCNH,2025,1,86.4727109,99.0,60,55
2113,211301110,GSEBCS,2025,1,86.9832325,99.0,60,55
2113,211301110,LOPENS,2025,1,89.6537377,99.0,60,55
2113,211301110,LSCS,2025,1,87.3234235,99.0,60,55
2113,211301110,LVJS,2025,1,78.4934596,99.0,60,55
2113,211301110,LOBCS,2025,1,85.7907857,99.0,60,55
2113,211301110,LSEBCS,2025,1,86.9908896,99.0,60,55
2113,211301110,GOPENH,2025,1,93.1692658,99.0,60,55
2113,211301110,GSCNH,2025,1,91.6849287,99.0,60,55
2113,211301110,GSTNH,2025,1,73.0125794,99.0,60,55
2113,211301110,GNT1S,2025,1,83.8629512,99.0,60,55
2113,211301110,GNT2S,2025,1,81.0376189,99.0,60,55
2113,211301110,GOBCNH,2025,1,88.0876068,99.0,60,55
2113,211301110,GSEBCS,2025,1,83.2805393,99.0,60,55
2113,211301110,LOPENS,2025,1,96.4579224,99.0,60,55
2113,211301110,LSCS,2025,1,91.7950237,99.0,60,55
2113,211301110,LVJS,2025,1,34.1022162,99.0,60,55
2113,211301110,LOBCS,2025,1,92.1906652,99.0,60,55
2113,211301110,LSEBCS,2025,1,90.4057688,99.0,60,55
2113,211301110,TFWS,2025,1,92.6827246,99.0,60,55
2113,211301110,EWS,2025,1,52.9701068,99.0,60,55
2113,211319110,GOPENH,2025,1,60.634478,99.0,60,55
2113,211319110,GSCNH,2025,1,50.4913264,99.0,60,55
2113,211319110,GSTNH,2025,1,4.0529277,99.0,60,55
2113,211319110,GVJS,2025,1,53.2657343,99.0,60,55
2113,211319110,GNT1S,2025,1,33.465035,99.0,60,55
2113,211319110,GNT2S,2025,1,45.8266058,99.0,60,55
2113,211319110,GNT3S,2025,1,53.6771201,99.0,60,55
2113,211319110,GOBCNH,2025,1,45.9816283,99.0,60,55
2113,211319110,GSEBCS,2025,1,49.6043895,99.0,60,55
2113,211319110,LOPENS,2025,1,60.9090909,99.0,60,55
2113,211319110,LSCS,2025,1,29.5314685,99.0,60,55
2113,211319110,LSTS,2025,1,23.4132019,99.0,60,55
2113,211319110,LVJS,2025,1,60.2517483,99.0,60,55
2113,211319110,LNT2S,2025,1,60.634478,99.0,60,55
2113,211319110,LNT3S,2025,1,32.6791073,99.0,60,55
2113,211319110,LOBCS,2025,1,39.2328654,99.0,60,55
2113,211319110,LSEBCS,2025,1,46.7613499,99.0,60,55
2113,211319110,PWDOPENS,2025,1,39.5742169,99.0,60,55
2113,211319110,DEFOPENS,2025,1,51.1762787,99.0,60,55
2113,211319110,TFWS,2025,1,67.1459332,99.0,60,55
2113,211319110,EWS,2025,1,1.0819823,99.0,60,55
2113,211319110,GOPENH,2025,1,66.4794206,99.0,60,55
2113,211319110,GSCNH,2025,1,50.8920685,99.0,60,55
2113,211319110,GSTNH,2025,1,24.3359483,99.0,60,55
2113,211319110,GVJS,2025,1,62.5282864,99.0,60,55
2113,211319110,GNT1S,2025,1,60.4816409,99.0,60,55
2113,211319110,GNT2S,2025,1,49.8699585,99.0,60,55
2113,211319110,GNT3S,2025,1,63.5303851,99.0,60,55
2113,211319110,GOBCNH,2025,1,58.1324148,99.0,60,55
2113,211319110,GSEBCS,2025,1,63.003413,99.0,60,55
2113,211319110,LOPENS,2025,1,68.0484125,99.0,60,55
2113,211319110,LSCS,2025,1,47.0872596,99.0,60,55
2113,211319110,LVJS,2025,1,68.0484125,99.0,60,55
2113,211319110,LNT1S,2025,1,66.5496835,99.0,60,55
2113,211319110,LNT2S,2025,1,46.3536656,99.0,60,55
2113,211319110,LNT3S,2025,1,62.9339383,99.0,60,55
2113,211319110,LOBCS,2025,1,58.3262891,99.0,60,55
2113,211319110,LSEBCS,2025,1,59.8130199,99.0,60,55
2113,211319110,DEFOPENS,2025,1,19.5229257,99.0,60,55
2113,211319110,TFWS,2025,1,74.1899324,99.0,60,55
2113,211319110,EWS,2025,1,0.5946052,99.0,60,55
2113,211324210,GOPENH,2025,1,82.2162613,99.0,60,55
2113,211324210,GSCNH,2025,1,75.6075065,99.0,60,55
2113,211324210,GSTNH,2025,1,11.5879038,99.0,60,55
2113,211324210,GVJS,2025,1,78.4242636,99.0,60,55
2113,211324210,GNT1S,2025,1,77.0149774,99.0,60,55
2113,211324210,GNT2S,2025,1,76.5279741,99.0,60,55
2113,211324210,GNT3S,2025,1,79.6033896,99.0,60,55
2113,211324210,GOBCNH,2025,1,79.9809712,99.0,60,55
2113,211324210,GSEBCS,2025,1,81.0133535,99.0,60,55
2113,211324210,LOPENS,2025,1,83.0707711,99.0,60,55
2113,211324210,LSCS,2025,1,76.67552,99.0,60,55
2113,211324210,LVJS,2025,1,78.4342571,99.0,60,55
2113,211324210,LNT1S,2025,1,81.940403,99.0,60,55
2113,211324210,LNT2S,2025,1,78.010417,99.0,60,55
2113,211324210,LNT3S,2025,1,84.1131441,99.0,60,55
2113,211324210,LOBCS,2025,1,82.2162613,99.0,60,55
2113,211324210,LSEBCS,2025,1,82.3322294,99.0,60,55
2113,211324210,PWDOPENS,2025,1,3.5713055,99.0,60,55
2113,211324210,DEFOPENS,2025,1,38.2479385,99.0,60,55
2113,211324210,TFWS,2025,1,87.1376478,99.0,60,55
2113,211324210,EWS,2025,1,71.5830116,99.0,60,55
2113,211324210,GOPENH,2025,1,83.8560469,99.0,60,55
2113,211324210,GSCNH,2025,1,75.2331528,99.0,60,55
2113,211324210,GSTNH,2025,1,11.4456589,99.0,60,55
2113,211324210,GVJS,2025,1,79.9864621,99.0,60,55
2113,211324210,GNT1S,2025,1,80.1708014,99.0,60,55
2113,211324210,GNT2S,2025,1,79.3766715,99.0,60,55
2113,211324210,GNT3S,2025,1,81.9275869,99.0,60,55
2113,211324210,GOBCNH,2025,1,81.8599034,99.0,60,55
2113,211324210,GSEBCS,2025,1,81.8599034,99.0,60,55
2113,211324210,LOPENS,2025,1,86.6485431,99.0,60,55
2113,211324210,LSCS,2025,1,78.890785,99.0,60,55
2113,211324210,LSTS,2025,1,41.7943409,99.0,60,55
2113,211324210,LVJS,2025,1,82.4850758,99.0,60,55
2113,211324210,LNT1S,2025,1,78.9025471,99.0,60,55
2113,211324210,LNT2S,2025,1,81.6656822,99.0,60,55
2113,211324210,LNT3S,2025,1,83.1461103,99.0,60,55
2113,211324210,LOBCS,2025,1,83.2071736,99.0,60,55
2113,211324210,LSEBCS,2025,1,84.3396689,99.0,60,55
2113,211324210,PWDOPENS,2025,1,63.4757967,99.0,60,55
2113,211324210,DEFOPENS,2025,1,55.4743121,99.0,60,55
2113,211324210,DEFSCS,2025,1,41.0952232,99.0,60,55
2113,211324210,DEFSEBCS,2025,1,50.8385093,99.0,60,55
2113,211324210,TFWS,2025,1,87.9735649,99.0,60,55
2113,211324210,DEFRNT3S,2025,1,41.7129534,99.0,60,55
2113,211324210,DEFRSEBCS,2025,1,51.5429844,99.0,60,55
2113,211324210,EWS,2025,1,74.9893249,99.0,60,55
2113,211325710,GOPENH,2025,1,73.6328536,99.0,60,55
2113,211325710,GSCNH,2025,1,64.3871019,99.0,60,55
2113,211325710,GSTNH,2025,1,13.2717448,99.0,60,55
2113,211325710,GVJS,2025,1,69.8941051,99.0,60,55
2113,211325710,GNT1S,2025,1,71.0971787,99.0,60,55
2113,211325710,GNT2S,2025,1,68.3753318,99.0,60,55
2113,211325710,GOBCNH,2025,1,69.8498837,99.0,60,55
2113,211325710,GSEBCS,2025,1,71.4842352,99.0,60,55
2113,211325710,LOPENS,2025,1,75.1716925,99.0,60,55
2113,211325710,LSCS,2025,1,69.0979021,99.0,60,55
2113,211325710,LVJS,2025,1,68.2382408,99.0,60,55
2113,211325710,LNT1S,2025,1,73.8000589,99.0,60,55
2113,211325710,LNT2S,2025,1,71.4842352,99.0,60,55
2113,211325710,LNT3S,2025,1,70.5005064,99.0,60,55
2113,211325710,LOBCS,2025,1,73.4722277,99.0,60,55
2113,211325710,LSEBCS,2025,1,67.8210479,99.0,60,55
2113,211325710,DEFOPENS,2025,1,31.9280223,99.0,60,55
2113,211325710,TFWS,2025,1,76.9322569,99.0,60,55
2113,211325710,EWS,2025,1,55.6405756,99.0,60,55
2113,211325710,GOPENH,2025,1,75.8548894,99.0,60,55
2113,211325710,GSCNH,2025,1,68.6498934,99.0,60,55
2113,211325710,GVJS,2025,1,68.6717464,99.0,60,55
2113,211325710,GNT1S,2025,1,73.2908824,99.0,60,55
2113,211325710,GNT2S,2025,1,72.0373703,99.0,60,55
2113,211325710,GNT3S,2025,1,75.110975,99.0,60,55
2113,211325710,GOBCNH,2025,1,73.2109713,99.0,60,55
2113,211325710,GSEBCS,2025,1,72.9249982,99.0,60,55
2113,211325710,LOPENS,2025,1,77.540946,99.0,60,55
2113,211325710,LSCS,2025,1,67.2980865,99.0,60,55
2113,211325710,LVJS,2025,1,70.4215645,99.0,60,55
2113,211325710,LNT1S,2025,1,69.3105802,99.0,60,55
2113,211325710,LNT2S,2025,1,74.6853954,99.0,60,55
2113,211325710,LOBCS,2025,1,74.6275026,99.0,60,55
2113,211325710,LSEBCS,2025,1,74.9893249,99.0,60,55
2113,211325710,TFWS,2025,1,78.4699621,99.0,60,55
2113,211325710,EWS,2025,1,62.6016833,99.0,60,55
2113,211326310,GOPENH,2025,1,79.98947,99.0,60,55
2113,211326310,GSCNH,2025,1,73.4722277,99.0,60,55
2113,211326310,GSTNH,2025,1,17.2365618,99.0,60,55
2113,211326310,GVJS,2025,1,77.0149774,99.0,60,55
2113,211326310,GNT1S,2025,1,78.5819586,99.0,60,55
2113,211326310,GNT2S,2025,1,75.652265,99.0,60,55
2113,211326310,GNT3S,2025,1,78.2396759,99.0,60,55
2113,211326310,GOBCNH,2025,1,78.2396759,99.0,60,55
2113,211326310,GSEBCS,2025,1,79.027972,99.0,60,55
2113,211326310,LOPENS,2025,1,83.4924535,99.0,60,55
2113,211326310,LSCS,2025,1,76.8955509,99.0,60,55
2113,211326310,LNT1S,2025,1,82.1124479,99.0,60,55
2113,211326310,LNT2S,2025,1,83.0707711,99.0,60,55
2113,211326310,LNT3S,2025,1,79.3730892,99.0,60,55
2113,211326310,LOBCS,2025,1,79.3730892,99.0,60,55
2113,211326310,LSEBCS,2025,1,80.4732503,99.0,60,55
2113,211326310,PWDOPENS,2025,1,32.3446384,99.0,60,55
2113,211326310,DEFOPENS,2025,1,37.1950556,99.0,60,55
2113,211326310,TFWS,2025,1,85.1919561,99.0,60,55
2113,211326310,EWS,2025,1,70.6189283,99.0,60,55
2113,211326310,GOPENH,2025,1,80.5595655,99.0,60,55
2113,211326310,GSCNH,2025,1,72.8488305,99.0,60,55
2113,211326310,GSTNH,2025,1,72.6740126,99.0,60,55
2113,211326310,GVJS,2025,1,77.8612083,99.0,60,55
2113,211326310,GNT1S,2025,1,74.75684,99.0,60,55
2113,211326310,GNT2S,2025,1,79.0728986,99.0,60,55
2113,211326310,GNT3S,2025,1,77.9589871,99.0,60,55
2113,211326310,GOBCNH,2025,1,78.699881,99.0,60,55
2113,211326310,GSEBCS,2025,1,78.975446,99.0,60,55
2113,211326310,LOPENS,2025,1,81.9712626,99.0,60,55
2113,211326310,LSCS,2025,1,73.3487346,99.0,60,55
2113,211326310,LSTS,2025,1,66.0913492,99.0,60,55
2113,211326310,LVJS,2025,1,75.2153333,99.0,60,55
2113,211326310,LNT1S,2025,1,79.4627847,99.0,60,55
2113,211326310,LNT2S,2025,1,77.2143105,99.0,60,55
2113,211326310,LNT3S,2025,1,78.9025471,99.0,60,55
2113,211326310,LOBCS,2025,1,79.3766715,99.0,60,55
2113,211326310,LSEBCS,2025,1,80.1749582,99.0,60,55
2113,211326310,PWDOPENS,2025,1,14.6839821,99.0,60,55
2113,211326310,DEFOPENS,2025,1,52.1256716,99.0,60,55
2113,211326310,TFWS,2025,1,86.3037543,99.0,60,55
2113,211326310,EWS,2025,1,69.8303637,99.0,60,55
2113,211329310,GOPENH,2025,1,66.9039004,99.0,60,55
2113,211329310,GSCNH,2025,1,47.7841578,99.0,60,55
2113,211329310,GVJS,2025,1,61.796967,99.0,60,55
2113,211329310,GNT1S,2025,1,52.5968356,99.0,60,55
2113,211329310,GNT2S,2025,1,51.1762787,99.0,60,55
2113,211329310,GNT3S,2025,1,66.3795642,99.0,60,55
2113,211329310,GOBCNH,2025,1,56.6213771,99.0,60,55
2113,211329310,GSEBCS,2025,1,63.3986014,99.0,60,55
2113,211329310,LOPENS,2025,1,64.7148712,99.0,60,55
2113,211329310,LSCS,2025,1,32.5451434,99.0,60,55
2113,211329310,LVJS,2025,1,49.4020979,99.0,60,55
2113,211329310,LNT2S,2025,1,50.3223138,99.0,60,55
2113,211329310,LOBCS,2025,1,56.6213771,99.0,60,55
2113,211329310,LSEBCS,2025,1,63.5767823,99.0,60,55
2113,211329310,TFWS,2025,1,73.7482517,99.0,60,55
2113,211329310,EWS,2025,1,3.493007,99.0,60,55
2113,211329310,GOPENH,2025,1,68.9409579,99.0,60,55
2113,211329310,GSCNH,2025,1,54.96898,99.0,60,55
2113,211329310,GVJS,2025,1,65.9070599,99.0,60,55
2113,211329310,GNT1S,2025,1,62.5282864,99.0,60,55
2113,211329310,GNT2S,2025,1,66.7193141,99.0,60,55
2113,211329310,GNT3S,2025,1,68.4225402,99.0,60,55
2113,211329310,GOBCNH,2025,1,65.2933256,99.0,60,55
2113,211329310,GSEBCS,2025,1,66.3432235,99.0,60,55
2113,211329310,LOPENS,2025,1,71.0421393,99.0,60,55
2113,211329310,LSCS,2025,1,54.7674174,99.0,60,55
2113,211329310,LVJS,2025,1,55.2387338,99.0,60,55
2113,211329310,LNT1S,2025,1,48.1265004,99.0,60,55
2113,211329310,LNT2S,2025,1,43.2614932,99.0,60,55
2113,211329310,LNT3S,2025,1,70.6987601,99.0,60,55
2113,211329310,LOBCS,2025,1,66.561551,99.0,60,55
2113,211329310,LSEBCS,2025,1,67.967082,99.0,60,55
2113,211329310,TFWS,2025,1,77.4501436,99.0,60,55
2113,211329310,EWS,2025,1,34.0437095,99.0,60,55
2113,211337210,GOPENH,2025,1,72.6730266,99.0,60,55
2113,211337210,GSCNH,2025,1,58.8994542,99.0,60,55
2113,211337210,GVJS,2025,1,67.8210479,99.0,60,55
2113,211337210,GNT1S,2025,1,61.796967,99.0,60,55
2113,211337210,GNT2S,2025,1,69.4561708,99.0,60,55
2113,211337210,GNT3S,2025,1,66.4263323,99.0,60,55
2113,211337210,GOBCNH,2025,1,69.4936445,99.0,60,55
2113,211337210,GSEBCS,2025,1,70.2033567,99.0,60,55
2113,211337210,LOPENS,2025,1,73.8000589,99.0,60,55
2113,211337210,LSCS,2025,1,59.1762367,99.0,60,55
2113,211337210,LVJS,2025,1,49.4020979,99.0,60,55
2113,211337210,LNT1S,2025,1,70.507201,99.0,60,55
2113,211337210,LNT2S,2025,1,70.6189283,99.0,60,55
2113,211337210,LNT3S,2025,1,60.4378874,99.0,60,55
2113,211337210,LOBCS,2025,1,72.1363369,99.0,60,55
2113,211337210,LSEBCS,2025,1,71.173087,99.0,60,55
2113,211337210,TFWS,2025,1,77.2287062,99.0,60,55
2113,211337210,EWS,2025,1,10.7725189,99.0,60,55
2113,211337210,GOPENH,2025,1,77.550585,99.0,60,55
2113,211337210,GSCNH,2025,1,70.4097117,99.0,60,55
2113,211337210,GVJS,2025,1,70.3444621,99.0,60,55
2113,211337210,GNT1S,2025,1,74.6516923,99.0,60,55
2113,211337210,GNT2S,2025,1,74.8088122,99.0,60,55
2113,211337210,GNT3S,2025,1,77.4501436,99.0,60,55
2113,211337210,GOBCNH,2025,1,75.6051641,99.0,60,55
2113,211337210,GSEBCS,2025,1,76.3286018,99.0,60,55
2113,211337210,LOPENS,2025,1,79.4627847,99.0,60,55
2113,211337210,LSCS,2025,1,68.8065641,99.0,60,55
2113,211337210,LVJS,2025,1,71.4864246,99.0,60,55
2113,211337210,LNT1S,2025,1,68.0484125,99.0,60,55
2113,211337210,LNT2S,2025,1,78.975446,99.0,60,55
2113,211337210,LNT3S,2025,1,79.2630446,99.0,60,55
2113,211337210,LOBCS,2025,1,76.2668468,99.0,60,55
2113,211337210,LSEBCS,2025,1,77.8612083,99.0,60,55
2113,211337210,TFWS,2025,1,83.1821207,99.0,60,55
2113,211337210,EWS,2025,1,58.4294088,99.0,60,55
2113,211350110,GOPENH,2025,1,41.7471281,99.0,60,55
2113,211350110,GSCNH,2025,1,8.8248475,99.0,60,55
2113,211350110,GNT2S,2025,1,21.3037657,99.0,60,55
2113,211350110,GNT3S,2025,1,36.1811489,99.0,60,55
2113,211350110,GOBCNH,2025,1,15.820115,99.0,60,55
2113,211350110,GSEBCS,2025,1,13.4300699,99.0,60,55
2113,211350110,LOPENS,2025,1,24.8659004,99.0,60,55
2113,211350110,LVJS,2025,1,19.1697794,99.0,60,55
2113,211350110,LNT1S,2025,1,20.3327444,99.0,60,55
2113,211350110,LOBCS,2025,1,28.2789485,99.0,60,55
2113,211350110,LSEBCS,2025,1,10.8523619,99.0,60,55
2113,211350110,GOPENH,2025,1,42.1633326,99.0,60,55
2113,211350110,GSCNH,2025,1,11.1244146,99.0,60,55
2113,211350110,GVJS,2025,1,22.0653604,99.0,60,55
2113,211350110,GNT1S,2025,1,28.7221654,99.0,60,55
2113,211350110,GNT2S,2025,1,11.420728,99.0,60,55
2113,211350110,GNT3S,2025,1,31.4943887,99.0,60,55
2113,211350110,GOBCNH,2025,1,29.2374051,99.0,60,55
2113,211350110,GSEBCS,2025,1,27.84396,99.0,60,55
2113,211350110,LOPENS,2025,1,52.1191375,99.0,60,55
2113,211350110,LSCS,2025,1,34.8863278,99.0,60,55
2113,211350110,LOBCS,2025,1,50.184431,99.0,60,55
2113,211350110,LSEBCS,2025,1,26.2353347,99.0,60,55
2113,211350110,TFWS,2025,1,52.6909021,99.0,60,55
2113,211361210,GOPENH,2025,1,59.1762367,99.0,60,55
2113,211361210,GSCNH,2025,1,39.6653303,99.0,60,55
2113,211361210,GVJS,2025,1,50.4913264,99.0,60,55
2113,211361210,GNT1S,2025,1,45.3566434,99.0,60,55
2113,211361210,GNT2S,2025,1,56.8426573,99.0,60,55
2113,211361210,GNT3S,2025,1,49.3416227,99.0,60,55
2113,211361210,GOBCNH,2025,1,50.4913264,99.0,60,55
2113,211361210,GSEBCS,2025,1,49.7291102,99.0,60,55
2113,211361210,LOPENS,2025,1,51.7009371,99.0,60,55
2113,211361210,LSCS,2025,1,39.3344201,99.0,60,55
2113,211361210,LNT2S,2025,1,16.860405,99.0,60,55
2113,211361210,LOBCS,2025,1,42.6339209,99.0,60,55
2113,211361210,LSEBCS,2025,1,44.5303298,99.0,60,55
2113,211361210,TFWS,2025,1,69.8498837,99.0,60,55
2113,211361210,EWS,2025,1,4.1433524,99.0,60,55
2113,211361210,GOPENH,2025,1,70.3444621,99.0,60,55
2113,211361210,GSCNH,2025,1,60.5118338,99.0,60,55
2113,211361210,GVJS,2025,1,65.4837825,99.0,60,55
2113,211361210,GNT1S,2025,1,61.2510322,99.0,60,55
2113,211361210,GNT2S,2025,1,62.6016833,99.0,60,55
2113,211361210,GNT3S,2025,1,67.967082,99.0,60,55
2113,211361210,GOBCNH,2025,1,64.1499185,99.0,60,55
2113,211361210,GSEBCS,2025,1,66.7193141,99.0,60,55
2113,211361210,LOPENS,2025,1,66.8147184,99.0,60,55
2113,211361210,LSCS,2025,1,58.4294088,99.0,60,55
2113,211361210,LVJS,2025,1,45.9819894,99.0,60,55
2113,211361210,LNT1S,2025,1,61.2510322,99.0,60,55
2113,211361210,LNT2S,2025,1,63.5303851,99.0,60,55
2113,211361210,LOBCS,2025,1,60.4816409,99.0,60,55
2113,211361210,LSEBCS,2025,1,62.8284912,99.0,60,55
2113,211361210,TFWS,2025,1,80.4944215,99.0,60,55
2113,211361210,EWS,2025,1,31.4943887,99.0,60,55
2113,211362410,GOPENH,2025,1,54.1537389,99.0,60,55
2113,211362410,GSCNH,2025,1,32.5553935,99.0,60,55
2113,211362410,GVJS,2025,1,50.8281802,99.0,60,55
2113,211362410,GNT3S,2025,1,34.896751,99.0,60,55
2113,211362410,GOBCNH,2025,1,42.9247346,99.0,60,55
2113,211362410,GSEBCS,2025,1,42.6339209,99.0,60,55
2113,211362410,LOPENS,2025,1,43.74434,99.0,60,55
2113,211362410,LSCS,2025,1,21.5882968,99.0,60,55
2113,211362410,LVJS,2025,1,39.6653303,99.0,60,55
2113,211362410,LNT1S,2025,1,12.5776664,99.0,60,55
2113,211362410,LNT3S,2025,1,31.5596589,99.0,60,55
2113,211362410,LOBCS,2025,1,32.1650475,99.0,60,55
2113,211362410,LSEBCS,2025,1,58.8994542,99.0,60,55
2113,211362410,TFWS,2025,1,12.9554081,99.0,60,55
2113,211362410,EWS,2025,1,22.0346747,99.0,60,55
2113,211362410,GOPENH,2025,1,63.4876968,99.0,60,55
2113,211362410,GSCNH,2025,1,45.4941917,99.0,60,55
2113,211362410,GVJS,2025,1,54.96898,99.0,60,55
2113,211362410,GNT1S,2025,1,41.3533547,99.0,60,55
2113,211362410,GNT2S,2025,1,53.7405107,99.0,60,55
2113,211362410,GOBCNH,2025,1,60.070698,99.0,60,55
2113,211362410,GSEBCS,2025,1,58.235114,99.0,60,55
2113,211362410,LOPENS,2025,1,59.5017065,99.0,60,55
2113,211362410,LSCS,2025,1,46.2039046,99.0,60,55
2113,211362410,LVJS,2025,1,37.1881218,99.0,60,55
2113,211362410,LNT2S,2025,1,55.6597249,99.0,60,55
2113,211362410,LNT3S,2025,1,55.6712077,99.0,60,55
2113,211362410,LOBCS,2025,1,83.4251983,99.0,60,55
2113,211362410,LSEBCS,2025,1,11.6326387,99.0,60,55
2113,211362410,TFWS,2025,1,48.5585273,99.0,60,55
2113,211362410,EWS,2025,1,64.1499185,99.0,60,55
2113,211384410,GOPENH,2025,1,69.4936445,99.0,60,55
2113,211384410,GSCNH,2025,1,60.9090909,99.0,60,55
2113,211384410,GVJS,2025,1,62.1412608,99.0,60,55
2113,211384410,GNT1S,2025,1,55.2744499,99.0,60,55
2113,211384410,GNT2S,2025,1,62.8632493,99.0,60,55
2113,211384410,GNT3S,2025,1,69.4561708,99.0,60,55
2113,211384410,GOBCNH,2025,1,65.3084343,99.0,60,55
2113,211384410,GSEBCS,2025,1,66.2972028,99.0,60,55
2113,211384410,LOPENS,2025,1,70.2033567,99.0,60,55
2113,211384410,LSCS,2025,1,56.5039753,99.0,60,55
2113,211384410,LVJS,2025,1,67.217709,99.0,60,55
2113,211384410,LNT1S,2025,1,63.2914656,99.0,60,55
2113,211384410,LNT2S,2025,1,66.9498069,99.0,60,55
2113,211384410,LOBCS,2025,1,67.8236662,99.0,60,55
2113,211384410,LSEBCS,2025,1,68.8687467,99.0,60,55
2113,211384410,TFWS,2025,1,76.67552,99.0,60,55
2113,211384410,EWS,2025,1,35.5422955,99.0,60,55
2113,211384410,GOPENH,2025,1,72.1871837,99.0,60,55
2113,211384410,GSCNH,2025,1,63.5303851,99.0,60,55
2113,211384410,GVJS,2025,1,66.0549811,99.0,60,55
2113,211384410,GNT1S,2025,1,65.8087807,99.0,60,55
2113,211384410,GNT2S,2025,1,67.3167917,99.0,60,55
2113,211384410,GNT3S,2025,1,70.4215645,99.0,60,55
2113,211384410,GOBCNH,2025,1,69.3105802,99.0,60,55
2113,211384410,GSEBCS,2025,1,70.8903389,99.0,60,55
2113,211384410,LOPENS,2025,1,74.2209832,99.0,60,55
2113,211384410,LSCS,2025,1,63.9397326,99.0,60,55
2113,211384410,LVJS,2025,1,65.6970807,99.0,60,55
2113,211384410,LNT1S,2025,1,68.9346395,99.0,60,55
2113,211384410,LNT2S,2025,1,69.3105802,99.0,60,55
2113,211384410,LOBCS,2025,1,70.3901803,99.0,60,55
2113,211384410,LSEBCS,2025,1,71.4864246,99.0,60,55
2113,211384410,TFWS,2025,1,78.5981492,99.0,60,55
2113,211384410,EWS,2025,1,48.401775,99.0,60,55
2114,211419110,GOPENH,2025,1,60.3213757,99.0,60,55
2114,211419110,GSCNH,2025,1,43.5338318,99.0,60,55
2114,211419110,GVJS,2025,1,53.7591782,99.0,60,55
2114,211419110,GNT1S,2025,1,21.3037657,99.0,60,55
2114,211419110,GNT2S,2025,1,41.4458186,99.0,60,55
2114,211419110,GNT3S,2025,1,53.2657343,99.0,60,55
2114,211419110,GOBCNH,2025,1,49.7291102,99.0,60,55
2114,211419110,GSEBCS,2025,1,55.2744499,99.0,60,55
2114,211419110,LOPENS,2025,1,64.3871019,99.0,60,55
2114,211419110,LSCS,2025,1,58.2180677,99.0,60,55
2114,211419110,LSTS,2025,1,2.6606735,99.0,60,55
2114,211419110,LVJS,2025,1,60.3213757,99.0,60,55
2114,211419110,LNT1S,2025,1,39.3344201,99.0,60,55
2114,211419110,LNT2S,2025,1,42.7403863,99.0,60,55
2114,211419110,LNT3S,2025,1,38.7925588,99.0,60,55
2114,211419110,LOBCS,2025,1,53.6771201,99.0,60,55
2114,211419110,LSEBCS,2025,1,61.1295449,99.0,60,55
2114,211419110,TFWS,2025,1,66.3866132,99.0,60,55
2114,211419110,EWS,2025,1,11.8670556,99.0,60,55
2114,211419110,GOPENH,2025,1,68.6031011,99.0,60,55
2114,211419110,GSCNH,2025,1,57.4188806,99.0,60,55
2114,211419110,GSTNH,2025,1,41.0952232,99.0,60,55
2114,211419110,GVJS,2025,1,63.5035466,99.0,60,55
2114,211419110,GNT1S,2025,1,50.5512969,99.0,60,55
2114,211419110,GNT2S,2025,1,57.0070614,99.0,60,55
2114,211419110,GNT3S,2025,1,63.5303851,99.0,60,55
2114,211419110,GOBCNH,2025,1,62.5282864,99.0,60,55
2114,211419110,GSEBCS,2025,1,66.0549811,99.0,60,55
2114,211419110,LOPENS,2025,1,75.2331528,99.0,60,55
2114,211419110,LSCS,2025,1,56.1183815,99.0,60,55
2114,211419110,LSTS,2025,1,31.2469386,99.0,60,55
2114,211419110,LNT1S,2025,1,61.7346759,99.0,60,55
2114,211419110,LNT2S,2025,1,44.3215833,99.0,60,55
2114,211419110,LNT3S,2025,1,60.5539527,99.0,60,55
2114,211419110,LOBCS,2025,1,68.063194,99.0,60,55
2114,211419110,LSEBCS,2025,1,70.3402566,99.0,60,55
2114,211419110,TFWS,2025,1,69.3105802,99.0,60,55
2114,211419110,EWS,2025,1,36.6414088,99.0,60,55
2114,211424210,GOPENH,2025,1,86.675963,99.0,60,55
2114,211424210,GSCNH,2025,1,82.1319232,99.0,60,55
2114,211424210,GVJS,2025,1,83.9020979,99.0,60,55
2114,211424210,GNT1S,2025,1,83.4741816,99.0,60,55
2114,211424210,GNT2S,2025,1,81.2846613,99.0,60,55
2114,211424210,GNT3S,2025,1,86.552754,99.0,60,55
2114,211424210,GOBCNH,2025,1,85.2053352,99.0,60,55
2114,211424210,GSEBCS,2025,1,85.4112341,99.0,60,55
2114,211424210,LOPENS,2025,1,89.861767,99.0,60,55
2114,211424210,LSCS,2025,1,83.7239356,99.0,60,55
2114,211424210,LSTS,2025,1,10.26398,99.0,60,55
2114,211424210,LNT2S,2025,1,83.4378744,99.0,60,55
2114,211424210,LOBCS,2025,1,86.6751751,99.0,60,55
2114,211424210,LSEBCS,2025,1,86.7202099,99.0,60,55
2114,211424210,DEFOPENS,2025,1,62.0615406,99.0,60,55
2114,211424210,DEFSCS,2025,1,57.5410529,99.0,60,55
2114,211424210,DEFOBCS,2025,1,41.7471281,99.0,60,55
2114,211424210,TFWS,2025,1,89.9712654,99.0,60,55
2114,211424210,EWS,2025,1,81.7705077,99.0,60,55
2114,211424210,GOPENH,2025,1,87.2196787,99.0,60,55
2114,211424210,GSCNH,2025,1,80.78157,99.0,60,55
2114,211424210,GSTNH,2025,1,32.4603175,99.0,60,55
2114,211424210,GVJS,2025,1,86.8832732,99.0,60,55
2114,211424210,GNT1S,2025,1,83.1030453,99.0,60,55
2114,211424210,GNT2S,2025,1,82.9459739,99.0,60,55
2114,211424210,GNT3S,2025,1,83.1707575,99.0,60,55
2114,211424210,GOBCNH,2025,1,85.0971341,99.0,60,55
2114,211424210,GSEBCS,2025,1,86.3037543,99.0,60,55
2114,211424210,LOPENS,2025,1,89.3655049,99.0,60,55
2114,211424210,LSCS,2025,1,80.2462012,99.0,60,55
2114,211424210,LSTS,2025,1,61.7346759,99.0,60,55
2114,211424210,LVJS,2025,1,85.1749825,99.0,60,55
2114,211424210,LNT1S,2025,1,80.5383458,99.0,60,55
2114,211424210,LNT2S,2025,1,83.9283276,99.0,60,55
2114,211424210,LNT3S,2025,1,84.2510483,99.0,60,55
2114,211424210,LOBCS,2025,1,87.609626,99.0,60,55
2114,211424210,LSEBCS,2025,1,88.0941637,99.0,60,55
2114,211424210,PWDOPENS,2025,1,15.1259327,99.0,60,55
2114,211424210,DEFOPENS,2025,1,71.5294662,99.0,60,55
2114,211424210,DEFSCS,2025,1,66.7193141,99.0,60,55
2114,211424210,DEFOBCS,2025,1,30.9042114,99.0,60,55
2114,211424210,DEFSEBCS,2025,1,51.8020478,99.0,60,55
2114,211424210,TFWS,2025,1,90.3566145,99.0,60,55
2114,211424210,DEFRSEBCS,2025,1,69.0271267,99.0,60,55
2114,211424210,EWS,2025,1,75.8548894,99.0,60,55
2114,211426310,GOPENH,2025,1,84.4790806,99.0,60,55
2114,211426310,GSCNH,2025,1,76.5032413,99.0,60,55
2114,211426310,GVJS,2025,1,81.2365306,99.0,60,55
2114,211426310,GNT1S,2025,1,72.9916849,99.0,60,55
2114,211426310,GNT2S,2025,1,81.9314642,99.0,60,55
2114,211426310,GNT3S,2025,1,84.2510483,99.0,60,55
2114,211426310,GOBCNH,2025,1,81.9381769,99.0,60,55
2114,211426310,GSEBCS,2025,1,84.0342981,99.0,60,55
2114,211426310,LOPENS,2025,1,85.9425358,99.0,60,55
2114,211426310,LSCS,2025,1,77.4501436,99.0,60,55
2114,211426310,LSTS,2025,1,65.6970807,99.0,60,55
2114,211426310,LVJS,2025,1,78.890785,99.0,60,55
2114,211426310,LOBCS,2025,1,83.1030453,99.0,60,55
2114,211426310,LSEBCS,2025,1,85.7757627,99.0,60,55
2114,211426310,DEFOPENS,2025,1,58.1924692,99.0,60,55
2114,211426310,TFWS,2025,1,86.8832732,99.0,60,55
2114,211426310,EWS,2025,1,73.6510161,99.0,60,55
2114,211429310,GOPENH,2025,1,76.3384255,99.0,60,55
2114,211429310,GSCNH,2025,1,59.2124434,99.0,60,55
2114,211429310,GVJS,2025,1,70.0706138,99.0,60,55
2114,211429310,GNT1S,2025,1,71.1120286,99.0,60,55
2114,211429310,GNT2S,2025,1,70.6987601,99.0,60,55
2114,211429310,GNT3S,2025,1,68.8065641,99.0,60,55
2114,211429310,GOBCNH,2025,1,65.4837825,99.0,60,55
2114,211429310,GSEBCS,2025,1,72.9249982,99.0,60,55
2114,211429310,LOPENS,2025,1,75.242318,99.0,60,55
2114,211429310,LSCS,2025,1,60.9157012,99.0,60,55
2114,211429310,LNT2S,2025,1,64.1499185,99.0,60,55
2114,211429310,LOBCS,2025,1,68.063194,99.0,60,55
2114,211429310,LSEBCS,2025,1,70.9390112,99.0,60,55
2114,211429310,TFWS,2025,1,78.1913582,99.0,60,55
2114,211429310,EWS,2025,1,55.7703505,99.0,60,55
2114,211437210,GOPENH,2025,1,77.0149774,99.0,60,55
2114,211437210,GSCNH,2025,1,70.7504568,99.0,60,55
2114,211437210,GVJS,2025,1,70.7504568,99.0,60,55
2114,211437210,GNT1S,2025,1,60.634478,99.0,60,55
2114,211437210,GNT2S,2025,1,70.507201,99.0,60,55
2114,211437210,GNT3S,2025,1,76.7694659,99.0,60,55
2114,211437210,GOBCNH,2025,1,73.5570613,99.0,60,55
2114,211437210,GSEBCS,2025,1,73.1347962,99.0,60,55
2114,211437210,LOPENS,2025,1,77.1631566,99.0,60,55
2114,211437210,LSCS,2025,1,68.9620341,99.0,60,55
2114,211437210,LVJS,2025,1,77.0149774,99.0,60,55
2114,211437210,LNT1S,2025,1,58.8525307,99.0,60,55
2114,211437210,LNT2S,2025,1,69.2179237,99.0,60,55
2114,211437210,LNT3S,2025,1,72.8948543,99.0,60,55
2114,211437210,LOBCS,2025,1,75.210728,99.0,60,55
2114,211437210,LSEBCS,2025,1,75.2405919,99.0,60,55
2114,211437210,DEFOPENS,2025,1,12.5776664,99.0,60,55
2114,211437210,TFWS,2025,1,77.161886,99.0,60,55
2114,211437210,EWS,2025,1,51.57164,99.0,60,55
2114,211437210,GOPENH,2025,1,80.4944215,99.0,60,55
2114,211437210,GSCNH,2025,1,71.7660957,99.0,60,55
2114,211437210,GSTNH,2025,1,45.457039,99.0,60,55
2114,211437210,GVJS,2025,1,73.3487346,99.0,60,55
2114,211437210,GNT1S,2025,1,73.2109713,99.0,60,55
2114,211437210,GNT2S,2025,1,75.1704646,99.0,60,55
2114,211437210,GNT3S,2025,1,78.0816199,99.0,60,55
2114,211437210,GOBCNH,2025,1,77.7384664,99.0,60,55
2114,211437210,GSEBCS,2025,1,78.0816199,99.0,60,55
2114,211437210,LOPENS,2025,1,81.2365306,99.0,60,55
2114,211437210,LSCS,2025,1,72.5022286,99.0,60,55
2114,211437210,LVJS,2025,1,80.7035589,99.0,60,55
2114,211437210,LNT1S,2025,1,68.9409579,99.0,60,55
2114,211437210,LNT2S,2025,1,79.4663048,99.0,60,55
2114,211437210,LNT3S,2025,1,79.3766715,99.0,60,55
2114,211437210,LOBCS,2025,1,78.8262695,99.0,60,55
2114,211437210,LSEBCS,2025,1,80.1766472,99.0,60,55
2114,211437210,DEFOPENS,2025,1,3.6536743,99.0,60,55
2114,211437210,TFWS,2025,1,84.5857013,99.0,60,55
2114,211437210,EWS,2025,1,64.7164682,99.0,60,55
2114,211461210,GOPENH,2025,1,61.5619516,99.0,60,55
2114,211461210,GSCNH,2025,1,41.4458186,99.0,60,55
2114,211461210,GVJS,2025,1,56.6213771,99.0,60,55
2114,211461210,GNT1S,2025,1,44.2599775,99.0,60,55
2114,211461210,GNT2S,2025,1,56.5039753,99.0,60,55
2114,211461210,GNT3S,2025,1,57.0133407,99.0,60,55
2114,211461210,GOBCNH,2025,1,47.8015007,99.0,60,55
2114,211461210,GSEBCS,2025,1,55.6405756,99.0,60,55
2114,211461210,LOPENS,2025,1,58.8525307,99.0,60,55
2114,211461210,LSCS,2025,1,39.7546871,99.0,60,55
2114,211461210,LVJS,2025,1,53.6060165,99.0,60,55
2114,211461210,LNT1S,2025,1,45.9245973,99.0,60,55
2114,211461210,LNT2S,2025,1,50.9683037,99.0,60,55
2114,211461210,LOBCS,2025,1,41.4458186,99.0,60,55
2114,211461210,LSEBCS,2025,1,53.2657343,99.0,60,55
2114,211461210,TFWS,2025,1,70.2033567,99.0,60,55
2114,211461210,EWS,2025,1,32.5451434,99.0,60,55
2114,211461210,GOPENH,2025,1,74.4163823,99.0,60,55
2114,211461210,GSCNH,2025,1,62.8284912,99.0,60,55
2114,211461210,GSTNH,2025,1,56.2435713,99.0,60,55
2114,211461210,GVJS,2025,1,70.9482593,99.0,60,55
2114,211461210,GNT1S,2025,1,47.8219396,99.0,60,55
2114,211461210,GNT2S,2025,1,71.0421393,99.0,60,55
2114,211461210,GNT3S,2025,1,67.9203695,99.0,60,55
2114,211461210,GOBCNH,2025,1,67.500481,99.0,60,55
2114,211461210,GSEBCS,2025,1,69.3105802,99.0,60,55
2114,211461210,LOPENS,2025,1,66.1311211,99.0,60,55
2114,211461210,LSCS,2025,1,58.4262318,99.0,60,55
2114,211461210,LVJS,2025,1,63.5303851,99.0,60,55
2114,211461210,LNT1S,2025,1,57.8685189,99.0,60,55
2114,211461210,LNT2S,2025,1,45.457039,99.0,60,55
2114,211461210,LOBCS,2025,1,60.268127,99.0,60,55
2114,211461210,LSEBCS,2025,1,66.0549811,99.0,60,55
2114,211461210,DEFOPENS,2025,1,13.1846958,99.0,60,55
2114,211461210,TFWS,2025,1,76.7952218,99.0,60,55
2114,211461210,EWS,2025,1,34.8863278,99.0,60,55
2114,211491110,GOPENH,2025,1,84.8811189,99.0,60,55
2114,211491110,GSCNH,2025,1,78.6137148,99.0,60,55
2114,211491110,GSTNH,2025,1,57.4376852,99.0,60,55
2114,211491110,GNT1S,2025,1,80.4732503,99.0,60,55
2114,211491110,GOBCNH,2025,1,83.3397246,99.0,60,55
2114,211491110,GSEBCS,2025,1,82.5532062,99.0,60,55
2114,211491110,LOPENS,2025,1,85.9058498,99.0,60,55
2114,211491110,LSCS,2025,1,80.602179,99.0,60,55
2114,211491110,LVJS,2025,1,81.6453226,99.0,60,55
2114,211491110,LNT2S,2025,1,81.6453226,99.0,60,55
2114,211491110,LNT3S,2025,1,81.1324174,99.0,60,55
2114,211491110,LOBCS,2025,1,83.9020979,99.0,60,55
2114,211491110,LSEBCS,2025,1,85.113912,99.0,60,55
2114,211491110,DEFOPENS,2025,1,61.1295449,99.0,60,55
2114,211491110,TFWS,2025,1,89.51289,99.0,60,55
2114,211491110,DEFROBCS,2025,1,46.6242967,99.0,60,55
2114,211491110,EWS,2025,1,77.1296846,99.0,60,55
2114,211491110,GOPENH,2025,1,85.3531656,99.0,60,55
2114,211491110,GSCNH,2025,1,79.3692556,99.0,60,55
2114,211491110,GVJS,2025,1,80.7035589,99.0,60,55
2114,211491110,GNT1S,2025,1,85.129786,99.0,60,55
2114,211491110,GNT2S,2025,1,82.3454058,99.0,60,55
2114,211491110,GOBCNH,2025,1,83.1481862,99.0,60,55
2114,211491110,GSEBCS,2025,1,85.129786,99.0,60,55
2114,211491110,LOPENS,2025,1,91.4174744,99.0,60,55
2114,211491110,LSCS,2025,1,74.112751,99.0,60,55
2114,211491110,LNT2S,2025,1,82.9247643,99.0,60,55
2114,211491110,LOBCS,2025,1,83.7431799,99.0,60,55
2114,211491110,LSEBCS,2025,1,90.9657321,99.0,60,55
2114,211491110,DEFOPENS,2025,1,34.1066887,99.0,60,55
2114,211491110,TFWS,2025,1,89.2656035,99.0,60,55
2114,211491110,EWS,2025,1,76.4346337,99.0,60,55
2116,211619110,EWS,2025,1,25.7272727,99.0,60,55
2116,211619110,EWS,2025,1,13.1538992,99.0,60,55
2116,211624210,TFWS,2025,1,64.713186,99.0,60,55
2116,211624210,EWS,2025,1,44.2599775,99.0,60,55
2116,211624210,TFWS,2025,1,65.1648234,99.0,60,55
2116,211624210,EWS,2025,1,39.199832,99.0,60,55
2116,211626310,EWS,2025,1,19.8246656,99.0,60,55
2116,211626310,TFWS,2025,1,51.8020478,99.0,60,55
2116,211626310,EWS,2025,1,32.8661478,99.0,60,55
2116,211626610,TFWS,2025,1,4.1246657,99.0,60,55
2116,211626610,EWS,2025,1,80.0260591,99.0,60,55
2116,211629310,TFWS,2025,1,24.2423208,99.0,60,55
2116,211629310,EWS,2025,1,34.8005502,99.0,60,55
2116,211637210,TFWS,2025,1,49.7291102,99.0,60,55
2116,211637210,EWS,2025,1,7.1923077,99.0,60,55
2116,211637210,TFWS,2025,1,49.1097752,99.0,60,55
2116,211637210,EWS,2025,1,2.5195548,99.0,60,55
2116,211661210,EWS,2025,1,22.7484499,99.0,60,55
2116,211661510,EWS,2025,1,7.1923077,99.0,60,55
2116,211691110,TFWS,2025,1,66.2972028,99.0,60,55
2116,211691110,EWS,2025,1,22.4248107,99.0,60,55
2116,211691110,TFWS,2025,1,43.6823105,99.0,60,55
2116,211691110,EWS,2025,1,20.9078498,99.0,60,55
2127,212719110,TFWS,2025,1,74.0630785,99.0,60,55
2127,212719110,EWS,2025,1,60.422115,99.0,60,55
2127,212719110,TFWS,2025,1,71.0421393,99.0,60,55
2127,212719110,EWS,2025,1,64.5293156,99.0,60,55
2127,212724210,TFWS,2025,1,87.4135301,99.0,60,55
2127,212724210,EWS,2025,1,77.2287062,99.0,60,55
2127,212724210,DEFOPENS,2025,1,36.1833289,99.0,60,55
2127,212724210,TFWS,2025,1,86.713982,99.0,60,55
2127,212724210,EWS,2025,1,80.4293972,99.0,60,55
2127,212724610,DEFOPENS,2025,1,82.3736697,99.0,60,55
2127,212724610,TFWS,2025,1,84.9728618,99.0,60,55
2127,212724610,EWS,2025,1,73.2612864,99.0,60,55
2127,212724610,DEFOPENS,2025,1,37.8307719,99.0,60,55
2127,212724610,TFWS,2025,1,83.1707575,99.0,60,55
2127,212724610,EWS,2025,1,74.75684,99.0,60,55
2127,212737210,TFWS,2025,1,71.8498844,99.0,60,55
2127,212737210,EWS,2025,1,67.1459332,99.0,60,55
2127,212737210,TFWS,2025,1,77.2289819,99.0,60,55
2127,212737210,EWS,2025,1,65.4837825,99.0,60,55
2127,212761210,TFWS,2025,1,56.2929777,99.0,60,55
2127,212761210,EWS,2025,1,39.2328654,99.0,60,55
2127,212761210,TFWS,2025,1,66.0956881,99.0,60,55
2127,212761210,EWS,2025,1,49.7711098,99.0,60,55
2127,212791610,TFWS,2025,1,62.0615406,99.0,60,55
2127,212791610,EWS,2025,1,35.5422955,99.0,60,55
2127,212791610,TFWS,2025,1,64.2198294,99.0,60,55
2127,212791610,EWS,2025,1,52.8560653,99.0,60,55
2127,212792110,TFWS,2025,1,82.777662,99.0,60,55
2127,212792110,EWS,2025,1,68.8687467,99.0,60,55
2127,212792110,TFWS,2025,1,78.8983322,99.0,60,55
2127,212792110,EWS,2025,1,67.2460619,99.0,60,55
2127,212799510,TFWS,2025,1,80.5793663,99.0,60,55
2127,212799510,EWS,2025,1,66.1169676,99.0,60,55
2129,212919110,DEFOPENS,2025,1,13.9509479,99.0,60,55
2129,212919110,TFWS,2025,1,62.918458,99.0,60,55
2129,212919110,EWS,2025,1,32.3446384,99.0,60,55
2129,212919110,TFWS,2025,1,75.242318,99.0,60,55
2129,212919110,EWS,2025,1,52.4918222,99.0,60,55
2129,212924210,DEFOPENS,2025,1,22.1118881,99.0,60,55
2129,212924210,TFWS,2025,1,83.5597353,99.0,60,55
2129,212924210,EWS,2025,1,65.630713,99.0,60,55
2129,212924210,DEFOPENS,2025,1,79.3692556,99.0,60,55
2129,212924210,TFWS,2025,1,89.0027605,99.0,60,55
2129,212924210,EWS,2025,1,70.4215645,99.0,60,55
2129,212924610,DEFOPENS,2025,1,63.3986014,99.0,60,55
2129,212924610,TFWS,2025,1,78.2396759,99.0,60,55
2129,212924610,EWS,2025,1,49.7291102,99.0,60,55
2129,212924610,TFWS,2025,1,75.242318,99.0,60,55
2129,212924610,EWS,2025,1,63.9397326,99.0,60,55
2129,212929310,TFWS,2025,1,50.7016833,99.0,60,55
2129,212929310,EWS,2025,1,9.8110718,99.0,60,55
2129,212929310,TFWS,2025,1,69.7766245,99.0,60,55
2129,212929310,EWS,2025,1,45.9819894,99.0,60,55
2129,212937210,TFWS,2025,1,62.8632493,99.0,60,55
2129,212937210,EWS,2025,1,24.7167509,99.0,60,55
2129,212937210,TFWS,2025,1,69.4641016,99.0,60,55
2129,212937210,EWS,2025,1,60.268127,99.0,60,55
2129,212961210,TFWS,2025,1,51.1762787,99.0,60,55
2129,212961210,EWS,2025,1,9.6906054,99.0,60,55
2129,212961210,DEFOPENS,2025,1,64.4305882,99.0,60,55
2129,212961210,TFWS,2025,1,63.4757967,99.0,60,55
2129,212961210,EWS,2025,1,14.6839821,99.0,60,55
2129,212991110,DEFOPENS,2025,1,0.3137528,99.0,60,55
2129,212991110,TFWS,2025,1,74.0630785,99.0,60,55
2129,212991110,EWS,2025,1,60.422115,99.0,60,55
2129,212991110,TFWS,2025,1,73.2908824,99.0,60,55
2129,212991110,EWS,2025,1,62.6016833,99.0,60,55
2130,213019110,TFWS,2025,1,40.0432529,99.0,60,55
2130,213019110,EWS,2025,1,24.9543245,99.0,60,55
2130,213019110,TFWS,2025,1,64.4305882,99.0,60,55
2130,213019110,EWS,2025,1,14.7883959,99.0,60,55
2130,213024210,TFWS,2025,1,77.161886,99.0,60,55
2130,213024210,EWS,2025,1,61.1295449,99.0,60,55
2130,213024210,TFWS,2025,1,74.4163823,99.0,60,55
2130,213024210,EWS,2025,1,57.6578681,99.0,60,55
2130,213037210,TFWS,2025,1,60.4378874,99.0,60,55
2130,213037210,EWS,2025,1,16.4425946,99.0,60,55
2130,213037210,TFWS,2025,1,56.2435713,99.0,60,55
2130,213037210,EWS,2025,1,7.912154,99.0,60,55
2130,213061210,EWS,2025,1,1.4331832,99.0,60,55
2130,213061210,EWS,2025,1,20.7039337,99.0,60,55
2130,213099510,DEFOPENS,2025,1,14.0584844,99.0,60,55
2130,213099510,TFWS,2025,1,64.3453843,99.0,60,55
2130,213099510,EWS,2025,1,38.7925588,99.0,60,55
2130,213099510,TFWS,2025,1,63.540901,99.0,60,55
2130,213099510,EWS,2025,1,41.6288192,99.0,60,55
2131,213119110,TFWS,2025,1,71.7660957,99.0,60,55
2131,213119110,EWS,2025,1,19.7268589,99.0,60,55
2131,213124210,TFWS,2025,1,69.0979021,99.0,60,55
2131,213124210,EWS,2025,1,11.7097752,99.0,60,55
2131,213124210,TFWS,2025,1,56.5182885,99.0,60,55
2131,213124210,EWS,2025,1,32.4603175,99.0,60,55
2131,213137210,EWS,2025,1,25.7272727,99.0,60,55
2131,213137210,EWS,2025,1,27.2101033,99.0,60,55
2133,213319110,TFWS,2025,1,53.2228937,99.0,60,55
2133,213319110,EWS,2025,1,45.3566434,99.0,60,55
2133,213324210,DEFOPENS,2025,1,16.4425946,99.0,60,55
2133,213324210,TFWS,2025,1,65.5190641,99.0,60,55
2133,213324210,EWS,2025,1,14.0716041,99.0,60,55
2133,213324210,TFWS,2025,1,65.6970807,99.0,60,55
2133,213324210,EWS,2025,1,37.2578704,99.0,60,55
2133,213329310,TFWS,2025,1,28.6606658,99.0,60,55
2133,213329310,EWS,2025,1,45.8934793,99.0,60,55
2133,213337210,EWS,2025,1,2.9073768,99.0,60,55
2133,213361210,EWS,2025,1,52.1585439,99.0,60,55
2133,213391710,TFWS,2025,1,21.3037657,99.0,60,55
2133,213391710,EWS,2025,1,51.7009371,99.0,60,55
2133,213391710,TFWS,2025,1,45.1152324,99.0,60,55
2133,213391710,EWS,2025,1,18.0880939,99.0,60,55
2133,213399710,TFWS,2025,1,60.8775137,99.0,60,55
2133,213399710,EWS,2025,1,6.3882064,99.0,60,55
2133,213399710,DEFOPENS,2025,1,56.4419991,99.0,60,55
2133,213399710,TFWS,2025,1,49.0487536,99.0,60,55
2133,213399710,EWS,2025,1,22.3579956,99.0,60,55
2134,213419110,GOPENH,2025,1,44.5303298,99.0,60,55
2134,213419110,GSCNH,2025,1,32.4837011,99.0,60,55
2134,213419110,GVJS,2025,1,34.896751,99.0,60,55
2134,213419110,GNT2S,2025,1,36.1161649,99.0,60,55
2134,213419110,GNT3S,2025,1,39.5742169,99.0,60,55
2134,213419110,GOBCNH,2025,1,26.6274079,99.0,60,55
2134,213419110,GSEBCS,2025,1,25.968356,99.0,60,55
2134,213419110,LOPENS,2025,1,46.6242967,99.0,60,55
2134,213419110,LSCS,2025,1,28.3031822,99.0,60,55
2134,213419110,LOBCS,2025,1,28.1994074,99.0,60,55
2134,213419110,LSEBCS,2025,1,42.9247346,99.0,60,55
2134,213419110,TFWS,2025,1,57.6249683,99.0,60,55
2134,213419110,EWS,2025,1,1.9170661,99.0,60,55
2134,213419110,GOPENH,2025,1,52.1585439,99.0,60,55
2134,213419110,GSCNH,2025,1,43.0034494,99.0,60,55
2134,213419110,GVJS,2025,1,52.1496391,99.0,60,55
2134,213419110,GNT1S,2025,1,38.6749482,99.0,60,55
2134,213419110,GNT2S,2025,1,41.6288192,99.0,60,55
2134,213419110,GOBCNH,2025,1,45.457039,99.0,60,55
2134,213419110,GSEBCS,2025,1,44.6087422,99.0,60,55
2134,213419110,LOPENS,2025,1,54.9733848,99.0,60,55
2134,213419110,LSCS,2025,1,47.7838912,99.0,60,55
2134,213419110,LVJS,2025,1,47.4563898,99.0,60,55
2134,213419110,LNT3S,2025,1,9.0555876,99.0,60,55
2134,213419110,LOBCS,2025,1,42.4145111,99.0,60,55
2134,213419110,LSEBCS,2025,1,45.457039,99.0,60,55
2134,213419110,TFWS,2025,1,61.7346759,99.0,60,55
2134,213419110,EWS,2025,1,20.9880869,99.0,60,55
2134,213424210,GOPENH,2025,1,75.3562654,99.0,60,55
2134,213424210,GSCNH,2025,1,71.8197195,99.0,60,55
2134,213424210,GVJS,2025,1,71.8197195,99.0,60,55
2134,213424210,GNT1S,2025,1,71.8498844,99.0,60,55
2134,213424210,GNT2S,2025,1,74.6802716,99.0,60,55
2134,213424210,GNT3S,2025,1,74.6802716,99.0,60,55
2134,213424210,GOBCNH,2025,1,73.6159498,99.0,60,55
2134,213424210,GSEBCS,2025,1,74.9785452,99.0,60,55
2134,213424210,LOPENS,2025,1,79.3730892,99.0,60,55
2134,213424210,LSCS,2025,1,75.210728,99.0,60,55
2134,213424210,LNT1S,2025,1,75.4880541,99.0,60,55
2134,213424210,LNT2S,2025,1,76.9322569,99.0,60,55
2134,213424210,LOBCS,2025,1,75.8001957,99.0,60,55
2134,213424210,LSEBCS,2025,1,73.6328536,99.0,60,55
2134,213424210,DEFOPENS,2025,1,62.1365556,99.0,60,55
2134,213424210,TFWS,2025,1,78.2396759,99.0,60,55
2134,213424210,EWS,2025,1,64.3871019,99.0,60,55
2134,213424210,GOPENH,2025,1,77.0914416,99.0,60,55
2134,213424210,GSCNH,2025,1,71.4377156,99.0,60,55
2134,213424210,GVJS,2025,1,76.7952218,99.0,60,55
2134,213424210,GNT2S,2025,1,76.3172626,99.0,60,55
2134,213424210,GNT3S,2025,1,74.1899324,99.0,60,55
2134,213424210,GOBCNH,2025,1,76.099588,99.0,60,55
2134,213424210,GSEBCS,2025,1,75.1493199,99.0,60,55
2134,213424210,LOPENS,2025,1,81.9137967,99.0,60,55
2134,213424210,LSCS,2025,1,75.110975,99.0,60,55
2134,213424210,LSTS,2025,1,32.4603175,99.0,60,55
2134,213424210,LNT1S,2025,1,68.0484125,99.0,60,55
2134,213424210,LNT2S,2025,1,76.1726079,99.0,60,55
2134,213424210,LOBCS,2025,1,76.7952218,99.0,60,55
2134,213424210,LSEBCS,2025,1,79.3766715,99.0,60,55
2134,213424210,PWDOPENS,2025,1,19.7268589,99.0,60,55
2134,213424210,TFWS,2025,1,81.9275869,99.0,60,55
2134,213424210,PWDRSCS,2025,1,10.3857148,99.0,60,55
2134,213424210,EWS,2025,1,65.6313822,99.0,60,55
2134,213429310,GOPENH,2025,1,45.9816283,99.0,60,55
2134,213429310,GSCNH,2025,1,32.1281783,99.0,60,55
2134,213429310,GVJS,2025,1,45.8266058,99.0,60,55
2134,213429310,GNT1S,2025,1,38.3392226,99.0,60,55
2134,213429310,GNT2S,2025,1,36.1811489,99.0,60,55
2134,213429310,GOBCNH,2025,1,28.3031822,99.0,60,55
2134,213429310,GSEBCS,2025,1,36.1811489,99.0,60,55
2134,213429310,LOPENS,2025,1,43.4652257,99.0,60,55
2134,213429310,LSCS,2025,1,20.2849168,99.0,60,55
2134,213429310,LVJS,2025,1,29.5314685,99.0,60,55
2134,213429310,LNT3S,2025,1,39.6653303,99.0,60,55
2134,213429310,LOBCS,2025,1,52.3622324,99.0,60,55
2134,213429310,LSEBCS,2025,1,0.4193389,99.0,60,55
2134,213429310,TFWS,2025,1,42.2674623,99.0,60,55
2134,213429310,EWS,2025,1,38.3392226,99.0,60,55
2134,213429310,GOPENH,2025,1,59.2124434,99.0,60,55
2134,213429310,GSCNH,2025,1,44.3667268,99.0,60,55
2134,213429310,GVJS,2025,1,52.8560653,99.0,60,55
2134,213429310,GNT1S,2025,1,36.6414088,99.0,60,55
2134,213429310,GNT2S,2025,1,47.7838912,99.0,60,55
2134,213429310,GNT3S,2025,1,52.1191375,99.0,60,55
2134,213429310,GOBCNH,2025,1,48.8664194,99.0,60,55
2134,213429310,GSEBCS,2025,1,55.3743463,99.0,60,55
2134,213429310,LOPENS,2025,1,59.4665021,99.0,60,55
2134,213429310,LSCS,2025,1,46.4182823,99.0,60,55
2134,213429310,LVJS,2025,1,16.1702768,99.0,60,55
2134,213429310,LOBCS,2025,1,55.319298,99.0,60,55
2134,213429310,LSEBCS,2025,1,53.1039032,99.0,60,55
2134,213429310,TFWS,2025,1,69.7766245,99.0,60,55
2134,213429310,EWS,2025,1,1.5123393,99.0,60,55
2134,213437810,GOPENH,2025,1,38.7925588,99.0,60,55
2134,213437810,GSCNH,2025,1,18.1456181,99.0,60,55
2134,213437810,GVJS,2025,1,10.26398,99.0,60,55
2134,213437810,GNT2S,2025,1,28.6767287,99.0,60,55
2134,213437810,GOBCNH,2025,1,9.113484,99.0,60,55
2134,213437810,GSEBCS,2025,1,19.2944893,99.0,60,55
2134,213437810,LOPENS,2025,1,39.3601986,99.0,60,55
2134,213437810,LSCS,2025,1,10.8523619,99.0,60,55
2134,213437810,LOBCS,2025,1,13.9509479,99.0,60,55
2134,213437810,LSEBCS,2025,1,32.0884521,99.0,60,55
2134,213437810,TFWS,2025,1,57.4376852,99.0,60,55
2134,213437810,EWS,2025,1,16.5233632,99.0,60,55
2134,213437810,GOPENH,2025,1,41.153186,99.0,60,55
2134,213437810,GSCNH,2025,1,37.8307719,99.0,60,55
2134,213437810,GVJS,2025,1,30.6903413,99.0,60,55
2134,213437810,GNT1S,2025,1,10.9209283,99.0,60,55
2134,213437810,GNT2S,2025,1,38.0740533,99.0,60,55
2134,213437810,GOBCNH,2025,1,35.5866115,99.0,60,55
2134,213437810,GSEBCS,2025,1,27.0109031,99.0,60,55
2134,213437810,LOPENS,2025,1,52.1496391,99.0,60,55
2134,213437810,LSCS,2025,1,48.8548541,99.0,60,55
2134,213437810,LNT2S,2025,1,25.2895608,99.0,60,55
2134,213437810,LNT3S,2025,1,47.8755661,99.0,60,55
2134,213437810,LOBCS,2025,1,44.3215833,99.0,60,55
2134,213437810,LSEBCS,2025,1,41.6288192,99.0,60,55
2134,213437810,TFWS,2025,1,21.5368309,99.0,60,55
2134,213437810,EWS,2025,1,37.5813241,99.0,60,55
2134,213461210,GOPENH,2025,1,43.5338318,99.0,60,55
2134,213461210,GSCNH,2025,1,29.0442453,99.0,60,55
2134,213461210,GNT2S,2025,1,12.3781915,99.0,60,55
2134,213461210,GNT3S,2025,1,14.0716041,99.0,60,55
2134,213461210,GOBCNH,2025,1,25.4595013,99.0,60,55
2134,213461210,GSEBCS,2025,1,29.4125763,99.0,60,55
2134,213461210,LOPENS,2025,1,28.6767287,99.0,60,55
2134,213461210,LSCS,2025,1,11.1969965,99.0,60,55
2134,213461210,LVJS,2025,1,4.1433524,99.0,60,55
2134,213461210,LNT1S,2025,1,11.1328671,99.0,60,55
2134,213461210,LNT2S,2025,1,12.3781915,99.0,60,55
2134,213461210,LOBCS,2025,1,32.0884521,99.0,60,55
2134,213461210,LSEBCS,2025,1,31.9280223,99.0,60,55
2134,213461210,EWS,2025,1,10.7725189,99.0,60,55
2134,213461210,GOPENH,2025,1,54.96898,99.0,60,55
2134,213461210,GSCNH,2025,1,41.7943409,99.0,60,55
2134,213461210,GSTNH,2025,1,25.6909658,99.0,60,55
2134,213461210,GVJS,2025,1,44.3667268,99.0,60,55
2134,213461210,GNT1S,2025,1,46.0219719,99.0,60,55
2134,213461210,GNT2S,2025,1,33.7141758,99.0,60,55
2134,213461210,GNT3S,2025,1,49.2473035,99.0,60,55
2134,213461210,GOBCNH,2025,1,50.5512969,99.0,60,55
2134,213461210,GSEBCS,2025,1,46.2039046,99.0,60,55
2134,213461210,LOPENS,2025,1,51.2488599,99.0,60,55
2134,213461210,LSCS,2025,1,35.8191126,99.0,60,55
2134,213461210,LVJS,2025,1,15.1259327,99.0,60,55
2134,213461210,LOBCS,2025,1,45.6611497,99.0,60,55
2134,213461210,LSEBCS,2025,1,49.1980067,99.0,60,55
2134,213461210,EWS,2025,1,17.9468599,99.0,60,55
2134,213484410,GOPENH,2025,1,54.1537389,99.0,60,55
2134,213484410,GSCNH,2025,1,50.3223138,99.0,60,55
2134,213484410,GVJS,2025,1,42.2674623,99.0,60,55
2134,213484410,GNT1S,2025,1,3.1812183,99.0,60,55
2134,213484410,GNT2S,2025,1,49.3416227,99.0,60,55
2134,213484410,GOBCNH,2025,1,47.0502678,99.0,60,55
2134,213484410,GSEBCS,2025,1,47.0502678,99.0,60,55
2134,213484410,LOPENS,2025,1,58.8525307,99.0,60,55
2134,213484410,LSCS,2025,1,50.4913264,99.0,60,55
2134,213484410,LNT2S,2025,1,35.5422955,99.0,60,55
2134,213484410,LNT3S,2025,1,5.1955268,99.0,60,55
2134,213484410,LOBCS,2025,1,55.1895416,99.0,60,55
2134,213484410,LSEBCS,2025,1,56.2929777,99.0,60,55
2134,213484410,TFWS,2025,1,58.2180677,99.0,60,55
2134,213484410,EWS,2025,1,22.3617813,99.0,60,55
2134,213484410,GOPENH,2025,1,58.4294088,99.0,60,55
2134,213484410,GSCNH,2025,1,54.873582,99.0,60,55
2134,213484410,GVJS,2025,1,53.1039032,99.0,60,55
2134,213484410,GNT1S,2025,1,51.7178644,99.0,60,55
2134,213484410,GNT2S,2025,1,54.9832594,99.0,60,55
2134,213484410,GNT3S,2025,1,52.8560653,99.0,60,55
2134,213484410,GOBCNH,2025,1,53.7405107,99.0,60,55
2134,213484410,GSEBCS,2025,1,55.3743463,99.0,60,55
2134,213484410,LOPENS,2025,1,66.0549811,99.0,60,55
2134,213484410,LSCS,2025,1,53.1039032,99.0,60,55
2134,213484410,LNT2S,2025,1,47.7548586,99.0,60,55
2134,213484410,LOBCS,2025,1,56.5580532,99.0,60,55
2134,213484410,LSEBCS,2025,1,60.010721,99.0,60,55
2134,213484410,TFWS,2025,1,63.4876968,99.0,60,55
2134,213484410,EWS,2025,1,15.1259327,99.0,60,55
2134,213491210,GOPENH,2025,1,66.4263323,99.0,60,55
2134,213491210,GSCNH,2025,1,63.200058,99.0,60,55
2134,213491210,GVJS,2025,1,53.7591782,99.0,60,55
2134,213491210,GNT2S,2025,1,39.7546871,99.0,60,55
2134,213491210,GNT3S,2025,1,56.2929777,99.0,60,55
2134,213491210,GOBCNH,2025,1,60.422115,99.0,60,55
2134,213491210,GSEBCS,2025,1,60.422115,99.0,60,55
2134,213491210,LOPENS,2025,1,69.2179237,99.0,60,55
2134,213491210,LSCS,2025,1,63.8244514,99.0,60,55
2134,213491210,LSTS,2025,1,20.2849168,99.0,60,55
2134,213491210,LVJS,2025,1,60.634478,99.0,60,55
2134,213491210,LNT1S,2025,1,65.8992965,99.0,60,55
2134,213491210,LOBCS,2025,1,65.5190641,99.0,60,55
2134,213491210,LSEBCS,2025,1,65.8992965,99.0,60,55
2134,213491210,TFWS,2025,1,74.9785452,99.0,60,55
2134,213491210,EWS,2025,1,54.1537389,99.0,60,55
2134,213491210,GOPENH,2025,1,70.4097117,99.0,60,55
2134,213491210,GSCNH,2025,1,65.814611,99.0,60,55
2134,213491210,GVJS,2025,1,65.2933256,99.0,60,55
2134,213491210,GNT2S,2025,1,68.9346395,99.0,60,55
2134,213491210,GNT3S,2025,1,61.8012422,99.0,60,55
2134,213491210,GOBCNH,2025,1,66.0549811,99.0,60,55
2134,213491210,GSEBCS,2025,1,68.6254044,99.0,60,55
2134,213491210,LOPENS,2025,1,75.6280193,99.0,60,55
2134,213491210,LSCS,2025,1,66.7193141,99.0,60,55
2134,213491210,LVJS,2025,1,49.0487536,99.0,60,55
2134,213491210,LNT1S,2025,1,39.966573,99.0,60,55
2134,213491210,LOBCS,2025,1,74.1334872,99.0,60,55
2134,213491210,LSEBCS,2025,1,70.6970324,99.0,60,55
2134,213491210,TFWS,2025,1,79.9864621,99.0,60,55
2134,213491210,EWS,2025,1,44.1521083,99.0,60,55
2135,213519110,EWS,2025,1,32.0884521,99.0,60,55
2135,213519110,TFWS,2025,1,54.9986599,99.0,60,55
2135,213519110,EWS,2025,1,19.3259851,99.0,60,55
2135,213524210,TFWS,2025,1,58.8994542,99.0,60,55
2135,213524210,EWS,2025,1,47.8905633,99.0,60,55
2135,213524210,DEFOPENS,2025,1,49.3545528,99.0,60,55
2135,213524210,TFWS,2025,1,70.0706138,99.0,60,55
2135,213524210,EWS,2025,1,6.539247,99.0,60,55
2135,213561210,DEFOPENS,2025,1,42.2674623,99.0,60,55
2135,213561210,TFWS,2025,1,42.2674623,99.0,60,55
2135,213561210,EWS,2025,1,7.4355245,99.0,60,55
2135,213561210,TFWS,2025,1,52.1585439,99.0,60,55
2135,213561210,EWS,2025,1,8.7473542,99.0,60,55
2135,213591110,TFWS,2025,1,58.8525307,99.0,60,55
2135,213591110,EWS,2025,1,16.860405,99.0,60,55
2135,213591110,TFWS,2025,1,67.9621973,99.0,60,55
2135,213591110,EWS,2025,1,5.2389769,99.0,60,55
2136,213619110,TFWS,2025,1,16.6909773,99.0,60,55
2136,213619110,EWS,2025,1,8.7118703,99.0,60,55
2136,213619110,TFWS,2025,1,1.5952389,99.0,60,55
2136,213619110,EWS,2025,1,12.7454023,99.0,60,55
2136,213624210,TFWS,2025,1,52.8806012,99.0,60,55
2136,213624210,EWS,2025,1,7.1923077,99.0,60,55
2136,213624210,TFWS,2025,1,66.561551,99.0,60,55
2136,213624210,EWS,2025,1,17.200127,99.0,60,55
2136,213624610,TFWS,2025,1,31.9280223,99.0,60,55
2136,213624610,EWS,2025,1,10.8523619,99.0,60,55
2136,213624610,TFWS,2025,1,11.1503744,99.0,60,55
2136,213624610,EWS,2025,1,36.7116245,99.0,60,55
2136,213629310,TFWS,2025,1,0.6077329,99.0,60,55
2136,213629310,EWS,2025,1,28.1994074,99.0,60,55
2136,213629310,TFWS,2025,1,17.4168914,99.0,60,55
2136,213629310,EWS,2025,1,50.8920685,99.0,60,55
2136,213661210,EWS,2025,1,2.0794666,99.0,60,55
2136,213691210,EWS,2025,1,34.1066887,99.0,60,55
2136,213692110,EWS,2025,1,11.1328671,99.0,60,55
2136,213692110,TFWS,2025,1,64.1240022,99.0,60,55
2136,213692110,EWS,2025,1,41.153186,99.0,60,55
2137,213719110,EWS,2025,1,23.5136803,99.0,60,55
2137,213724210,EWS,2025,1,72.6730266,99.0,60,55
2137,213724210,EWS,2025,1,76.6993653,99.0,60,55
2137,213729710,EWS,2025,1,17.6786167,99.0,60,55
2138,213824210,TFWS,2025,1,78.6137148,99.0,60,55
2138,213824210,EWS,2025,1,47.0502678,99.0,60,55
2138,213824210,TFWS,2025,1,57.4188806,99.0,60,55
2138,213824210,EWS,2025,1,4.3571041,99.0,60,55
2138,213829310,TFWS,2025,1,36.1811489,99.0,60,55
2138,213829310,EWS,2025,1,17.8544822,99.0,60,55
2138,213829310,TFWS,2025,1,60.4816409,99.0,60,55
2138,213829310,EWS,2025,1,35.5420211,99.0,60,55
2138,213861210,EWS,2025,1,2.7428336,99.0,60,55
2146,214619110,EWS,2025,1,41.7943409,99.0,60,55
2146,214624210,EWS,2025,1,52.8806012,99.0,60,55
2146,214661210,EWS,2025,1,23.214079,99.0,60,55
2189,218919110,TFWS,2025,1,47.1398578,99.0,60,55
2189,218919110,EWS,2025,1,13.6137728,99.0,60,55
2189,218919110,EWS,2025,1,0.8627208,99.0,60,55
2189,218937210,TFWS,2025,1,54.0903901,99.0,60,55
2189,218937210,EWS,2025,1,3.6022425,99.0,60,55
2189,218937210,EWS,2025,1,5.4201909,99.0,60,55
2189,218992510,TFWS,2025,1,78.1688442,99.0,60,55
2189,218992510,EWS,2025,1,35.7798895,99.0,60,55
2189,218992510,TFWS,2025,1,85.21049,99.0,60,55
2189,218992510,EWS,2025,1,45.6611497,99.0,60,55
2250,225019110,EWS,2025,1,34.7115718,99.0,60,55
2250,225024210,TFWS,2025,1,80.3531469,99.0,60,55
2250,225024210,EWS,2025,1,28.3031822,99.0,60,55
2250,225024210,DEFOPENS,2025,1,79.8369603,99.0,60,55
2250,225024210,TFWS,2025,1,72.9906413,99.0,60,55
2250,225024210,EWS,2025,1,44.6246246,99.0,60,55
2250,225029310,EWS,2025,1,12.3071672,99.0,60,55
2250,225037210,EWS,2025,1,64.3453843,99.0,60,55
2250,225037210,EWS,2025,1,44.586183,99.0,60,55
2250,225061210,EWS,2025,1,15.1259327,99.0,60,55
2250,225099510,TFWS,2025,1,76.7635852,99.0,60,55
2250,225099510,EWS,2025,1,13.3124347,99.0,60,55
2250,225099510,TFWS,2025,1,77.937978,99.0,60,55
2250,225099510,EWS,2025,1,11.134049,99.0,60,55
2252,225219110,TFWS,2025,1,50.8281802,99.0,60,55
2252,225219110,EWS,2025,1,12.5776664,99.0,60,55
2252,225219110,TFWS,2025,1,55.7542662,99.0,60,55
2252,225219110,EWS,2025,1,11.1244146,99.0,60,55
2252,225224210,TFWS,2025,1,80.3575863,99.0,60,55
2252,225224210,EWS,2025,1,66.3795642,99.0,60,55
2252,225224210,TFWS,2025,1,76.5995199,99.0,60,55
2252,225224210,EWS,2025,1,54.873582,99.0,60,55
2252,225229710,TFWS,2025,1,60.8775137,99.0,60,55
2252,225229710,EWS,2025,1,15.9545455,99.0,60,55
2252,225229710,TFWS,2025,1,74.9893249,99.0,60,55
2252,225229710,EWS,2025,1,12.3071672,99.0,60,55
2252,225261210,EWS,2025,1,12.3781915,99.0,60,55
2252,225261210,TFWS,2025,1,55.3743463,99.0,60,55
2252,225261210,EWS,2025,1,36.6388387,99.0,60,55
2254,225419110,EWS,2025,1,17.2365618,99.0,60,55
2254,225419110,EWS,2025,1,10.9696342,99.0,60,55
2254,225424510,DEFOPENS,2025,1,35.1590106,99.0,60,55
2254,225424510,TFWS,2025,1,75.2405919,99.0,60,55
2254,225424510,EWS,2025,1,43.1964993,99.0,60,55
2254,225424510,TFWS,2025,1,65.1648234,99.0,60,55
2254,225424510,EWS,2025,1,47.8755661,99.0,60,55
2254,225424610,TFWS,2025,1,59.2797111,99.0,60,55
2254,225424610,EWS,2025,1,7.8969624,99.0,60,55
2254,225424610,TFWS,2025,1,46.4953181,99.0,60,55
2254,225424610,EWS,2025,1,7.2789379,99.0,60,55
2254,225429310,EWS,2025,1,36.6299371,99.0,60,55
2254,225437210,TFWS,2025,1,33.465035,99.0,60,55
2254,225437210,EWS,2025,1,11.8670556,99.0,60,55
2254,225437210,EWS,2025,1,14.1484544,99.0,60,55
2254,225461210,EWS,2025,1,6.54341,99.0,60,55
2282,228224510,EWS,2025,1,14.3147873,99.0,60,55
2282,228229310,EWS,2025,1,16.4425946,99.0,60,55
2282,228290010,TFWS,2025,1,28.984931,99.0,60,55
2282,228290010,EWS,2025,1,35.5422955,99.0,60,55
2508,250824210,TFWS,2025,1,69.8498837,99.0,60,55
2508,250824210,EWS,2025,1,42.2674623,99.0,60,55
2508,250824210,TFWS,2025,1,62.5282864,99.0,60,55
2508,250824210,EWS,2025,1,41.1906024,99.0,60,55
2508,250850310,EWS,2025,1,81.9274345,99.0,60,55
2508,250850310,TFWS,2025,1,92.6938185,99.0,60,55
2508,250850310,EWS,2025,1,67.1207715,99.0,60,55
2508,250890610,GOPENH,2025,1,31.5596589,99.0,60,55
2508,250890610,GSCNH,2025,1,0.4193389,99.0,60,55
2508,250890610,GNT1S,2025,1,5.8085422,99.0,60,55
2508,250890610,GNT2S,2025,1,13.6137728,99.0,60,55
2508,250890610,GSEBCS,2025,1,3.4408227,99.0,60,55
2508,250890610,LOPENS,2025,1,47.3563218,99.0,60,55
2508,250890610,LSCS,2025,1,43.74434,99.0,60,55
2508,250890610,LSEBCS,2025,1,22.035802,99.0,60,55
2508,250890610,EWS,2025,1,12.5776664,99.0,60,55
2508,250890610,GOPENH,2025,1,4.3571041,99.0,60,55
2508,250890610,LOPENS,2025,1,6.2948821,99.0,60,55
2508,250890610,TFWS,2025,1,51.5429844,99.0,60,55
2508,250890610,EWS,2025,1,27.84396,99.0,60,55
2508,250890710,GOPENH,2025,1,25.9873754,99.0,60,55
2508,250890710,GSCNH,2025,1,5.8085422,99.0,60,55
2508,250890710,GNT1S,2025,1,5.6196618,99.0,60,55
2508,250890710,GNT2S,2025,1,5.3139267,99.0,60,55
2508,250890710,GSEBCS,2025,1,25.0722391,99.0,60,55
2508,250890710,LOPENS,2025,1,53.6771201,99.0,60,55
2508,250890710,LSCS,2025,1,32.6791073,99.0,60,55
2508,250890710,LOBCS,2025,1,19.4484962,99.0,60,55
2508,250890710,GOPENH,2025,1,2.438508,99.0,60,55
2508,250890710,LOPENS,2025,1,33.8928203,99.0,60,55
2508,250890710,EWS,2025,1,39.9385666,99.0,60,55
2508,250890810,GOPENH,2025,1,1.3900866,99.0,60,55
2508,250890810,LOPENS,2025,1,39.902473,99.0,60,55
2508,250890810,EWS,2025,1,19.8246656,99.0,60,55
2508,250890810,GOPENH,2025,1,27.84396,99.0,60,55
2508,250890810,LOPENS,2025,1,4.7246286,99.0,60,55
2508,250890810,EWS,2025,1,9.3099208,99.0,60,55
2508,250890910,GOPENH,2025,1,54.4314351,99.0,60,55
2508,250890910,GSCNH,2025,1,16.4425946,99.0,60,55
2508,250890910,GVJS,2025,1,43.031473,99.0,60,55
2508,250890910,GNT1S,2025,1,35.1590106,99.0,60,55
2508,250890910,GNT2S,2025,1,32.1650475,99.0,60,55
2508,250890910,GNT3S,2025,1,15.4704064,99.0,60,55
2508,250890910,GOBCNH,2025,1,35.4407253,99.0,60,55
2508,250890910,GSEBCS,2025,1,18.6473767,99.0,60,55
2508,250890910,LOPENS,2025,1,50.3223138,99.0,60,55
2508,250890910,LSCS,2025,1,32.0008834,99.0,60,55
2508,250890910,LNT2S,2025,1,46.6242967,99.0,60,55
2508,250890910,LOBCS,2025,1,42.7403863,99.0,60,55
2508,250890910,LSEBCS,2025,1,29.2375397,99.0,60,55
2508,250890910,TFWS,2025,1,46.7613499,99.0,60,55
2508,250890910,EWS,2025,1,9.6906054,99.0,60,55
2508,250890910,GOPENH,2025,1,15.4623879,99.0,60,55
2508,250890910,GVJS,2025,1,3.6878544,99.0,60,55
2508,250890910,GNT1S,2025,1,9.1673381,99.0,60,55
2508,250890910,GNT2S,2025,1,1.7470006,99.0,60,55
2508,250890910,GOBCNH,2025,1,2.7428336,99.0,60,55
2508,250890910,LOPENS,2025,1,37.2578704,99.0,60,55
2508,250890910,LSCS,2025,1,2.8702641,99.0,60,55
2508,250890910,LOBCS,2025,1,24.3359483,99.0,60,55
2508,250890910,LSEBCS,2025,1,19.9986005,99.0,60,55
2508,250890910,TFWS,2025,1,8.1379889,99.0,60,55
2508,250890910,EWS,2025,1,13.1614654,99.0,60,55
2508,250891110,TFWS,2025,1,51.7009371,99.0,60,55
2508,250891110,EWS,2025,1,35.6771832,99.0,60,55
2508,250891110,TFWS,2025,1,5.5559443,99.0,60,55
2508,250891110,EWS,2025,1,17.5485857,99.0,60,55
2508,250891410,EWS,2025,1,52.1652563,99.0,60,55
2508,250893710,GOPENH,2025,1,28.1994074,99.0,60,55
2508,250893710,GSCNH,2025,1,2.3662516,99.0,60,55
2508,250893710,GSTNH,2025,1,2.0436563,99.0,60,55
2508,250893710,GVJS,2025,1,5.4917171,99.0,60,55
2508,250893710,GNT1S,2025,1,16.5215865,99.0,60,55
2508,250893710,GNT2S,2025,1,5.9918095,99.0,60,55
2508,250893710,GNT3S,2025,1,1.6335772,99.0,60,55
2508,250893710,GOBCNH,2025,1,18.1456181,99.0,60,55
2508,250893710,LOPENS,2025,1,33.6209084,99.0,60,55
2508,250893710,LSCS,2025,1,13.4300699,99.0,60,55
2508,250893710,LNT2S,2025,1,25.8355418,99.0,60,55
2508,250893710,LOBCS,2025,1,29.5314685,99.0,60,55
2508,250893710,LSEBCS,2025,1,28.8537986,99.0,60,55
2508,250893710,TFWS,2025,1,3.1802973,99.0,60,55
2508,250893710,GOPENH,2025,1,18.7740682,99.0,60,55
2508,250893710,GSCNH,2025,1,5.1545589,99.0,60,55
2508,250893710,GOBCNH,2025,1,16.6253199,99.0,60,55
2508,250893710,LOPENS,2025,1,27.9569892,99.0,60,55
2508,250893710,LSCS,2025,1,7.3783359,99.0,60,55
2508,250893710,LVJS,2025,1,23.5097171,99.0,60,55
2508,250893710,LOBCS,2025,1,33.7141758,99.0,60,55
2508,250893710,TFWS,2025,1,1.6499107,99.0,60,55
2508,250893710,EWS,2025,1,16.7388465,99.0,60,55
2516,251624210,TFWS,2025,1,61.1295449,99.0,60,55
2516,251624210,EWS,2025,1,28.1994074,99.0,60,55
2516,251624210,TFWS,2025,1,62.965955,99.0,60,55
2516,251624210,EWS,2025,1,3.6176615,99.0,60,55
2516,251661210,EWS,2025,1,25.8355418,99.0,60,55
2516,251692110,DEFOPENS,2025,1,38.2479385,99.0,60,55
2516,251692110,TFWS,2025,1,59.9607019,99.0,60,55
2516,251692110,EWS,2025,1,26.7336064,99.0,60,55
2516,251692110,TFWS,2025,1,58.4294088,99.0,60,55
2516,251692110,EWS,2025,1,34.0389056,99.0,60,55
2522,252219110,EWS,2025,1,40.1861311,99.0,60,55
2522,252224510,TFWS,2025,1,57.6249683,99.0,60,55
2522,252224510,EWS,2025,1,12.9554081,99.0,60,55
2522,252224510,TFWS,2025,1,49.8699585,99.0,60,55
2522,252224510,EWS,2025,1,15.7373377,99.0,60,55
2522,252224610,TFWS,2025,1,22.1740686,99.0,60,55
2522,252224610,EWS,2025,1,7.6100354,99.0,60,55
2522,252224610,EWS,2025,1,16.3855337,99.0,60,55
2522,252237210,EWS,2025,1,25.4741362,99.0,60,55
2522,252299510,EWS,2025,1,57.0133407,99.0,60,55
2522,252299510,EWS,2025,1,20.9078498,99.0,60,55
2533,253319110,TFWS,2025,1,76.8973331,99.0,60,55
2533,253319110,EWS,2025,1,2.4063712,99.0,60,55
2533,253319110,TFWS,2025,1,74.75684,99.0,60,55
2533,253319110,EWS,2025,1,30.9042114,99.0,60,55
2533,253324210,DEFOPENS,2025,1,73.8000589,99.0,60,55
2533,253324210,DEFSEBCS,2025,1,32.0884521,99.0,60,55
2533,253324210,TFWS,2025,1,86.2041018,99.0,60,55
2533,253324210,EWS,2025,1,64.713186,99.0,60,55
2533,253324210,DEFOPENS,2025,1,71.4377156,99.0,60,55
2533,253324210,DEFOBCS,2025,1,79.8369603,99.0,60,55
2533,253324210,TFWS,2025,1,88.7627999,99.0,60,55
2533,253324210,DEFRSCS,2025,1,36.6711564,99.0,60,55
2533,253324210,EWS,2025,1,66.0913492,99.0,60,55
2533,253329310,TFWS,2025,1,73.5570613,99.0,60,55
2533,253329310,EWS,2025,1,32.1650475,99.0,60,55
2533,253329310,DEFOPENS,2025,1,23.9884494,99.0,60,55
2533,253329310,TFWS,2025,1,80.7910924,99.0,60,55
2533,253329310,EWS,2025,1,42.4145111,99.0,60,55
2533,253337810,TFWS,2025,1,69.3295893,99.0,60,55
2533,253337810,EWS,2025,1,4.036504,99.0,60,55
2533,253337810,TFWS,2025,1,75.1704646,99.0,60,55
2533,253337810,EWS,2025,1,37.8307719,99.0,60,55
2533,253361210,TFWS,2025,1,70.7504568,99.0,60,55
2533,253361210,EWS,2025,1,1.0819823,99.0,60,55
2533,253361210,DEFOPENS,2025,1,53.1039032,99.0,60,55
2533,253361210,TFWS,2025,1,79.3766715,99.0,60,55
2533,253361210,EWS,2025,1,41.6288192,99.0,60,55
2533,253384410,TFWS,2025,1,75.210728,99.0,60,55
2533,253384410,EWS,2025,1,28.8537986,99.0,60,55
2533,253384410,TFWS,2025,1,80.7910924,99.0,60,55
2533,253384410,EWS,2025,1,53.1039032,99.0,60,55
2533,253392810,TFWS,2025,1,67.8210479,99.0,60,55
2533,253392810,EWS,2025,1,6.9235509,99.0,60,55
2533,253392810,TFWS,2025,1,75.6280193,99.0,60,55
2533,253392810,EWS,2025,1,35.5866115,99.0,60,55
2533,253399510,DEFOPENS,2025,1,43.1964993,99.0,60,55
2533,253399510,TFWS,2025,1,82.4521073,99.0,60,55
2533,253399510,EWS,2025,1,55.2744499,99.0,60,55
2533,253399510,DEFOPENS,2025,1,21.6834785,99.0,60,55
2533,253399510,TFWS,2025,1,84.0342981,99.0,60,55
2533,253399510,EWS,2025,1,60.1814551,99.0,60,55
2634,263429310,TFWS,2025,1,19.0847282,99.0,60,55
2634,263429310,EWS,2025,1,23.4132019,99.0,60,55
2634,263429310,EWS,2025,1,36.7116245,99.0,60,55
2634,263492110,EWS,2025,1,48.1265004,99.0,60,55
2637,263719110,EWS,2025,1,69.3105802,99.0,60,55
2637,263724510,EWS,2025,1,65.6692751,99.0,60,55
2637,263724510,EWS,2025,1,24.3359483,99.0,60,55
2637,263724610,EWS,2025,1,32.1281783,99.0,60,55
2641,264119110,EWS,2025,1,66.9498069,99.0,60,55
2641,264119110,TFWS,2025,1,8.3041898,99.0,60,55
2641,264119110,EWS,2025,1,38.0740533,99.0,60,55
2641,264124210,EWS,2025,1,13.01665,99.0,60,55
2641,264124210,TFWS,2025,1,74.5525612,99.0,60,55
2641,264124210,EWS,2025,1,7.6400322,99.0,60,55
2641,264129310,EWS,2025,1,53.6060165,99.0,60,55
2641,264199710,EWS,2025,1,39.902473,99.0,60,55
2641,264199710,TFWS,2025,1,64.4305882,99.0,60,55
2641,264199710,EWS,2025,1,21.3588155,99.0,60,55
2666,266624610,EWS,2025,1,50.3223138,99.0,60,55
2666,266624610,EWS,2025,1,24.2423208,99.0,60,55
2666,266656610,DEFOPENS,2025,1,47.3563218,99.0,60,55
2666,266656610,EWS,2025,1,24.7167509,99.0,60,55
2666,266656610,EWS,2025,1,29.2374051,99.0,60,55
2666,266692110,EWS,2025,1,35.508346,99.0,60,55
2758,275824210,EWS,2025,1,31.7722006,99.0,60,55
2770,277029310,EWS,2025,1,52.016058,99.0,60,55
2770,277099510,EWS,2025,1,1.5752309,99.0,60,55
2772,277219110,TFWS,2025,1,63.3986014,99.0,60,55
2772,277219110,EWS,2025,1,6.0307212,99.0,60,55
2772,277219110,EWS,2025,1,17.9468599,99.0,60,55
2772,277224510,DEFOPENS,2025,1,86.9194446,99.0,60,55
2772,277224510,TFWS,2025,1,89.4914664,99.0,60,55
2772,277224510,EWS,2025,1,67.1459332,99.0,60,55
2772,277224510,TFWS,2025,1,72.8488305,99.0,60,55
2772,277224510,EWS,2025,1,39.9385666,99.0,60,55
2772,277237210,TFWS,2025,1,69.2179237,99.0,60,55
2772,277237210,EWS,2025,1,26.6274079,99.0,60,55
2772,277237210,DEFOPENS,2025,1,55.3743463,99.0,60,55
2772,277237210,EWS,2025,1,3.2332168,99.0,60,55
2772,277292110,TFWS,2025,1,84.0903324,99.0,60,55
2772,277292110,EWS,2025,1,40.6822054,99.0,60,55
2772,277292110,TFWS,2025,1,65.1614878,99.0,60,55
2772,277292110,EWS,2025,1,11.134049,99.0,60,55
2777,277724210,TFWS,2025,1,60.5118338,99.0,60,55
2777,277724210,EWS,2025,1,22.3579956,99.0,60,55
2777,277761210,EWS,2025,1,0.8329512,99.0,60,55
2777,277799710,TFWS,2025,1,62.8632493,99.0,60,55
2777,277799710,EWS,2025,1,7.9877752,99.0,60,55
2777,277799710,EWS,2025,1,31.0015898,99.0,60,55
2779,277919110,EWS,2025,1,40.6688911,99.0,60,55
2779,277924210,TFWS,2025,1,11.0553814,99.0,60,55
2779,277924210,EWS,2025,1,11.1969965,99.0,60,55
2779,277924610,EWS,2025,1,71.1330463,99.0,60,55
2779,277937210,EWS,2025,1,10.9209283,99.0,60,55
2779,277999510,TFWS,2025,1,6.54341,99.0,60,55
2779,277999510,EWS,2025,1,42.7403863,99.0,60,55
2779,277999510,EWS,2025,1,37.0257103,99.0,60,55
2805,280537210,TFWS,2025,1,18.3800623,99.0,60,55
2805,280537210,EWS,2025,1,9.3099208,99.0,60,55
2805,280556610,TFWS,2025,1,47.8219396,99.0,60,55
2805,280556610,EWS,2025,1,66.1911263,99.0,60,55
2805,280599510,TFWS,2025,1,58.1324148,99.0,60,55
2805,280599510,EWS,2025,1,13.2183243,99.0,60,55
3012,301219110,GOPENH,2025,1,98.4709161,99.0,60,55
3012,301219110,GSCNH,2025,1,95.2509653,99.0,60,55
3012,301219110,GSTNH,2025,1,87.6831328,99.0,60,55
3012,301219110,GVJS,2025,1,97.9640927,99.0,60,55
3012,301219110,GNT2S,2025,1,98.0868006,99.0,60,55
3012,301219110,GOBCNH,2025,1,98.1869508,99.0,60,55
3012,301219110,GSEBCS,2025,1,97.9718787,99.0,60,55
3012,301219110,LOPENS,2025,1,97.7150819,99.0,60,55
3012,301219110,LSCS,2025,1,93.1048951,99.0,60,55
3012,301219110,LSTS,2025,1,96.308175,99.0,60,55
3012,301219110,LVJS,2025,1,89.9712654,99.0,60,55
3012,301219110,LNT1S,2025,1,95.4087502,99.0,60,55
3012,301219110,LNT2S,2025,1,96.139486,99.0,60,55
3012,301219110,LNT3S,2025,1,94.0166833,99.0,60,55
3012,301219110,LOBCS,2025,1,96.684051,99.0,60,55
3012,301219110,LSEBCS,2025,1,97.1954276,99.0,60,55
3012,301219110,PWDOPENS,2025,1,81.7705077,99.0,60,55
3012,301219110,PWDOBCS,2025,1,73.1347962,99.0,60,55
3012,301219110,DEFOPENS,2025,1,97.4161284,99.0,60,55
3012,301219110,DEFOBCS,2025,1,90.9306237,99.0,60,55
3012,301219110,TFWS,2025,1,98.4934988,99.0,60,55
3012,301219110,GOPENH,2025,1,98.9878776,99.0,60,55
3012,301219110,GSCNH,2025,1,96.4927019,99.0,60,55
3012,301219110,GSTNH,2025,1,90.1398917,99.0,60,55
3012,301219110,GVJS,2025,1,97.545444,99.0,60,55
3012,301219110,GNT2S,2025,1,98.0971721,99.0,60,55
3012,301219110,GNT3S,2025,1,98.3371048,99.0,60,55
3012,301219110,GOBCNH,2025,1,98.6682994,99.0,60,55
3012,301219110,GSEBCS,2025,1,98.3819921,99.0,60,55
3012,301219110,LOPENS,2025,1,98.4497019,99.0,60,55
3012,301219110,LSCS,2025,1,94.6959625,99.0,60,55
3012,301219110,LSTS,2025,1,90.9612775,99.0,60,55
3012,301219110,LNT1S,2025,1,96.3008972,99.0,60,55
3012,301219110,LOBCS,2025,1,97.7312329,99.0,60,55
3012,301219110,LSEBCS,2025,1,98.0106799,99.0,60,55
3012,301219110,PWDOPENS,2025,1,81.0159708,99.0,60,55
3012,301219110,PWDOBCS,2025,1,75.242318,99.0,60,55
3012,301219110,DEFOPENS,2025,1,95.8346459,99.0,60,55
3012,301219110,DEFOBCS,2025,1,94.6595693,99.0,60,55
3012,301219110,TFWS,2025,1,98.8626758,99.0,60,55
3012,301219110,PWDROBCS,2025,1,76.4503291,99.0,60,55
3012,301219110,DEFROBCS,2025,1,95.7888266,99.0,60,55
3012,301219110,EWS,2025,1,38.0901752,99.0,60,55
3012,301224510,GOPENH,2025,1,99.9522882,99.0,60,55
3012,301224510,GSCNH,2025,1,98.9825175,99.0,60,55
3012,301224510,GSTNH,2025,1,97.4543824,99.0,60,55
3012,301224510,GVJS,2025,1,99.265671,99.0,60,55
3012,301224510,GNT1S,2025,1,99.6203413,99.0,60,55
3012,301224510,GNT2S,2025,1,99.3934112,99.0,60,55
3012,301224510,GNT3S,2025,1,99.7472797,99.0,60,55
3012,301224510,GOBCNH,2025,1,99.8171846,99.0,60,55
3012,301224510,GSEBCS,2025,1,99.7555098,99.0,60,55
3012,301224510,LOPENS,2025,1,99.95437,99.0,60,55
3012,301224510,LSCS,2025,1,99.184953,99.0,60,55
3012,301224510,LSTS,2025,1,94.4932607,99.0,60,55
3012,301224510,LOBCS,2025,1,99.7447552,99.0,60,55
3012,301224510,LSEBCS,2025,1,99.7347969,99.0,60,55
3012,301224510,PWDOPENS,2025,1,99.4760923,99.0,60,55
3012,301224510,PWDOBCS,2025,1,95.3022947,99.0,60,55
3012,301224510,DEFOPENS,2025,1,99.8930703,99.0,60,55
3012,301224510,DEFOBCS,2025,1,98.9992248,99.0,60,55
3012,301224510,TFWS,2025,1,99.9442217,99.0,60,55
3012,301224510,GOPENH,2025,1,99.9923062,99.0,60,55
3012,301224510,GSCNH,2025,1,99.3943022,99.0,60,55
3012,301224510,GSTNH,2025,1,98.1399096,99.0,60,55
3012,301224510,GNT1S,2025,1,99.9794281,99.0,60,55
3012,301224510,GNT2S,2025,1,99.8274672,99.0,60,55
3012,301224510,GNT3S,2025,1,99.9541236,99.0,60,55
3012,301224510,GOBCNH,2025,1,99.9828568,99.0,60,55
3012,301224510,GSEBCS,2025,1,99.8766907,99.0,60,55
3012,301224510,LOPENS,2025,1,99.9726962,99.0,60,55
3012,301224510,LSCS,2025,1,98.7189844,99.0,60,55
3012,301224510,LSTS,2025,1,96.7919146,99.0,60,55
3012,301224510,LVJS,2025,1,98.6682994,99.0,60,55
3012,301224510,LNT2S,2025,1,99.4867045,99.0,60,55
3012,301224510,LNT3S,2025,1,99.295478,99.0,60,55
3012,301224510,LOBCS,2025,1,99.8385509,99.0,60,55
3012,301224510,LSEBCS,2025,1,99.7986222,99.0,60,55
3012,301224510,PWDOPENS,2025,1,99.112515,99.0,60,55
3012,301224510,PWDOBCS,2025,1,97.2159208,99.0,60,55
3012,301224510,DEFOPENS,2025,1,86.2729883,99.0,60,55
3012,301224510,DEFOBCS,2025,1,94.7735192,99.0,60,55
3012,301224510,TFWS,2025,1,99.9885198,99.0,60,55
3012,301224510,PWDROBCS,2025,1,97.6449135,99.0,60,55
3012,301224510,DEFROBCS,2025,1,96.3722342,99.0,60,55
3012,301224510,EWS,2025,1,98.0357905,99.0,60,55
3012,301224610,GOPENH,2025,1,99.8985029,99.0,60,55
3012,301224610,GSCNH,2025,1,98.6520376,99.0,60,55
3012,301224610,GSTNH,2025,1,96.0898561,99.0,60,55
3012,301224610,GVJS,2025,1,99.2574516,99.0,60,55
3012,301224610,GNT1S,2025,1,99.585149,99.0,60,55
3012,301224610,GNT2S,2025,1,99.3730408,99.0,60,55
3012,301224610,GNT3S,2025,1,99.7173291,99.0,60,55
3012,301224610,GOBCNH,2025,1,99.733609,99.0,60,55
3012,301224610,GSEBCS,2025,1,99.7297297,99.0,60,55
3012,301224610,LOPENS,2025,1,99.8864805,99.0,60,55
3012,301224610,LSCS,2025,1,98.0091509,99.0,60,55
3012,301224610,LSTS,2025,1,93.6950602,99.0,60,55
3012,301224610,LVJS,2025,1,97.4020979,99.0,60,55
3012,301224610,LNT2S,2025,1,99.184953,99.0,60,55
3012,301224610,LOBCS,2025,1,99.6942797,99.0,60,55
3012,301224610,LSEBCS,2025,1,99.615761,99.0,60,55
3012,301224610,PWDOPENS,2025,1,97.7179034,99.0,60,55
3012,301224610,PWDOBCS,2025,1,92.0891128,99.0,60,55
3012,301224610,DEFOPENS,2025,1,99.6967056,99.0,60,55
3012,301224610,DEFOBCS,2025,1,98.9622679,99.0,60,55
3012,301224610,TFWS,2025,1,99.8748528,99.0,60,55
3012,301224610,GOPENH,2025,1,99.9571751,99.0,60,55
3012,301224610,GSCNH,2025,1,99.0390182,99.0,60,55
3012,301224610,GSTNH,2025,1,96.21834,99.0,60,55
3012,301224610,GVJS,2025,1,99.5446196,99.0,60,55
3012,301224610,GNT2S,2025,1,99.7440441,99.0,60,55
3012,301224610,GNT3S,2025,1,99.9076746,99.0,60,55
3012,301224610,GOBCNH,2025,1,99.8424652,99.0,60,55
3012,301224610,GSEBCS,2025,1,99.8242396,99.0,60,55
3012,301224610,LOPENS,2025,1,99.8941313,99.0,60,55
3012,301224610,LSCS,2025,1,98.4296784,99.0,60,55
3012,301224610,LSTS,2025,1,94.9430074,99.0,60,55
3012,301224610,LNT1S,2025,1,99.0970568,99.0,60,55
3012,301224610,LNT2S,2025,1,99.2298181,99.0,60,55
3012,301224610,LOBCS,2025,1,99.7282714,99.0,60,55
3012,301224610,LSEBCS,2025,1,99.6583984,99.0,60,55
3012,301224610,PWDOPENS,2025,1,98.0748364,99.0,60,55
3012,301224610,PWDOBCS,2025,1,94.9572138,99.0,60,55
3012,301224610,DEFOPENS,2025,1,74.6217331,99.0,60,55
3012,301224610,DEFOBCS,2025,1,92.3740511,99.0,60,55
3012,301224610,TFWS,2025,1,99.8884401,99.0,60,55
3012,301224610,PWDROBCS,2025,1,96.2707087,99.0,60,55
3012,301224610,DEFRSEBCS,2025,1,97.1687299,99.0,60,55
3012,301224610,EWS,2025,1,97.1696644,99.0,60,55
3012,301229310,GOPENH,2025,1,99.5244755,99.0,60,55
3012,301229310,GSCNH,2025,1,96.6549667,99.0,60,55
3012,301229310,GSTNH,2025,1,88.7615737,99.0,60,55
3012,301229310,GVJS,2025,1,97.2912672,99.0,60,55
3012,301229310,GNT1S,2025,1,98.861374,99.0,60,55
3012,301229310,GNT2S,2025,1,98.7251829,99.0,60,55
3012,301229310,GNT3S,2025,1,99.0376324,99.0,60,55
3012,301229310,GOBCNH,2025,1,99.2554035,99.0,60,55
3012,301229310,GSEBCS,2025,1,98.9747774,99.0,60,55
3012,301229310,LOPENS,2025,1,99.2350948,99.0,60,55
3012,301229310,LSCS,2025,1,96.6434983,99.0,60,55
3012,301229310,LSTS,2025,1,80.3575863,99.0,60,55
3012,301229310,LNT1S,2025,1,97.1468531,99.0,60,55
3012,301229310,LNT2S,2025,1,96.6549667,99.0,60,55
3012,301229310,LNT3S,2025,1,96.5212532,99.0,60,55
3012,301229310,LOBCS,2025,1,98.7167869,99.0,60,55
3012,301229310,LSEBCS,2025,1,98.3620436,99.0,60,55
3012,301229310,PWDOPENS,2025,1,84.1131441,99.0,60,55
3012,301229310,PWDOBCS,2025,1,54.5739657,99.0,60,55
3012,301229310,DEFOPENS,2025,1,98.9620141,99.0,60,55
3012,301229310,DEFOBCS,2025,1,97.513986,99.0,60,55
3012,301229310,TFWS,2025,1,99.2498437,99.0,60,55
3012,301229310,GOPENH,2025,1,99.6454857,99.0,60,55
3012,301229310,GSCNH,2025,1,97.3971254,99.0,60,55
3012,301229310,GSTNH,2025,1,91.7858261,99.0,60,55
3012,301229310,GVJS,2025,1,98.2533366,99.0,60,55
3012,301229310,GNT1S,2025,1,98.6206102,99.0,60,55
3012,301229310,GNT2S,2025,1,98.9525497,99.0,60,55
3012,301229310,GNT3S,2025,1,99.1425468,99.0,60,55
3012,301229310,GOBCNH,2025,1,99.4488606,99.0,60,55
3012,301229310,GSEBCS,2025,1,99.2052023,99.0,60,55
3012,301229310,LOPENS,2025,1,99.4677796,99.0,60,55
3012,301229310,LSCS,2025,1,96.4373935,99.0,60,55
3012,301229310,LSTS,2025,1,91.7858261,99.0,60,55
3012,301229310,LVJS,2025,1,98.4569438,99.0,60,55
3012,301229310,LOBCS,2025,1,99.1510977,99.0,60,55
3012,301229310,LSEBCS,2025,1,98.9173025,99.0,60,55
3012,301229310,PWDOPENS,2025,1,90.5979613,99.0,60,55
3012,301229310,PWDOBCS,2025,1,83.5700884,99.0,60,55
3012,301229310,DEFOPENS,2025,1,99.2177086,99.0,60,55
3012,301229310,DEFOBCS,2025,1,97.7341914,99.0,60,55
3012,301229310,TFWS,2025,1,99.4403921,99.0,60,55
3012,301229310,PWDROBCS,2025,1,87.73995,99.0,60,55
3012,301229310,DEFRSEBCS,2025,1,98.8742633,99.0,60,55
3012,301229310,EWS,2025,1,55.3743463,99.0,60,55
3012,301237210,GOPENH,2025,1,99.7268438,99.0,60,55
3012,301237210,GSCNH,2025,1,98.0675795,99.0,60,55
3012,301237210,GSTNH,2025,1,94.3106153,99.0,60,55
3012,301237210,GNT1S,2025,1,99.1769119,99.0,60,55
3012,301237210,GNT2S,2025,1,99.1386926,99.0,60,55
3012,301237210,GNT3S,2025,1,99.5546231,99.0,60,55
3012,301237210,GOBCNH,2025,1,99.5226395,99.0,60,55
3012,301237210,GSEBCS,2025,1,99.4545455,99.0,60,55
3012,301237210,LOPENS,2025,1,99.6375104,99.0,60,55
3012,301237210,LSCS,2025,1,97.0975309,99.0,60,55
3012,301237210,LSTS,2025,1,84.7618697,99.0,60,55
3012,301237210,LVJS,2025,1,93.9899228,99.0,60,55
3012,301237210,LNT1S,2025,1,98.3580268,99.0,60,55
3012,301237210,LOBCS,2025,1,99.3963644,99.0,60,55
3012,301237210,LSEBCS,2025,1,99.407391,99.0,60,55
3012,301237210,PWDOPENS,2025,1,93.5806832,99.0,60,55
3012,301237210,PWDOBCS,2025,1,88.6328671,99.0,60,55
3012,301237210,DEFOPENS,2025,1,99.1933405,99.0,60,55
3012,301237210,DEFOBCS,2025,1,98.1588563,99.0,60,55
3012,301237210,TFWS,2025,1,99.6068796,99.0,60,55
3012,301237210,PWDRNT2S,2025,1,91.3015715,99.0,60,55
3012,301237210,GOPENH,2025,1,99.8962576,99.0,60,55
3012,301237210,GSCNH,2025,1,98.6612515,99.0,60,55
3012,301237210,GSTNH,2025,1,94.6595693,99.0,60,55
3012,301237210,GVJS,2025,1,99.1627842,99.0,60,55
3012,301237210,GNT1S,2025,1,98.9382574,99.0,60,55
3012,301237210,GNT2S,2025,1,99.2854994,99.0,60,55
3012,301237210,GOBCNH,2025,1,99.7057484,99.0,60,55
3012,301237210,GSEBCS,2025,1,99.6089049,99.0,60,55
3012,301237210,LOPENS,2025,1,99.7310382,99.0,60,55
3012,301237210,LSCS,2025,1,97.7924434,99.0,60,55
3012,301237210,LSTS,2025,1,91.0387255,99.0,60,55
3012,301237210,LNT2S,2025,1,98.8613195,99.0,60,55
3012,301237210,LNT3S,2025,1,98.7438472,99.0,60,55
3012,301237210,LOBCS,2025,1,99.548187,99.0,60,55
3012,301237210,LSEBCS,2025,1,99.5111353,99.0,60,55
3012,301237210,PWDOPENS,2025,1,95.2289207,99.0,60,55
3012,301237210,PWDOBCS,2025,1,89.5592458,99.0,60,55
3012,301237210,DEFOPENS,2025,1,90.5012991,99.0,60,55
3012,301237210,DEFOBCS,2025,1,99.6204279,99.0,60,55
3012,301237210,TFWS,2025,1,99.7901924,99.0,60,55
3012,301237210,PWDROBCS,2025,1,93.7276356,99.0,60,55
3012,301237210,DEFRSEBCS,2025,1,99.5066825,99.0,60,55
3012,301237210,EWS,2025,1,90.5194308,99.0,60,55
3012,301237610,GOPENH,2025,1,99.6681918,99.0,60,55
3012,301237610,GSCNH,2025,1,97.1954276,99.0,60,55
3012,301237610,GSTNH,2025,1,93.4220965,99.0,60,55
3012,301237610,GVJS,2025,1,98.1193591,99.0,60,55
3012,301237610,GNT1S,2025,1,98.8958551,99.0,60,55
3012,301237610,GNT2S,2025,1,99.1054034,99.0,60,55
3012,301237610,GNT3S,2025,1,99.1109128,99.0,60,55
3012,301237610,GOBCNH,2025,1,99.4348894,99.0,60,55
3012,301237610,GSEBCS,2025,1,99.2173286,99.0,60,55
3012,301237610,LOPENS,2025,1,99.4990259,99.0,60,55
3012,301237610,LSCS,2025,1,96.4892052,99.0,60,55
3012,301237610,LSTS,2025,1,93.5688239,99.0,60,55
3012,301237610,LNT2S,2025,1,98.6343474,99.0,60,55
3012,301237610,LOBCS,2025,1,98.9760212,99.0,60,55
3012,301237610,LSEBCS,2025,1,98.7251829,99.0,60,55
3012,301237610,PWDOPENS,2025,1,98.2430292,99.0,60,55
3012,301237610,PWDOBCS,2025,1,71.4755245,99.0,60,55
3012,301237610,DEFOPENS,2025,1,99.2447552,99.0,60,55
3012,301237610,DEFOBCS,2025,1,97.6554186,99.0,60,55
3012,301237610,TFWS,2025,1,99.4980695,99.0,60,55
3012,301237610,GOPENH,2025,1,99.7860594,99.0,60,55
3012,301237610,GSCNH,2025,1,98.0547198,99.0,60,55
3012,301237610,GSTNH,2025,1,93.4491576,99.0,60,55
3012,301237610,GVJS,2025,1,98.7772214,99.0,60,55
3012,301237610,GNT2S,2025,1,99.0001766,99.0,60,55
3012,301237610,GNT3S,2025,1,99.6091136,99.0,60,55
3012,301237610,GOBCNH,2025,1,99.6185118,99.0,60,55
3012,301237610,GSEBCS,2025,1,99.4960569,99.0,60,55
3012,301237610,LOPENS,2025,1,99.6456097,99.0,60,55
3012,301237610,LSCS,2025,1,96.9644681,99.0,60,55
3012,301237610,LSTS,2025,1,87.7370373,99.0,60,55
3012,301237610,LVJS,2025,1,97.628377,99.0,60,55
3012,301237610,LNT1S,2025,1,99.057971,99.0,60,55
3012,301237610,LNT2S,2025,1,98.8167764,99.0,60,55
3012,301237610,LOBCS,2025,1,99.2275145,99.0,60,55
3012,301237610,LSEBCS,2025,1,99.2510157,99.0,60,55
3012,301237610,PWDOPENS,2025,1,95.1347459,99.0,60,55
3012,301237610,PWDOBCS,2025,1,85.9241674,99.0,60,55
3012,301237610,DEFOPENS,2025,1,99.4020758,99.0,60,55
3012,301237610,DEFOBCS,2025,1,98.5074053,99.0,60,55
3012,301237610,TFWS,2025,1,99.6702103,99.0,60,55
3012,301237610,PWDRSCS,2025,1,89.4256012,99.0,60,55
3012,301237610,DEFRSEBCS,2025,1,99.1476881,99.0,60,55
3012,301237610,EWS,2025,1,75.8548894,99.0,60,55
3012,301261210,GOPENH,2025,1,99.3963644,99.0,60,55
3012,301261210,GSCNH,2025,1,96.5695839,99.0,60,55
3012,301261210,GSTNH,2025,1,84.8736599,99.0,60,55
3012,301261210,GVJS,2025,1,97.5766142,99.0,60,55
3012,301261210,GNT1S,2025,1,96.9438791,99.0,60,55
3012,301261210,GNT2S,2025,1,98.1984268,99.0,60,55
3012,301261210,GOBCNH,2025,1,99.0185463,99.0,60,55
3012,301261210,GSEBCS,2025,1,98.6520376,99.0,60,55
3012,301261210,LOPENS,2025,1,99.006669,99.0,60,55
3012,301261210,LSCS,2025,1,96.1658679,99.0,60,55
3012,301261210,LSTS,2025,1,81.0403668,99.0,60,55
3012,301261210,LVJS,2025,1,92.5853623,99.0,60,55
3012,301261210,LNT3S,2025,1,98.2843648,99.0,60,55
3012,301261210,LOBCS,2025,1,98.2430292,99.0,60,55
3012,301261210,LSEBCS,2025,1,97.610433,99.0,60,55
3012,301261210,PWDOPENS,2025,1,96.3986014,99.0,60,55
3012,301261210,PWDOBCS,2025,1,25.0722391,99.0,60,55
3012,301261210,DEFOPENS,2025,1,98.612338,99.0,60,55
3012,301261210,DEFOBCS,2025,1,96.3441008,99.0,60,55
3012,301261210,TFWS,2025,1,99.0864904,99.0,60,55
3012,301261210,GOPENH,2025,1,99.6185118,99.0,60,55
3012,301261210,GSCNH,2025,1,97.3413057,99.0,60,55
3012,301261210,GSTNH,2025,1,90.5491967,99.0,60,55
3012,301261210,GVJS,2025,1,97.6978518,99.0,60,55
3012,301261210,GNT1S,2025,1,98.6166496,99.0,60,55
3012,301261210,GNT2S,2025,1,98.7109722,99.0,60,55
3012,301261210,GNT3S,2025,1,99.1183262,99.0,60,55
3012,301261210,GOBCNH,2025,1,99.3737606,99.0,60,55
3012,301261210,GSEBCS,2025,1,99.1388387,99.0,60,55
3012,301261210,LOPENS,2025,1,99.2474239,99.0,60,55
3012,301261210,LSCS,2025,1,95.4873006,99.0,60,55
3012,301261210,LSTS,2025,1,87.2636301,99.0,60,55
3012,301261210,LNT3S,2025,1,97.8761672,99.0,60,55
3012,301261210,LOBCS,2025,1,98.8107514,99.0,60,55
3012,301261210,LSEBCS,2025,1,98.6956522,99.0,60,55
3012,301261210,PWDOPENS,2025,1,85.9106165,99.0,60,55
3012,301261210,PWDOBCS,2025,1,79.8369603,99.0,60,55
3012,301261210,DEFOPENS,2025,1,98.044541,99.0,60,55
3012,301261210,DEFOBCS,2025,1,96.3919151,99.0,60,55
3012,301261210,TFWS,2025,1,99.2799835,99.0,60,55
3012,301261210,PWDROBCS,2025,1,81.0159708,99.0,60,55
3012,301261210,DEFRSEBCS,2025,1,97.3044377,99.0,60,55
3012,301261210,EWS,2025,1,61.5912113,99.0,60,55
3012,301262610,GOPENH,2025,1,98.6334143,99.0,60,55
3012,301262610,GSCNH,2025,1,94.111278,99.0,60,55
3012,301262610,GSTNH,2025,1,83.7239356,99.0,60,55
3012,301262610,GVJS,2025,1,93.8708608,99.0,60,55
3012,301262610,GNT1S,2025,1,95.3167947,99.0,60,55
3012,301262610,GNT2S,2025,1,97.0236617,99.0,60,55
3012,301262610,GNT3S,2025,1,97.1938598,99.0,60,55
3012,301262610,GOBCNH,2025,1,98.0192922,99.0,60,55
3012,301262610,GSEBCS,2025,1,97.1042471,99.0,60,55
3012,301262610,LOPENS,2025,1,97.4069026,99.0,60,55
3012,301262610,LSCS,2025,1,89.2727273,99.0,60,55
3012,301262610,LSTS,2025,1,73.6328536,99.0,60,55
3012,301262610,LNT1S,2025,1,82.3322294,99.0,60,55
3012,301262610,LNT2S,2025,1,89.5868952,99.0,60,55
3012,301262610,LOBCS,2025,1,96.649817,99.0,60,55
3012,301262610,LSEBCS,2025,1,95.3083376,99.0,60,55
3012,301262610,PWDOPENS,2025,1,75.1716925,99.0,60,55
3012,301262610,PWDOBCS,2025,1,3.493007,99.0,60,55
3012,301262610,DEFOPENS,2025,1,97.4991292,99.0,60,55
3012,301262610,DEFOBCS,2025,1,93.4570631,99.0,60,55
3012,301262610,TFWS,2025,1,97.5051096,99.0,60,55
3012,301262610,GOPENH,2025,1,98.9897444,99.0,60,55
3012,301262610,GSCNH,2025,1,95.1447135,99.0,60,55
3012,301262610,GSTNH,2025,1,83.73706,99.0,60,55
3012,301262610,GVJS,2025,1,95.1406289,99.0,60,55
3012,301262610,GNT2S,2025,1,97.7594015,99.0,60,55
3012,301262610,GNT3S,2025,1,97.3791828,99.0,60,55
3012,301262610,GOBCNH,2025,1,98.626659,99.0,60,55
3012,301262610,GSEBCS,2025,1,98.4431408,99.0,60,55
3012,301262610,LOPENS,2025,1,98.5168677,99.0,60,55
3012,301262610,LSCS,2025,1,92.7564924,99.0,60,55
3012,301262610,LSTS,2025,1,89.5592458,99.0,60,55
3012,301262610,LVJS,2025,1,90.8211878,99.0,60,55
3012,301262610,LNT1S,2025,1,94.7041159,99.0,60,55
3012,301262610,LNT2S,2025,1,91.0982881,99.0,60,55
3012,301262610,LOBCS,2025,1,97.545444,99.0,60,55
3012,301262610,LSEBCS,2025,1,97.510102,99.0,60,55
3012,301262610,PWDOPENS,2025,1,59.2124434,99.0,60,55
3012,301262610,PWDOBCS,2025,1,43.6669107,99.0,60,55
3012,301262610,DEFOPENS,2025,1,96.5565559,99.0,60,55
3012,301262610,DEFOBCS,2025,1,94.372645,99.0,60,55
3012,301262610,TFWS,2025,1,98.8107514,99.0,60,55
3012,301262610,PWDRSCS,2025,1,51.0139791,99.0,60,55
3012,301262610,DEFRSEBCS,2025,1,94.7105213,99.0,60,55
3012,301262610,EWS,2025,1,97.6811594,99.0,60,55
3012,301289610,GOPENH,2025,1,97.3318625,99.0,60,55
3012,301289610,GSCNH,2025,1,92.1231015,99.0,60,55
3012,301289610,GSTNH,2025,1,75.652265,99.0,60,55
3012,301289610,GVJS,2025,1,91.3593874,99.0,60,55
3012,301289610,GNT1S,2025,1,88.8689717,99.0,60,55
3012,301289610,GNT2S,2025,1,94.3452901,99.0,60,55
3012,301289610,GNT3S,2025,1,96.8499656,99.0,60,55
3012,301289610,GOBCNH,2025,1,96.2208795,99.0,60,55
3012,301289610,GSEBCS,2025,1,95.1095384,99.0,60,55
3012,301289610,LOPENS,2025,1,96.972028,99.0,60,55
3012,301289610,LSCS,2025,1,90.5159705,99.0,60,55
3012,301289610,LSTS,2025,1,42.2674623,99.0,60,55
3012,301289610,LVJS,2025,1,75.1620214,99.0,60,55
3012,301289610,LNT2S,2025,1,88.1719651,99.0,60,55
3012,301289610,LNT3S,2025,1,82.3736697,99.0,60,55
3012,301289610,LOBCS,2025,1,96.025775,99.0,60,55
3012,301289610,LSEBCS,2025,1,93.5688239,99.0,60,55
3012,301289610,PWDOPENS,2025,1,54.0903901,99.0,60,55
3012,301289610,DEFOPENS,2025,1,93.3751306,99.0,60,55
3012,301289610,DEFOBCS,2025,1,83.3397246,99.0,60,55
3012,301289610,TFWS,2025,1,96.4091902,99.0,60,55
3012,301289610,PWDRSCS,2025,1,32.6791073,99.0,60,55
3012,301289610,DEFROBCS,2025,1,90.249489,99.0,60,55
3012,301289610,EWS,2025,1,93.4570631,99.0,60,55
3012,301289610,GOPENH,2025,1,98.297856,99.0,60,55
3012,301289610,GSCNH,2025,1,94.2160225,99.0,60,55
3012,301289610,GSTNH,2025,1,76.5235824,99.0,60,55
3012,301289610,GVJS,2025,1,93.3319332,99.0,60,55
3012,301289610,GNT1S,2025,1,96.7001378,99.0,60,55
3012,301289610,GNT2S,2025,1,94.5936573,99.0,60,55
3012,301289610,GNT3S,2025,1,96.3008972,99.0,60,55
3012,301289610,GOBCNH,2025,1,96.9840554,99.0,60,55
3012,301289610,GSEBCS,2025,1,96.8016647,99.0,60,55
3012,301289610,LOPENS,2025,1,97.4393346,99.0,60,55
3012,301289610,LSCS,2025,1,92.1611438,99.0,60,55
3012,301289610,LSTS,2025,1,76.5995199,99.0,60,55
3012,301289610,LVJS,2025,1,90.651656,99.0,60,55
3012,301289610,LNT2S,2025,1,95.2778203,99.0,60,55
3012,301289610,LOBCS,2025,1,96.0852595,99.0,60,55
3012,301289610,LSEBCS,2025,1,96.8479282,99.0,60,55
3012,301289610,PWDOPENS,2025,1,86.560206,99.0,60,55
3012,301289610,DEFOPENS,2025,1,94.2477571,99.0,60,55
3012,301289610,DEFOBCS,2025,1,89.451403,99.0,60,55
3012,301289610,TFWS,2025,1,97.4371782,99.0,60,55
3012,301289610,DEFROBCS,2025,1,93.4202865,99.0,60,55
3012,301289610,EWS,2025,1,95.1283815,99.0,60,55
3014,301419110,GOPENH,2025,1,97.9613808,99.0,60,55
3014,301419110,GSCNH,2025,1,93.1048951,99.0,60,55
3014,301419110,GSTNH,2025,1,82.8437868,99.0,60,55
3014,301419110,GVJS,2025,1,94.3452901,99.0,60,55
3014,301419110,GNT2S,2025,1,95.9991665,99.0,60,55
3014,301419110,GNT3S,2025,1,95.5703402,99.0,60,55
3014,301419110,GOBCNH,2025,1,97.1954276,99.0,60,55
3014,301419110,GSEBCS,2025,1,96.5851471,99.0,60,55
3014,301419110,LOPENS,2025,1,96.6641485,99.0,60,55
3014,301419110,LSCS,2025,1,89.0414266,99.0,60,55
3014,301419110,LSTS,2025,1,82.1124479,99.0,60,55
3014,301419110,LNT1S,2025,1,94.7771148,99.0,60,55
3014,301419110,LOBCS,2025,1,96.1512986,99.0,60,55
3014,301419110,LSEBCS,2025,1,89.5355262,99.0,60,55
3014,301419110,PWDOPENS,2025,1,65.5190641,99.0,60,55
3014,301419110,PWDOBCS,2025,1,43.658874,99.0,60,55
3014,301419110,DEFOPENS,2025,1,95.1095384,99.0,60,55
3014,301419110,DEFOBCS,2025,1,88.7823852,99.0,60,55
3014,301419110,TFWS,2025,1,96.8396626,99.0,60,55
3014,301419110,GOPENH,2025,1,98.4431408,99.0,60,55
3014,301419110,GSCNH,2025,1,94.8860653,99.0,60,55
3014,301419110,GSTNH,2025,1,85.819156,99.0,60,55
3014,301419110,GVJS,2025,1,95.1933808,99.0,60,55
3014,301419110,GNT2S,2025,1,96.161333,99.0,60,55
3014,301419110,GOBCNH,2025,1,98.0166175,99.0,60,55
3014,301419110,GSEBCS,2025,1,97.6294546,99.0,60,55
3014,301419110,LOPENS,2025,1,97.4280163,99.0,60,55
3014,301419110,LSCS,2025,1,92.2148897,99.0,60,55
3014,301419110,LSTS,2025,1,80.3167508,99.0,60,55
3014,301419110,LNT1S,2025,1,94.4877916,99.0,60,55
3014,301419110,LNT3S,2025,1,95.9558175,99.0,60,55
3014,301419110,LOBCS,2025,1,96.9031415,99.0,60,55
3014,301419110,LSEBCS,2025,1,96.0186459,99.0,60,55
3014,301419110,PWDOPENS,2025,1,74.8112584,99.0,60,55
3014,301419110,PWDOBCS,2025,1,70.3402566,99.0,60,55
3014,301419110,DEFOPENS,2025,1,94.0080367,99.0,60,55
3014,301419110,DEFOBCS,2025,1,90.1218002,99.0,60,55
3014,301419110,TFWS,2025,1,97.8835793,99.0,60,55
3014,301419110,PWDRSCS,2025,1,74.4163823,99.0,60,55
3014,301419110,DEFROBCS,2025,1,92.5129597,99.0,60,55
3014,301419110,EWS,2025,1,95.1449191,99.0,60,55
3014,301429310,GOPENH,2025,1,99.0517692,99.0,60,55
3014,301429310,GSCNH,2025,1,95.9261851,99.0,60,55
3014,301429310,GSTNH,2025,1,86.3462208,99.0,60,55
3014,301429310,GVJS,2025,1,97.1070362,99.0,60,55
3014,301429310,GNT1S,2025,1,95.0406335,99.0,60,55
3014,301429310,GNT2S,2025,1,98.3419725,99.0,60,55
3014,301429310,GNT3S,2025,1,97.488382,99.0,60,55
3014,301429310,GOBCNH,2025,1,98.2727273,99.0,60,55
3014,301429310,GSEBCS,2025,1,97.6554186,99.0,60,55
3014,301429310,LOPENS,2025,1,98.6123812,99.0,60,55
3014,301429310,LSCS,2025,1,91.972622,99.0,60,55
3014,301429310,LSTS,2025,1,72.102802,99.0,60,55
3014,301429310,LVJS,2025,1,89.8231024,99.0,60,55
3014,301429310,LNT2S,2025,1,94.3275746,99.0,60,55
3014,301429310,LNT3S,2025,1,94.3738279,99.0,60,55
3014,301429310,LOBCS,2025,1,97.6601593,99.0,60,55
3014,301429310,LSEBCS,2025,1,96.4892052,99.0,60,55
3014,301429310,PWDOPENS,2025,1,76.5279741,99.0,60,55
3014,301429310,DEFOPENS,2025,1,95.868115,99.0,60,55
3014,301429310,DEFOBCS,2025,1,92.2299976,99.0,60,55
3014,301429310,TFWS,2025,1,98.5609164,99.0,60,55
3014,301429310,PWDRSTS,2025,1,0.1268714,99.0,60,55
3014,301429310,DEFROBCS,2025,1,93.2557369,99.0,60,55
3014,301429310,EWS,2025,1,97.4020979,99.0,60,55
3014,301429310,GOPENH,2025,1,99.2267861,99.0,60,55
3014,301429310,GSCNH,2025,1,95.9873991,99.0,60,55
3014,301429310,GSTNH,2025,1,87.2593857,99.0,60,55
3014,301429310,GVJS,2025,1,97.259303,99.0,60,55
3014,301429310,GNT1S,2025,1,98.1021539,99.0,60,55
3014,301429310,GNT2S,2025,1,98.4993421,99.0,60,55
3014,301429310,GNT3S,2025,1,98.5473765,99.0,60,55
3014,301429310,GOBCNH,2025,1,98.920728,99.0,60,55
3014,301429310,GSEBCS,2025,1,98.4399761,99.0,60,55
3014,301429310,LOPENS,2025,1,98.905322,99.0,60,55
3014,301429310,LSCS,2025,1,95.7070884,99.0,60,55
3014,301429310,LSTS,2025,1,87.0771468,99.0,60,55
3014,301429310,LNT2S,2025,1,97.7429122,99.0,60,55
3014,301429310,LOBCS,2025,1,98.5858794,99.0,60,55
3014,301429310,LSEBCS,2025,1,98.1370729,99.0,60,55
3014,301429310,PWDOPENS,2025,1,76.973775,99.0,60,55
3014,301429310,PWDOBCS,2025,1,36.6711564,99.0,60,55
3014,301429310,DEFOPENS,2025,1,96.363568,99.0,60,55
3014,301429310,DEFOBCS,2025,1,93.5072524,99.0,60,55
3014,301429310,TFWS,2025,1,99.0189208,99.0,60,55
3014,301429310,PWDRNT1S,2025,1,51.0139791,99.0,60,55
3014,301429310,DEFROBCS,2025,1,94.6595693,99.0,60,55
3014,301429310,EWS,2025,1,48.401775,99.0,60,55
3014,301461210,GOPENH,2025,1,99.0517692,99.0,60,55
3014,301461210,GSCNH,2025,1,94.6848871,99.0,60,55
3014,301461210,GSTNH,2025,1,79.6986029,99.0,60,55
3014,301461210,GVJS,2025,1,94.9773598,99.0,60,55
3014,301461210,GNT1S,2025,1,96.1861934,99.0,60,55
3014,301461210,GNT2S,2025,1,96.8499656,99.0,60,55
3014,301461210,GNT3S,2025,1,98.0215953,99.0,60,55
3014,301461210,GOBCNH,2025,1,98.1984268,99.0,60,55
3014,301461210,GSEBCS,2025,1,97.8951049,99.0,60,55
3014,301461210,LOPENS,2025,1,98.1193591,99.0,60,55
3014,301461210,LSCS,2025,1,93.6851271,99.0,60,55
3014,301461210,LSTS,2025,1,75.6538462,99.0,60,55
3014,301461210,LNT1S,2025,1,93.4192837,99.0,60,55
3014,301461210,LOBCS,2025,1,96.6783217,99.0,60,55
3014,301461210,LSEBCS,2025,1,95.635667,99.0,60,55
3014,301461210,PWDOPENS,2025,1,82.2162613,99.0,60,55
3014,301461210,DEFOPENS,2025,1,96.5454743,99.0,60,55
3014,301461210,DEFOBCS,2025,1,90.668828,99.0,60,55
3014,301461210,TFWS,2025,1,98.5609164,99.0,60,55
3014,301461210,GOPENH,2025,1,99.2177086,99.0,60,55
3014,301461210,GSCNH,2025,1,95.9338334,99.0,60,55
3014,301461210,GSTNH,2025,1,83.1707575,99.0,60,55
3014,301461210,GVJS,2025,1,97.259303,99.0,60,55
3014,301461210,GNT1S,2025,1,97.1327695,99.0,60,55
3014,301461210,GNT2S,2025,1,98.174902,99.0,60,55
3014,301461210,GNT3S,2025,1,96.7675378,99.0,60,55
3014,301461210,GOBCNH,2025,1,98.7857913,99.0,60,55
3014,301461210,GSEBCS,2025,1,98.4990553,99.0,60,55
3014,301461210,LOPENS,2025,1,98.9164146,99.0,60,55
3014,301461210,LSCS,2025,1,93.9889579,99.0,60,55
3014,301461210,LSTS,2025,1,81.8599034,99.0,60,55
3014,301461210,LVJS,2025,1,88.7357048,99.0,60,55
3014,301461210,LOBCS,2025,1,97.9193354,99.0,60,55
3014,301461210,LSEBCS,2025,1,97.4288016,99.0,60,55
3014,301461210,PWDOPENS,2025,1,81.9712626,99.0,60,55
3014,301461210,PWDOBCS,2025,1,49.1980067,99.0,60,55
3014,301461210,DEFOPENS,2025,1,96.9465353,99.0,60,55
3014,301461210,DEFOBCS,2025,1,92.7160749,99.0,60,55
3014,301461210,TFWS,2025,1,99.1510977,99.0,60,55
3014,301461210,PWDROBCS,2025,1,62.9339383,99.0,60,55
3014,301461210,DEFRSEBCS,2025,1,94.0949981,99.0,60,55
3014,301461210,EWS,2025,1,97.5046401,99.0,60,55
3033,303319110,GOPENH,2025,1,60.9090909,99.0,60,55
3033,303319110,GSCNH,2025,1,36.1811489,99.0,60,55
3033,303319110,GSTNH,2025,1,51.1762787,99.0,60,55
3033,303319110,GVJS,2025,1,55.2744499,99.0,60,55
3033,303319110,GNT1S,2025,1,25.4595013,99.0,60,55
3033,303319110,GNT3S,2025,1,56.5039753,99.0,60,55
3033,303319110,GOBCNH,2025,1,33.465035,99.0,60,55
3033,303319110,GSEBCS,2025,1,4.153013,99.0,60,55
3033,303319110,LOPENS,2025,1,50.8281802,99.0,60,55
3033,303319110,LSCS,2025,1,32.6791073,99.0,60,55
3033,303319110,LNT2S,2025,1,24.6987745,99.0,60,55
3033,303319110,LOBCS,2025,1,32.6791073,99.0,60,55
3033,303319110,LSEBCS,2025,1,50.4913264,99.0,60,55
3033,303319110,TFWS,2025,1,75.3562654,99.0,60,55
3033,303319110,EWS,2025,1,28.1994074,99.0,60,55
3033,303319110,GOPENH,2025,1,48.5587427,99.0,60,55
3033,303319110,GOPENH,2025,1,68.6498934,99.0,60,55
3033,303319110,GSCNH,2025,1,66.0913492,99.0,60,55
3033,303319110,GSTNH,2025,1,40.4581492,99.0,60,55
3033,303319110,GVJS,2025,1,60.070698,99.0,60,55
3033,303319110,GNT2S,2025,1,19.0169976,99.0,60,55
3033,303319110,GOBCNH,2025,1,64.1499185,99.0,60,55
3033,303319110,GSEBCS,2025,1,57.502776,99.0,60,55
3033,303319110,LOPENS,2025,1,61.5912113,99.0,60,55
3033,303319110,LSCS,2025,1,47.8532423,99.0,60,55
3033,303319110,LSTS,2025,1,55.6597249,99.0,60,55
3033,303319110,LVJS,2025,1,41.3533547,99.0,60,55
3033,303319110,LNT1S,2025,1,44.3215833,99.0,60,55
3033,303319110,LOBCS,2025,1,54.9733848,99.0,60,55
3033,303319110,LSEBCS,2025,1,70.3444621,99.0,60,55
3033,303319110,TFWS,2025,1,7.5282136,99.0,60,55
3033,303319110,EWS,2025,1,52.0988164,99.0,60,55
3033,303319110,GOPENH,2025,1,49.6322266,99.0,60,55
3033,303324510,GOPENH,2025,1,87.6831328,99.0,60,55
3033,303324510,GSCNH,2025,1,82.3938224,99.0,60,55
3033,303324510,GSTNH,2025,1,42.2674623,99.0,60,55
3033,303324510,GVJS,2025,1,81.6453226,99.0,60,55
3033,303324510,GNT1S,2025,1,81.6328671,99.0,60,55
3033,303324510,GNT2S,2025,1,75.4048881,99.0,60,55
3033,303324510,GNT3S,2025,1,64.2631037,99.0,60,55
3033,303324510,GOBCNH,2025,1,85.8824755,99.0,60,55
3033,303324510,GSEBCS,2025,1,84.4752545,99.0,60,55
3033,303324510,LOPENS,2025,1,86.2351996,99.0,60,55
3033,303324510,LSCS,2025,1,79.8919296,99.0,60,55
3033,303324510,LOBCS,2025,1,81.8021201,99.0,60,55
3033,303324510,LSEBCS,2025,1,84.4752545,99.0,60,55
3033,303324510,PWDOPENS,2025,1,54.4314351,99.0,60,55
3033,303324510,DEFOPENS,2025,1,39.3601986,99.0,60,55
3033,303324510,TFWS,2025,1,87.9272878,99.0,60,55
3033,303324510,GOPENH,2025,1,81.2846613,99.0,60,55
3033,303324510,GOPENH,2025,1,88.0941637,99.0,60,55
3033,303324510,GSCNH,2025,1,82.7777778,99.0,60,55
3033,303324510,GSTNH,2025,1,55.4743121,99.0,60,55
3033,303324510,GVJS,2025,1,71.4377156,99.0,60,55
3033,303324510,GNT1S,2025,1,84.7804686,99.0,60,55
3033,303324510,GNT2S,2025,1,80.4992916,99.0,60,55
3033,303324510,GOBCNH,2025,1,82.9464759,99.0,60,55
3033,303324510,GSEBCS,2025,1,85.6921506,99.0,60,55
3033,303324510,LOPENS,2025,1,86.5951005,99.0,60,55
3033,303324510,LSCS,2025,1,84.3396689,99.0,60,55
3033,303324510,LSTS,2025,1,50.8385093,99.0,60,55
3033,303324510,LNT3S,2025,1,77.3511663,99.0,60,55
3033,303324510,LOBCS,2025,1,84.1149833,99.0,60,55
3033,303324510,LSEBCS,2025,1,82.1648735,99.0,60,55
3033,303324510,PWDOPENS,2025,1,58.1324148,99.0,60,55
3033,303324510,DEFOPENS,2025,1,77.741426,99.0,60,55
3033,303324510,TFWS,2025,1,86.3943435,99.0,60,55
3033,303324510,PWDRNT1S,2025,1,25.4578819,99.0,60,55
3033,303324510,DEFROBCS,2025,1,72.5793422,99.0,60,55
3033,303324510,EWS,2025,1,74.4163823,99.0,60,55
3033,303324510,GOPENH,2025,1,85.129786,99.0,60,55
3033,303324610,GOPENH,2025,1,82.8811189,99.0,60,55
3033,303324610,GSCNH,2025,1,75.4880541,99.0,60,55
3033,303324610,GSTNH,2025,1,58.8525307,99.0,60,55
3033,303324610,GVJS,2025,1,77.1296846,99.0,60,55
3033,303324610,GNT1S,2025,1,73.4354379,99.0,60,55
3033,303324610,GNT2S,2025,1,75.6538462,99.0,60,55
3033,303324610,GOBCNH,2025,1,79.6986029,99.0,60,55
3033,303324610,GSEBCS,2025,1,75.1927485,99.0,60,55
3033,303324610,LOPENS,2025,1,81.3270637,99.0,60,55
3033,303324610,LSCS,2025,1,76.2716859,99.0,60,55
3033,303324610,LVJS,2025,1,58.6907687,99.0,60,55
3033,303324610,LNT2S,2025,1,71.5830116,99.0,60,55
3033,303324610,LNT3S,2025,1,68.9620341,99.0,60,55
3033,303324610,LOBCS,2025,1,78.8357161,99.0,60,55
3033,303324610,LSEBCS,2025,1,76.7635852,99.0,60,55
3033,303324610,DEFOPENS,2025,1,55.2744499,99.0,60,55
3033,303324610,TFWS,2025,1,83.3397246,99.0,60,55
3033,303324610,DEFROBCS,2025,1,12.5776664,99.0,60,55
3033,303324610,EWS,2025,1,43.5338318,99.0,60,55
3033,303324610,GOPENH,2025,1,77.5384615,99.0,60,55
3033,303324610,GOPENH,2025,1,82.5741649,99.0,60,55
3033,303324610,GSCNH,2025,1,77.2143105,99.0,60,55
3033,303324610,GVJS,2025,1,78.699881,99.0,60,55
3033,303324610,GNT2S,2025,1,78.8262695,99.0,60,55
3033,303324610,GNT3S,2025,1,63.5303851,99.0,60,55
3033,303324610,GOBCNH,2025,1,77.2289819,99.0,60,55
3033,303324610,GSEBCS,2025,1,76.5235824,99.0,60,55
3033,303324610,LOPENS,2025,1,83.0532651,99.0,60,55
3033,303324610,LSCS,2025,1,77.741426,99.0,60,55
3033,303324610,LSTS,2025,1,77.8612083,99.0,60,55
3033,303324610,LNT1S,2025,1,64.7164682,99.0,60,55
3033,303324610,LNT2S,2025,1,79.4627847,99.0,60,55
3033,303324610,LOBCS,2025,1,81.4271094,99.0,60,55
3033,303324610,LSEBCS,2025,1,80.1749582,99.0,60,55
3033,303324610,DEFOPENS,2025,1,69.0271267,99.0,60,55
3033,303324610,TFWS,2025,1,80.4944215,99.0,60,55
3033,303324610,EWS,2025,1,62.9339383,99.0,60,55
3033,303324610,GOPENH,2025,1,77.1955616,99.0,60,55
3033,303329310,GOPENH,2025,1,66.3866132,99.0,60,55
3033,303329310,GSCNH,2025,1,42.9247346,99.0,60,55
3033,303329310,GVJS,2025,1,20.3327444,99.0,60,55
3033,303329310,GNT1S,2025,1,47.3563218,99.0,60,55
3033,303329310,GNT2S,2025,1,46.6242967,99.0,60,55
3033,303329310,GNT3S,2025,1,20.2849168,99.0,60,55
3033,303329310,GOBCNH,2025,1,58.2180677,99.0,60,55
3033,303329310,GSEBCS,2025,1,47.8015007,99.0,60,55
3033,303329310,LOPENS,2025,1,55.6405756,99.0,60,55
3033,303329310,LSCS,2025,1,9.8110718,99.0,60,55
3033,303329310,LNT1S,2025,1,52.5968356,99.0,60,55
3033,303329310,LOBCS,2025,1,51.1762787,99.0,60,55
3033,303329310,LSEBCS,2025,1,81.6453226,99.0,60,55
3033,303329310,TFWS,2025,1,39.3344201,99.0,60,55
3033,303329310,EWS,2025,1,15.820115,99.0,60,55
3033,303329310,GOPENH,2025,1,58.4401523,99.0,60,55
3033,303329310,GOPENH,2025,1,72.9249982,99.0,60,55
3033,303329310,GSCNH,2025,1,55.2387338,99.0,60,55
3033,303329310,GVJS,2025,1,27.8805461,99.0,60,55
3033,303329310,GNT1S,2025,1,68.4225402,99.0,60,55
3033,303329310,GNT2S,2025,1,63.540901,99.0,60,55
3033,303329310,GNT3S,2025,1,68.9346395,99.0,60,55
3033,303329310,GOBCNH,2025,1,69.8131691,99.0,60,55
3033,303329310,GSEBCS,2025,1,59.4665021,99.0,60,55
3033,303329310,LOPENS,2025,1,62.5282864,99.0,60,55
3033,303329310,LSCS,2025,1,54.2626684,99.0,60,55
3033,303329310,LVJS,2025,1,52.8745002,99.0,60,55
3033,303329310,LOBCS,2025,1,35.5990164,99.0,60,55
3033,303329310,LSEBCS,2025,1,87.6167151,99.0,60,55
3033,303329310,DEFOPENS,2025,1,76.7952218,99.0,60,55
3033,303329310,TFWS,2025,1,34.2796407,99.0,60,55
3033,303329310,EWS,2025,1,25.0611389,99.0,60,55
3033,303329310,GOPENH,2025,1,60.268127,99.0,60,55
3033,303337210,GOPENH,2025,1,75.4048881,99.0,60,55
3033,303337210,GSCNH,2025,1,69.0979021,99.0,60,55
3033,303337210,GVJS,2025,1,65.3084343,99.0,60,55
3033,303337210,GNT1S,2025,1,71.8197195,99.0,60,55
3033,303337210,GNT2S,2025,1,73.6159498,99.0,60,55
3033,303337210,GNT3S,2025,1,62.918458,99.0,60,55
3033,303337210,GOBCNH,2025,1,70.2033567,99.0,60,55
3033,303337210,GSEBCS,2025,1,68.1164395,99.0,60,55
3033,303337210,LOPENS,2025,1,76.8973331,99.0,60,55
3033,303337210,LSCS,2025,1,73.2612864,99.0,60,55
3033,303337210,LNT2S,2025,1,71.4755245,99.0,60,55
3033,303337210,LOBCS,2025,1,69.8941051,99.0,60,55
3033,303337210,LSEBCS,2025,1,49.1540892,99.0,60,55
3033,303337210,DEFOPENS,2025,1,81.940403,99.0,60,55
3033,303337210,TFWS,2025,1,21.3037657,99.0,60,55
3033,303337210,EWS,2025,1,68.8687467,99.0,60,55
3033,303337210,GOPENH,2025,1,68.8687467,99.0,60,55
3033,303337210,GOPENH,2025,1,60.9090909,99.0,60,55
3033,303337210,GSCNH,2025,1,55.2744499,99.0,60,55
3033,303337210,GOBCNH,2025,1,60.8775137,99.0,60,55
3033,303337210,GSEBCS,2025,1,60.4378874,99.0,60,55
3033,303337210,LOPENS,2025,1,67.8236662,99.0,60,55
3033,303337210,LSCS,2025,1,54.5739657,99.0,60,55
3033,303337210,LVJS,2025,1,62.0615406,99.0,60,55
3033,303337210,LNT1S,2025,1,65.6692751,99.0,60,55
3033,303337210,LOBCS,2025,1,29.8059527,99.0,60,55
3033,303337210,LSEBCS,2025,1,43.9154166,99.0,60,55
3033,303337210,EWS,2025,1,11.5879038,99.0,60,55
3033,303337210,GOPENH,2025,1,44.5303298,99.0,60,55
3033,303337210,GOPENH,2025,1,76.2591061,99.0,60,55
3033,303337210,GSCNH,2025,1,67.3538592,99.0,60,55
3033,303337210,GVJS,2025,1,64.7164682,99.0,60,55
3033,303337210,GNT1S,2025,1,74.5525612,99.0,60,55
3033,303337210,GNT2S,2025,1,66.561551,99.0,60,55
3033,303337210,GOBCNH,2025,1,72.9249982,99.0,60,55
3033,303337210,GSEBCS,2025,1,70.733113,99.0,60,55
3033,303337210,LOPENS,2025,1,77.022977,99.0,60,55
3033,303337210,LSCS,2025,1,49.1980067,99.0,60,55
3033,303337210,LNT2S,2025,1,68.2993965,99.0,60,55
3033,303337210,LNT3S,2025,1,30.6281286,99.0,60,55
3033,303337210,LOBCS,2025,1,76.3324995,99.0,60,55
3033,303337210,LSEBCS,2025,1,73.3487346,99.0,60,55
3033,303337210,PWDOPENS,2025,1,4.2388251,99.0,60,55
3033,303337210,TFWS,2025,1,76.4346337,99.0,60,55
3033,303337210,EWS,2025,1,13.1846958,99.0,60,55
3033,303337210,GOPENH,2025,1,67.2460619,99.0,60,55
3033,303337210,GOPENH,2025,1,68.6717464,99.0,60,55
3033,303337210,GSCNH,2025,1,42.4145111,99.0,60,55
3033,303337210,GVJS,2025,1,64.2926156,99.0,60,55
3033,303337210,GNT2S,2025,1,65.4076693,99.0,60,55
3033,303337210,GOBCNH,2025,1,62.5282864,99.0,60,55
3033,303337210,GSEBCS,2025,1,59.3625359,99.0,60,55
3033,303337210,LOPENS,2025,1,70.4097117,99.0,60,55
3033,303337210,LSCS,2025,1,40.6688911,99.0,60,55
3033,303337210,LNT1S,2025,1,55.2387338,99.0,60,55
3033,303337210,LOBCS,2025,1,67.500481,99.0,60,55
3033,303337210,GOPENH,2025,1,52.1256716,99.0,60,55
3033,303337810,GOPENH,2025,1,56.2929777,99.0,60,55
3033,303337810,GSCNH,2025,1,39.230205,99.0,60,55
3033,303337810,GNT1S,2025,1,55.2744499,99.0,60,55
3033,303337810,GOBCNH,2025,1,39.230205,99.0,60,55
3033,303337810,GSEBCS,2025,1,39.2328654,99.0,60,55
3033,303337810,LOPENS,2025,1,60.634478,99.0,60,55
3033,303337810,LSCS,2025,1,50.4913264,99.0,60,55
3033,303337810,LNT3S,2025,1,47.7841578,99.0,60,55
3033,303337810,LOBCS,2025,1,56.5039753,99.0,60,55
3033,303337810,TFWS,2025,1,16.6909773,99.0,60,55
3033,303337810,GOPENH,2025,1,38.7925588,99.0,60,55
3033,303337810,GOPENH,2025,1,68.0484125,99.0,60,55
3033,303337810,GSCNH,2025,1,59.2443064,99.0,60,55
3033,303337810,GNT2S,2025,1,65.9070599,99.0,60,55
3033,303337810,GNT3S,2025,1,59.2124434,99.0,60,55
3033,303337810,GOBCNH,2025,1,55.7703505,99.0,60,55
3033,303337810,GSEBCS,2025,1,27.2101033,99.0,60,55
3033,303337810,LOPENS,2025,1,61.7346759,99.0,60,55
3033,303337810,LSCS,2025,1,52.7200757,99.0,60,55
3033,303337810,LOBCS,2025,1,55.6712077,99.0,60,55
3033,303337810,LSEBCS,2025,1,55.3743463,99.0,60,55
3033,303337810,TFWS,2025,1,65.2933256,99.0,60,55
3033,303337810,EWS,2025,1,22.4923895,99.0,60,55
3033,303337810,GOPENH,2025,1,50.8385093,99.0,60,55
3033,303350710,GOPENH,2025,1,70.2628092,99.0,60,55
3033,303350710,GSCNH,2025,1,47.1398578,99.0,60,55
3033,303350710,GVJS,2025,1,31.5596589,99.0,60,55
3033,303350710,GNT1S,2025,1,57.5410529,99.0,60,55
3033,303350710,GNT3S,2025,1,36.226012,99.0,60,55
3033,303350710,GOBCNH,2025,1,65.3084343,99.0,60,55
3033,303350710,GSEBCS,2025,1,52.5968356,99.0,60,55
3033,303350710,LOPENS,2025,1,78.6167398,99.0,60,55
3033,303350710,LSCS,2025,1,65.8992965,99.0,60,55
3033,303350710,LNT2S,2025,1,54.4314351,99.0,60,55
3033,303350710,LOBCS,2025,1,73.4722277,99.0,60,55
3033,303350710,LSEBCS,2025,1,53.2228937,99.0,60,55
3033,303350710,DEFOPENS,2025,1,82.1319232,99.0,60,55
3033,303350710,TFWS,2025,1,10.8523619,99.0,60,55
3033,303350710,EWS,2025,1,32.5451434,99.0,60,55
3033,303350710,GOPENH,2025,1,73.7482517,99.0,60,55
3033,303350710,GOPENH,2025,1,74.4163823,99.0,60,55
3033,303350710,GSCNH,2025,1,61.5912113,99.0,60,55
3033,303350710,GVJS,2025,1,73.3356624,99.0,60,55
3033,303350710,GNT1S,2025,1,61.9042106,99.0,60,55
3033,303350710,GNT2S,2025,1,66.0625569,99.0,60,55
3033,303350710,GNT3S,2025,1,63.4757967,99.0,60,55
3033,303350710,GOBCNH,2025,1,66.0549811,99.0,60,55
3033,303350710,GSEBCS,2025,1,64.5293156,99.0,60,55
3033,303350710,LOPENS,2025,1,81.9275869,99.0,60,55
3033,303350710,LSCS,2025,1,65.1648234,99.0,60,55
3033,303350710,LNT2S,2025,1,76.7952218,99.0,60,55
3033,303350710,LOBCS,2025,1,67.9621973,99.0,60,55
3033,303350710,LSEBCS,2025,1,75.242318,99.0,60,55
3033,303350710,TFWS,2025,1,14.6900893,99.0,60,55
3033,303350710,EWS,2025,1,45.035095,99.0,60,55
3033,303350710,GOPENH,2025,1,69.7766245,99.0,60,55
3033,303352710,GOPENH,2025,1,32.5451434,99.0,60,55
3033,303352710,GSCNH,2025,1,2.1515141,99.0,60,55
3033,303352710,GOBCNH,2025,1,9.6906054,99.0,60,55
3033,303352710,GSEBCS,2025,1,7.1251441,99.0,60,55
3033,303352710,LOPENS,2025,1,33.465035,99.0,60,55
3033,303352710,LSCS,2025,1,24.9543245,99.0,60,55
3033,303352710,LNT1S,2025,1,4.5300548,99.0,60,55
3033,303352710,LOBCS,2025,1,5.7167832,99.0,60,55
3033,303352710,GOPENH,2025,1,2.4063712,99.0,60,55
3033,303352710,GOPENH,2025,1,54.9832594,99.0,60,55
3033,303352710,GSCNH,2025,1,15.4623879,99.0,60,55
3033,303352710,GOBCNH,2025,1,42.3488094,99.0,60,55
3033,303352710,GSEBCS,2025,1,33.1537425,99.0,60,55
3033,303352710,LOPENS,2025,1,26.591875,99.0,60,55
3033,303352710,LOBCS,2025,1,16.3855337,99.0,60,55
3033,303352710,LSEBCS,2025,1,6.8673857,99.0,60,55
3033,303352710,EWS,2025,1,23.426501,99.0,60,55
3033,303352710,GOPENH,2025,1,41.3533547,99.0,60,55
3033,303361210,GOPENH,2025,1,66.4263323,99.0,60,55
3033,303361210,GSCNH,2025,1,41.7471281,99.0,60,55
3033,303361210,GVJS,2025,1,45.9245973,99.0,60,55
3033,303361210,GNT1S,2025,1,31.9226076,99.0,60,55
3033,303361210,GNT2S,2025,1,31.9280223,99.0,60,55
3033,303361210,GOBCNH,2025,1,50.5909012,99.0,60,55
3033,303361210,GSEBCS,2025,1,45.2322221,99.0,60,55
3033,303361210,LOPENS,2025,1,58.4401523,99.0,60,55
3033,303361210,LSCS,2025,1,2.1515141,99.0,60,55
3033,303361210,LNT3S,2025,1,25.0722391,99.0,60,55
3033,303361210,LOBCS,2025,1,18.5475444,99.0,60,55
3033,303361210,LSEBCS,2025,1,76.8955509,99.0,60,55
3033,303361210,TFWS,2025,1,3.0019522,99.0,60,55
3033,303361210,EWS,2025,1,39.2328654,99.0,60,55
3033,303361210,GOPENH,2025,1,50.3223138,99.0,60,55
3033,303361210,GOPENH,2025,1,73.6510161,99.0,60,55
3033,303361210,GSCNH,2025,1,51.8020478,99.0,60,55
3033,303361210,GSTNH,2025,1,17.0157534,99.0,60,55
3033,303361210,GVJS,2025,1,64.2198294,99.0,60,55
3033,303361210,GNT2S,2025,1,68.1448034,99.0,60,55
3033,303361210,GOBCNH,2025,1,65.6970807,99.0,60,55
3033,303361210,GSEBCS,2025,1,56.5182885,99.0,60,55
3033,303361210,LOPENS,2025,1,57.0044084,99.0,60,55
3033,303361210,LSCS,2025,1,49.2473035,99.0,60,55
3033,303361210,LVJS,2025,1,54.9733848,99.0,60,55
3033,303361210,LNT1S,2025,1,34.8863278,99.0,60,55
3033,303361210,LNT2S,2025,1,52.8745002,99.0,60,55
3033,303361210,LOBCS,2025,1,37.8307719,99.0,60,55
3033,303361210,LSEBCS,2025,1,78.733317,99.0,60,55
3033,303361210,DEFOPENS,2025,1,46.7128425,99.0,60,55
3033,303361210,TFWS,2025,1,40.6688911,99.0,60,55
3033,303361210,EWS,2025,1,66.2459959,99.0,60,55
3033,303361210,GOPENH,2025,1,59.8130199,99.0,60,55
3033,303390510,GOPENH,2025,1,78.8357161,99.0,60,55
3033,303390510,GSCNH,2025,1,68.8687467,99.0,60,55
3033,303390510,GVJS,2025,1,63.4714222,99.0,60,55
3033,303390510,GNT1S,2025,1,68.3753318,99.0,60,55
3033,303390510,GNT2S,2025,1,77.2287062,99.0,60,55
3033,303390510,GOBCNH,2025,1,72.1363369,99.0,60,55
3033,303390510,GSEBCS,2025,1,66.1695365,99.0,60,55
3033,303390510,LOPENS,2025,1,80.7175218,99.0,60,55
3033,303390510,LSCS,2025,1,69.2179237,99.0,60,55
3033,303390510,LSTS,2025,1,52.8806012,99.0,60,55
3033,303390510,LNT2S,2025,1,78.1688442,99.0,60,55
3033,303390510,LOBCS,2025,1,71.8197195,99.0,60,55
3033,303390510,LSEBCS,2025,1,75.1620214,99.0,60,55
3033,303390510,TFWS,2025,1,85.1919561,99.0,60,55
3033,303390510,EWS,2025,1,52.3622324,99.0,60,55
3033,303390510,GOPENH,2025,1,74.9785452,99.0,60,55
3033,303390510,GOPENH,2025,1,74.6853954,99.0,60,55
3033,303390510,GSCNH,2025,1,49.6322266,99.0,60,55
3033,303390510,GVJS,2025,1,47.0872596,99.0,60,55
3033,303390510,GNT1S,2025,1,58.9637781,99.0,60,55
3033,303390510,GNT2S,2025,1,36.6711564,99.0,60,55
3033,303390510,GNT3S,2025,1,60.5118338,99.0,60,55
3033,303390510,GOBCNH,2025,1,62.5282864,99.0,60,55
3033,303390510,GSEBCS,2025,1,66.8147184,99.0,60,55
3033,303390510,LOPENS,2025,1,77.2143105,99.0,60,55
3033,303390510,LSCS,2025,1,72.5022286,99.0,60,55
3033,303390510,LOBCS,2025,1,63.9397326,99.0,60,55
3033,303390510,LSEBCS,2025,1,73.2860799,99.0,60,55
3033,303390510,TFWS,2025,1,59.3625359,99.0,60,55
3033,303390510,EWS,2025,1,31.8317161,99.0,60,55
3033,303390510,GOPENH,2025,1,62.3077731,99.0,60,55
3035,303390510,LOPENS,2025,1,93.9467062,99.0,60,55
3035,303390510,LSCS,2025,1,83.880237,99.0,60,55
3035,303390510,LSTS,2025,1,33.0802795,99.0,60,55
3035,303390510,LVJS,2025,1,69.4561708,99.0,60,55
3035,303390510,LNT1S,2025,1,89.2945239,99.0,60,55
3035,303390510,LNT2S,2025,1,91.8738016,99.0,60,55
3035,303390510,LNT3S,2025,1,93.0581679,99.0,60,55
3035,303390510,LOBCS,2025,1,91.5026371,99.0,60,55
3035,303390510,LSEBCS,2025,1,87.0316109,99.0,60,55
3035,303390510,PWDOPENS,2025,1,47.0502678,99.0,60,55
3035,303390510,DEFOPENS,2025,1,88.1387307,99.0,60,55
3035,303390510,DEFOBCS,2025,1,70.2628092,99.0,60,55
3035,303390510,DEFRNT2S,2025,1,71.8498844,99.0,60,55
3035,303390510,EWS,2025,1,90.0175917,99.0,60,55
3035,303390510,LOPENS,2025,1,89.8520525,99.0,60,55
3035,303390510,LSCS,2025,1,76.9213781,99.0,60,55
3035,303390510,LSTS,2025,1,62.1412608,99.0,60,55
3035,303390510,LVJS,2025,1,49.6043895,99.0,60,55
3035,303390510,LNT1S,2025,1,81.2846613,99.0,60,55
3035,303390510,LNT2S,2025,1,84.1131441,99.0,60,55
3035,303390510,LNT3S,2025,1,88.727183,99.0,60,55
3035,303390510,LOBCS,2025,1,88.0840044,99.0,60,55
3035,303390510,LSEBCS,2025,1,79.9072027,99.0,60,55
3035,303390510,DEFOPENS,2025,1,78.2396759,99.0,60,55
3035,303390510,EWS,2025,1,75.4048881,99.0,60,55
3035,303390510,LOPENS,2025,1,91.3015715,99.0,60,55
3035,303390510,LSCS,2025,1,78.8357161,99.0,60,55
3035,303390510,LVJS,2025,1,43.031473,99.0,60,55
3035,303390510,LNT1S,2025,1,84.0359888,99.0,60,55
3035,303390510,LNT2S,2025,1,78.1688442,99.0,60,55
3035,303390510,LNT3S,2025,1,89.861767,99.0,60,55
3035,303390510,LOBCS,2025,1,88.2484746,99.0,60,55
3035,303390510,LSEBCS,2025,1,79.7946282,99.0,60,55
3035,303390510,DEFOPENS,2025,1,65.630713,99.0,60,55
3035,303390510,EWS,2025,1,79.4832155,99.0,60,55
3035,303390510,LOPENS,2025,1,81.8021201,99.0,60,55
3035,303390510,LSCS,2025,1,65.630713,99.0,60,55
3035,303390510,LVJS,2025,1,66.3795642,99.0,60,55
3035,303390510,LNT1S,2025,1,49.3416227,99.0,60,55
3035,303390510,LNT2S,2025,1,68.3753318,99.0,60,55
3035,303390510,LNT3S,2025,1,72.3760958,99.0,60,55
3035,303390510,LOBCS,2025,1,77.9513058,99.0,60,55
3035,303390510,LSEBCS,2025,1,50.4913264,99.0,60,55
3035,303390510,DEFOPENS,2025,1,43.031473,99.0,60,55
3035,303390510,EWS,2025,1,22.4248107,99.0,60,55
3035,303390510,LOPENS,2025,1,86.675963,99.0,60,55
3035,303390510,LSCS,2025,1,69.8941051,99.0,60,55
3035,303390510,LVJS,2025,1,36.1811489,99.0,60,55
3035,303390510,LNT1S,2025,1,68.4887011,99.0,60,55
3035,303390510,LNT2S,2025,1,83.1060395,99.0,60,55
3035,303390510,LNT3S,2025,1,82.777662,99.0,60,55
3035,303390510,LOBCS,2025,1,82.3938224,99.0,60,55
3035,303390510,LSEBCS,2025,1,71.5830116,99.0,60,55
3035,303390510,DEFOPENS,2025,1,65.630713,99.0,60,55
3035,303390510,EWS,2025,1,57.0133407,99.0,60,55
3035,303390510,LOPENS,2025,1,88.0599617,99.0,60,55
3035,303390510,LSCS,2025,1,72.3760958,99.0,60,55
3035,303390510,LSTS,2025,1,29.0442453,99.0,60,55
3035,303390510,LVJS,2025,1,83.1060395,99.0,60,55
3035,303390510,LNT1S,2025,1,73.1347962,99.0,60,55
3035,303390510,LNT2S,2025,1,72.7429418,99.0,60,55
3035,303390510,LNT3S,2025,1,78.8357161,99.0,60,55
3035,303390510,LOBCS,2025,1,85.2260888,99.0,60,55
3035,303390510,LSEBCS,2025,1,74.5404987,99.0,60,55
3035,303390510,DEFOPENS,2025,1,73.4722277,99.0,60,55
3035,303390510,DEFOBCS,2025,1,32.1281783,99.0,60,55
3035,303390510,EWS,2025,1,60.634478,99.0,60,55
3035,303390510,LOPENS,2025,1,94.3393288,99.0,60,55
3035,303390510,LSCS,2025,1,86.0314842,99.0,60,55
3035,303390510,LSTS,2025,1,43.7064846,99.0,60,55
3035,303390510,LVJS,2025,1,86.6459627,99.0,60,55
3035,303390510,LNT1S,2025,1,87.5237763,99.0,60,55
3035,303390510,LNT2S,2025,1,88.5637068,99.0,60,55
3035,303390510,LNT3S,2025,1,91.6610792,99.0,60,55
3035,303390510,LOBCS,2025,1,91.5582428,99.0,60,55
3035,303390510,LSEBCS,2025,1,89.1809567,99.0,60,55
3035,303390510,PWDOPENS,2025,1,75.4489132,99.0,60,55
3035,303390510,DEFOPENS,2025,1,91.7858261,99.0,60,55
3035,303390510,DEFOBCS,2025,1,79.2630446,99.0,60,55
3035,303390510,TFWS,2025,1,96.5565559,99.0,60,55
3035,303390510,DEFRSEBCS,2025,1,82.5187713,99.0,60,55
3035,303390510,EWS,2025,1,88.8293119,99.0,60,55
3035,303390510,LOPENS,2025,1,90.8146472,99.0,60,55
3035,303390510,LSCS,2025,1,80.1766472,99.0,60,55
3035,303390510,LVJS,2025,1,80.5339227,99.0,60,55
3035,303390510,LNT1S,2025,1,86.3505412,99.0,60,55
3035,303390510,LNT2S,2025,1,82.9459739,99.0,60,55
3035,303390510,LNT3S,2025,1,88.245893,99.0,60,55
3035,303390510,LOBCS,2025,1,89.4554822,99.0,60,55
3035,303390510,LSEBCS,2025,1,85.225256,99.0,60,55
3035,303390510,DEFOPENS,2025,1,87.2636301,99.0,60,55
3035,303390510,DEFOBCS,2025,1,65.8087807,99.0,60,55
3035,303390510,TFWS,2025,1,90.0843448,99.0,60,55
3035,303390510,EWS,2025,1,83.7030299,99.0,60,55
3035,303390510,LOPENS,2025,1,92.2153383,99.0,60,55
3035,303390510,LSCS,2025,1,80.7403032,99.0,60,55
3035,303390510,LVJS,2025,1,82.9459739,99.0,60,55
3035,303390510,LNT1S,2025,1,85.1749825,99.0,60,55
3035,303390510,LNT2S,2025,1,82.5741649,99.0,60,55
3035,303390510,LNT3S,2025,1,87.1247638,99.0,60,55
3035,303390510,LOBCS,2025,1,89.9001306,99.0,60,55
3035,303390510,LSEBCS,2025,1,85.791852,99.0,60,55
3035,303390510,DEFOPENS,2025,1,71.4377156,99.0,60,55
3035,303390510,TFWS,2025,1,92.8766596,99.0,60,55
3035,303390510,EWS,2025,1,85.0803043,99.0,60,55
3035,303390510,LOPENS,2025,1,85.6770225,99.0,60,55
3035,303390510,LSCS,2025,1,69.8303637,99.0,60,55
3035,303390510,LVJS,2025,1,75.242318,99.0,60,55
3035,303390510,LNT1S,2025,1,77.937978,99.0,60,55
3035,303390510,LNT2S,2025,1,69.8303637,99.0,60,55
3035,303390510,LNT3S,2025,1,51.0139791,99.0,60,55
3035,303390510,LOBCS,2025,1,82.9464759,99.0,60,55
3035,303390510,LSEBCS,2025,1,76.7952218,99.0,60,55
3035,303390510,TFWS,2025,1,86.7461997,99.0,60,55
3035,303390510,EWS,2025,1,70.6970324,99.0,60,55
3035,303390510,LOPENS,2025,1,88.7627999,99.0,60,55
3035,303390510,LSCS,2025,1,77.3787188,99.0,60,55
3035,303390510,LVJS,2025,1,62.5282864,99.0,60,55
3035,303390510,LNT1S,2025,1,82.4850758,99.0,60,55
3035,303390510,LNT2S,2025,1,73.2908824,99.0,60,55
3035,303390510,LNT3S,2025,1,82.3704723,99.0,60,55
3035,303390510,LOBCS,2025,1,86.2729883,99.0,60,55
3035,303390510,LSEBCS,2025,1,80.4944215,99.0,60,55
3035,303390510,DEFOPENS,2025,1,63.5901214,99.0,60,55
3035,303390510,TFWS,2025,1,87.609626,99.0,60,55
3035,303390510,EWS,2025,1,76.3324995,99.0,60,55
3035,303390510,LOPENS,2025,1,89.1791812,99.0,60,55
3035,303390510,LSCS,2025,1,78.7121389,99.0,60,55
3035,303390510,LSTS,2025,1,31.0015898,99.0,60,55
3035,303390510,LVJS,2025,1,68.9346395,99.0,60,55
3035,303390510,LNT1S,2025,1,77.9589871,99.0,60,55
3035,303390510,LNT2S,2025,1,73.0844718,99.0,60,55
3035,303390510,LNT3S,2025,1,85.2824124,99.0,60,55
3035,303390510,LOBCS,2025,1,88.118041,99.0,60,55
3035,303390510,LSEBCS,2025,1,82.5792479,99.0,60,55
3035,303390510,DEFOPENS,2025,1,81.4271094,99.0,60,55
3035,303390510,TFWS,2025,1,88.8293119,99.0,60,55
3035,303390510,EWS,2025,1,81.0159708,99.0,60,55
3036,303650710,GOPENH,2025,1,99.4662839,99.0,60,55
3036,303650710,GSCNH,2025,1,96.5118421,99.0,60,55
3036,303650710,GSTNH,2025,1,83.2103258,99.0,60,55
3036,303650710,GVJS,2025,1,94.9084767,99.0,60,55
3036,303650710,GNT1S,2025,1,96.3424067,99.0,60,55
3036,303650710,GNT2S,2025,1,98.204487,99.0,60,55
3036,303650710,GOBCNH,2025,1,98.9025491,99.0,60,55
3036,303650710,GSEBCS,2025,1,98.4352625,99.0,60,55
3036,303650710,LOPENS,2025,1,99.1755006,99.0,60,55
3036,303650710,LSCS,2025,1,94.5454545,99.0,60,55
3036,303650710,LSTS,2025,1,87.1376478,99.0,60,55
3036,303650710,LNT2S,2025,1,95.7272828,99.0,60,55
3036,303650710,LOBCS,2025,1,97.9220779,99.0,60,55
3036,303650710,LSEBCS,2025,1,97.6503399,99.0,60,55
3036,303650710,PWDOPENS,2025,1,97.4161284,99.0,60,55
3036,303650710,DEFOPENS,2025,1,98.5,99.0,60,55
3036,303650710,DEFOBCS,2025,1,95.868115,99.0,60,55
3036,303650710,TFWS,2025,1,98.776364,99.0,60,55
3036,303650710,GOPENH,2025,1,99.6314681,99.0,60,55
3036,303650710,GSCNH,2025,1,96.5870307,99.0,60,55
3036,303650710,GSTNH,2025,1,88.4219058,99.0,60,55
3036,303650710,GVJS,2025,1,98.3477163,99.0,60,55
3036,303650710,GNT1S,2025,1,97.2067626,99.0,60,55
3036,303650710,GNT2S,2025,1,99.4822739,99.0,60,55
3036,303650710,GOBCNH,2025,1,99.1264191,99.0,60,55
3036,303650710,GSEBCS,2025,1,98.996822,99.0,60,55
3036,303650710,LOPENS,2025,1,99.5311735,99.0,60,55
3036,303650710,LSCS,2025,1,98.297856,99.0,60,55
3036,303650710,LSTS,2025,1,91.6804693,99.0,60,55
3036,303650710,LNT2S,2025,1,97.321565,99.0,60,55
3036,303650710,LNT3S,2025,1,95.9433601,99.0,60,55
3036,303650710,LOBCS,2025,1,98.5598385,99.0,60,55
3036,303650710,LSEBCS,2025,1,98.1399096,99.0,60,55
3036,303650710,PWDOPENS,2025,1,88.118041,99.0,60,55
3036,303650710,PWDOBCS,2025,1,59.2443064,99.0,60,55
3036,303650710,DEFOPENS,2025,1,97.4167804,99.0,60,55
3036,303650710,DEFOBCS,2025,1,96.1680205,99.0,60,55
3036,303650710,TFWS,2025,1,99.4867045,99.0,60,55
3036,303650710,PWDROBCS,2025,1,77.741426,99.0,60,55
3036,303650710,DEFRSEBCS,2025,1,96.7919146,99.0,60,55
3036,303650710,EWS,2025,1,98.7612146,99.0,60,55
3036,303651110,GOPENH,2025,1,98.3671329,99.0,60,55
3036,303651110,GSCNH,2025,1,89.8231024,99.0,60,55
3036,303651110,GNT3S,2025,1,89.3412389,99.0,60,55
3036,303651110,GOBCNH,2025,1,96.3339223,99.0,60,55
3036,303651110,GSEBCS,2025,1,94.7364547,99.0,60,55
3036,303651110,LOPENS,2025,1,97.765875,99.0,60,55
3036,303651110,LSTS,2025,1,96.9557645,99.0,60,55
3036,303651110,LOBCS,2025,1,93.4192837,99.0,60,55
3036,303651110,LSEBCS,2025,1,96.308175,99.0,60,55
3036,303651110,TFWS,2025,1,92.0737359,99.0,60,55
3036,303651110,EWS,2025,1,42.7403863,99.0,60,55
3036,303651110,GOPENH,2025,1,98.6575619,99.0,60,55
3036,303651110,GSCNH,2025,1,94.1950375,99.0,60,55
3036,303651110,GSTNH,2025,1,60.4816409,99.0,60,55
3036,303651110,GNT1S,2025,1,80.78157,99.0,60,55
3036,303651110,GOBCNH,2025,1,97.7989985,99.0,60,55
3036,303651110,GSEBCS,2025,1,97.7429122,99.0,60,55
3036,303651110,LOPENS,2025,1,98.4678322,99.0,60,55
3036,303651110,LOBCS,2025,1,96.6937233,99.0,60,55
3036,303651110,TFWS,2025,1,97.6103268,99.0,60,55
3036,303651110,DEFROBCS,2025,1,90.0134693,99.0,60,55
3036,303651110,EWS,2025,1,94.2038061,99.0,60,55
3036,303651210,GOPENH,2025,1,98.5804196,99.0,60,55
3036,303651210,GSCNH,2025,1,96.0898561,99.0,60,55
3036,303651210,GSTNH,2025,1,60.3213757,99.0,60,55
3036,303651210,GNT2S,2025,1,96.684051,99.0,60,55
3036,303651210,GOBCNH,2025,1,97.6223776,99.0,60,55
3036,303651210,GSEBCS,2025,1,97.2518286,99.0,60,55
3036,303651210,LOPENS,2025,1,98.776364,99.0,60,55
3036,303651210,LNT1S,2025,1,97.5585191,99.0,60,55
3036,303651210,TFWS,2025,1,90.3099038,99.0,60,55
3036,303651210,EWS,2025,1,83.880237,99.0,60,55
3036,303651210,GOPENH,2025,1,98.8869054,99.0,60,55
3036,303651210,GSTNH,2025,1,86.2039517,99.0,60,55
3036,303651210,GNT2S,2025,1,96.5942413,99.0,60,55
3036,303651210,GOBCNH,2025,1,98.6704553,99.0,60,55
3036,303651210,GSEBCS,2025,1,96.9644681,99.0,60,55
3036,303651210,LOPENS,2025,1,98.9208633,99.0,60,55
3036,303651210,LSCS,2025,1,93.4491576,99.0,60,55
3036,303651210,LOBCS,2025,1,97.4328274,99.0,60,55
3036,303651210,TFWS,2025,1,98.9702605,99.0,60,55
3036,303651210,EWS,2025,1,96.7675378,99.0,60,55
3036,303651310,GOPENH,2025,1,99.730746,99.0,60,55
3036,303651310,GSTNH,2025,1,89.0897323,99.0,60,55
3036,303651310,GNT1S,2025,1,97.8626166,99.0,60,55
3036,303651310,GNT2S,2025,1,98.966961,99.0,60,55
3036,303651310,GSEBCS,2025,1,98.3040144,99.0,60,55
3036,303651310,LOPENS,2025,1,99.8680258,99.0,60,55
3036,303651310,LSCS,2025,1,98.7615247,99.0,60,55
3036,303651310,LOBCS,2025,1,99.7137845,99.0,60,55
3036,303651310,GOPENH,2025,1,99.9023611,99.0,60,55
3036,303651310,GSCNH,2025,1,98.4924834,99.0,60,55
3036,303651310,GSTNH,2025,1,98.1066556,99.0,60,55
3036,303651310,GVJS,2025,1,98.83504,99.0,60,55
3036,303651310,GNT3S,2025,1,97.7449977,99.0,60,55
3036,303651310,LOPENS,2025,1,99.9702836,99.0,60,55
3036,303651310,LSEBCS,2025,1,99.5080612,99.0,60,55
3036,303651310,TFWS,2025,1,99.9876599,99.0,60,55
3036,303651310,PWDROBCS,2025,1,94.3193907,99.0,60,55
3036,303651310,DEFROBCS,2025,1,95.425694,99.0,60,55
3036,303651310,EWS,2025,1,99.1128063,99.0,60,55
3036,303651410,GOPENH,2025,1,96.9438791,99.0,60,55
3036,303651410,GSCNH,2025,1,88.9773781,99.0,60,55
3036,303651410,GNT3S,2025,1,82.9717485,99.0,60,55
3036,303651410,GOBCNH,2025,1,95.5725809,99.0,60,55
3036,303651410,GSEBCS,2025,1,93.9883008,99.0,60,55
3036,303651410,LOPENS,2025,1,96.5118421,99.0,60,55
3036,303651410,LSCS,2025,1,87.0323929,99.0,60,55
3036,303651410,LSTS,2025,1,82.837277,99.0,60,55
3036,303651410,LVJS,2025,1,94.958042,99.0,60,55
3036,303651410,LOBCS,2025,1,93.3531469,99.0,60,55
3036,303651410,LSEBCS,2025,1,95.9560746,99.0,60,55
3036,303651410,TFWS,2025,1,85.6182564,99.0,60,55
3036,303651410,DEFRSCS,2025,1,91.6544074,99.0,60,55
3036,303651410,EWS,2025,1,71.5562808,99.0,60,55
3036,303651410,GOPENH,2025,1,98.2626354,99.0,60,55
3036,303651410,GSCNH,2025,1,93.1663509,99.0,60,55
3036,303651410,GSTNH,2025,1,70.9390112,99.0,60,55
3036,303651410,GNT2S,2025,1,94.9644162,99.0,60,55
3036,303651410,GOBCNH,2025,1,96.3494357,99.0,60,55
3036,303651410,GSEBCS,2025,1,97.0991989,99.0,60,55
3036,303651410,LOPENS,2025,1,98.4399761,99.0,60,55
3036,303651410,LSCS,2025,1,92.1611438,99.0,60,55
3036,303651410,LSTS,2025,1,72.8488305,99.0,60,55
3036,303651410,LNT1S,2025,1,90.2558184,99.0,60,55
3036,303651410,LOBCS,2025,1,96.5027076,99.0,60,55
3036,303651410,LSEBCS,2025,1,94.6508434,99.0,60,55
3036,303651410,TFWS,2025,1,97.259303,99.0,60,55
3036,303651410,DEFRSEBCS,2025,1,91.4870854,99.0,60,55
3036,303651410,EWS,2025,1,93.6844271,99.0,60,55
3036,303651910,GOPENH,2025,1,99.0185463,99.0,60,55
3036,303651910,GSCNH,2025,1,94.0544184,99.0,60,55
3036,303651910,GSTNH,2025,1,78.2396759,99.0,60,55
3036,303651910,GNT1S,2025,1,95.3983854,99.0,60,55
3036,303651910,GOBCNH,2025,1,98.650363,99.0,60,55
3036,303651910,LOPENS,2025,1,98.9025491,99.0,60,55
3036,303651910,LSEBCS,2025,1,96.9659622,99.0,60,55
3036,303651910,TFWS,2025,1,97.0577076,99.0,60,55
3036,303651910,DEFROBCS,2025,1,88.5573886,99.0,60,55
3036,303651910,EWS,2025,1,96.4091902,99.0,60,55
3036,303651910,GOPENH,2025,1,99.4684566,99.0,60,55
3036,303651910,GSCNH,2025,1,96.389325,99.0,60,55
3036,303651910,GOBCNH,2025,1,99.0203625,99.0,60,55
3036,303651910,GSEBCS,2025,1,98.5373609,99.0,60,55
3036,303651910,LOPENS,2025,1,99.3890785,99.0,60,55
3036,303651910,LSCS,2025,1,95.4430646,99.0,60,55
3036,303651910,LVJS,2025,1,96.1739609,99.0,60,55
3036,303651910,TFWS,2025,1,99.1952467,99.0,60,55
3036,303651910,DEFROBCS,2025,1,87.7305257,99.0,60,55
3036,303651910,EWS,2025,1,97.4914261,99.0,60,55
3036,303653410,GOPENH,2025,1,99.5293708,99.0,60,55
3036,303653410,GSCNH,2025,1,98.2477868,99.0,60,55
3036,303653410,GSTNH,2025,1,92.0400779,99.0,60,55
3036,303653410,GOBCNH,2025,1,99.0060561,99.0,60,55
3036,303653410,GSEBCS,2025,1,98.5720227,99.0,60,55
3036,303653410,LOPENS,2025,1,99.8751791,99.0,60,55
3036,303653410,LSCS,2025,1,98.4050668,99.0,60,55
3036,303653410,LOBCS,2025,1,99.0579776,99.0,60,55
3036,303653410,GOPENH,2025,1,99.8789608,99.0,60,55
3036,303653410,GSCNH,2025,1,99.3277927,99.0,60,55
3036,303653410,GSTNH,2025,1,96.5548617,99.0,60,55
3036,303653410,GNT3S,2025,1,99.3988641,99.0,60,55
3036,303653410,GOBCNH,2025,1,99.6868653,99.0,60,55
3036,303653410,GSEBCS,2025,1,99.1938484,99.0,60,55
3036,303653410,LOPENS,2025,1,99.8930525,99.0,60,55
3036,303653410,LNT2S,2025,1,98.744436,99.0,60,55
3036,303653410,LOBCS,2025,1,99.6304695,99.0,60,55
3036,303653410,TFWS,2025,1,99.8839186,99.0,60,55
3036,303653410,EWS,2025,1,99.0294022,99.0,60,55
3036,303672910,GOPENH,2025,1,98.2737044,99.0,60,55
3036,303672910,GSCNH,2025,1,92.9187706,99.0,60,55
3036,303672910,GVJS,2025,1,94.998245,99.0,60,55
3036,303672910,GOBCNH,2025,1,97.7549689,99.0,60,55
3036,303672910,GSEBCS,2025,1,96.807386,99.0,60,55
3036,303672910,LOPENS,2025,1,98.0091509,99.0,60,55
3036,303672910,LNT3S,2025,1,88.5563899,99.0,60,55
3036,303672910,LOBCS,2025,1,97.2306072,99.0,60,55
3036,303672910,TFWS,2025,1,97.3888223,99.0,60,55
3036,303672910,EWS,2025,1,93.4570631,99.0,60,55
3036,303672910,GOPENH,2025,1,99.0001766,99.0,60,55
3036,303672910,GSCNH,2025,1,95.4986174,99.0,60,55
3036,303672910,GNT1S,2025,1,87.5957229,99.0,60,55
3036,303672910,GOBCNH,2025,1,98.302867,99.0,60,55
3036,303672910,GSEBCS,2025,1,97.6863753,99.0,60,55
3036,303672910,LOPENS,2025,1,98.976603,99.0,60,55
3036,303672910,LSTS,2025,1,41.5554243,99.0,60,55
3036,303672910,TFWS,2025,1,98.2779955,99.0,60,55
3036,303672910,DEFROBCS,2025,1,86.564971,99.0,60,55
3036,303672910,EWS,2025,1,96.8070391,99.0,60,55
3042,304229310,TFWS,2025,1,74.9785452,99.0,60,55
3042,304229310,EWS,2025,1,23.4132019,99.0,60,55
3042,304229310,DEFOPENS,2025,1,38.6749482,99.0,60,55
3042,304229310,TFWS,2025,1,84.207639,99.0,60,55
3042,304229310,EWS,2025,1,10.9209283,99.0,60,55
3042,304250410,DEFOPENS,2025,1,93.1614734,99.0,60,55
3042,304250410,EWS,2025,1,73.6345056,99.0,60,55
3042,304250410,DEFOPENS,2025,1,85.5085244,99.0,60,55
3042,304250410,DEFOBCS,2025,1,75.9478673,99.0,60,55
3042,304250410,DEFROBCS,2025,1,60.8567847,99.0,60,55
3042,304250410,EWS,2025,1,54.9832594,99.0,60,55
3042,304262410,EWS,2025,1,49.2256217,99.0,60,55
3042,304262410,TFWS,2025,1,77.0914416,99.0,60,55
3042,304262410,EWS,2025,1,61.9398096,99.0,60,55
3042,304291810,EWS,2025,1,17.6786167,99.0,60,55
3042,304291810,DEFOPENS,2025,1,19.3259851,99.0,60,55
3042,304291810,TFWS,2025,1,75.110975,99.0,60,55
3042,304291810,EWS,2025,1,57.6578681,99.0,60,55
3042,304299510,DEFOPENS,2025,1,54.0903901,99.0,60,55
3042,304299510,TFWS,2025,1,89.51289,99.0,60,55
3042,304299510,EWS,2025,1,46.3957696,99.0,60,55
3042,304299510,DEFOPENS,2025,1,88.2603909,99.0,60,55
3042,304299510,TFWS,2025,1,91.0694792,99.0,60,55
3042,304299510,EWS,2025,1,74.1334872,99.0,60,55
3135,313524510,DEFOPENS,2025,1,91.8528438,99.0,60,55
3135,313524510,DEFOBCS,2025,1,85.5729148,99.0,60,55
3135,313524510,TFWS,2025,1,96.3986014,99.0,60,55
3135,313524510,EWS,2025,1,90.6536517,99.0,60,55
3135,313524510,DEFOPENS,2025,1,90.5252595,99.0,60,55
3135,313524510,DEFSCS,2025,1,73.3356624,99.0,60,55
3135,313524510,DEFOBCS,2025,1,85.2824124,99.0,60,55
3135,313524510,TFWS,2025,1,96.1741748,99.0,60,55
3135,313524510,EWS,2025,1,90.1775065,99.0,60,55
3135,313524610,DEFOPENS,2025,1,88.6328671,99.0,60,55
3135,313524610,DEFSCS,2025,1,3.4408227,99.0,60,55
3135,313524610,DEFOBCS,2025,1,85.0571556,99.0,60,55
3135,313524610,TFWS,2025,1,94.8202997,99.0,60,55
3135,313524610,EWS,2025,1,86.6718198,99.0,60,55
3135,313524610,DEFOPENS,2025,1,89.4256012,99.0,60,55
3135,313524610,DEFOBCS,2025,1,83.4527296,99.0,60,55
3135,313524610,TFWS,2025,1,94.9817021,99.0,60,55
3135,313524610,EWS,2025,1,87.4466038,99.0,60,55
3135,313537210,DEFOPENS,2025,1,85.6182564,99.0,60,55
3135,313537210,DEFOBCS,2025,1,83.7239356,99.0,60,55
3135,313537210,DEFSEBCS,2025,1,71.4755245,99.0,60,55
3135,313537210,TFWS,2025,1,88.9773781,99.0,60,55
3135,313537210,EWS,2025,1,75.2405919,99.0,60,55
3135,313537210,DEFOPENS,2025,1,79.4663048,99.0,60,55
3135,313537210,DEFOBCS,2025,1,77.7140658,99.0,60,55
3135,313537210,TFWS,2025,1,92.5132937,99.0,60,55
3135,313537210,EWS,2025,1,79.6966406,99.0,60,55
3135,313561210,DEFOPENS,2025,1,81.1967017,99.0,60,55
3135,313561210,TFWS,2025,1,89.1256809,99.0,60,55
3135,313561210,EWS,2025,1,33.6209084,99.0,60,55
3135,313561210,DEFOPENS,2025,1,74.6217331,99.0,60,55
3135,313561210,TFWS,2025,1,92.4095563,99.0,60,55
3135,313561210,EWS,2025,1,78.890785,99.0,60,55
3135,313599510,DEFOPENS,2025,1,88.3826292,99.0,60,55
3135,313599510,TFWS,2025,1,95.45053,99.0,60,55
3135,313599510,DEFROBCS,2025,1,85.4112341,99.0,60,55
3135,313599510,EWS,2025,1,88.2544975,99.0,60,55
3135,313599510,DEFOPENS,2025,1,85.8665128,99.0,60,55
3135,313599510,TFWS,2025,1,96.1461976,99.0,60,55
3135,313599510,EWS,2025,1,91.2158031,99.0,60,55
3139,313924510,GOPENH,2025,1,97.5051096,99.0,60,55
3139,313924510,GSCNH,2025,1,95.4664524,99.0,60,55
3139,313924510,GSTNH,2025,1,85.1002266,99.0,60,55
3139,313924510,GVJS,2025,1,93.3751306,99.0,60,55
3139,313924510,GNT1S,2025,1,96.6812774,99.0,60,55
3139,313924510,GNT2S,2025,1,96.3424067,99.0,60,55
3139,313924510,GNT3S,2025,1,96.3675736,99.0,60,55
3139,313924510,GOBCNH,2025,1,97.0021073,99.0,60,55
3139,313924510,GSEBCS,2025,1,96.5830721,99.0,60,55
3139,313924510,LOPENS,2025,1,97.1954276,99.0,60,55
3139,313924510,LSCS,2025,1,93.8935512,99.0,60,55
3139,313924510,LSTS,2025,1,81.9705913,99.0,60,55
3139,313924510,LVJS,2025,1,92.3341523,99.0,60,55
3139,313924510,LNT1S,2025,1,94.294414,99.0,60,55
3139,313924510,LNT2S,2025,1,94.6981971,99.0,60,55
3139,313924510,LOBCS,2025,1,96.3815673,99.0,60,55
3139,313924510,LSEBCS,2025,1,95.8168703,99.0,60,55
3139,313924510,PWDOPENS,2025,1,81.7705077,99.0,60,55
3139,313924510,PWDOBCS,2025,1,52.8806012,99.0,60,55
3139,313924510,DEFOPENS,2025,1,95.9261851,99.0,60,55
3139,313924510,DEFSCS,2025,1,82.1124479,99.0,60,55
3139,313924510,DEFOBCS,2025,1,91.7513251,99.0,60,55
3139,313924510,DEFSEBCS,2025,1,89.682715,99.0,60,55
3139,313924510,TFWS,2025,1,97.7678736,99.0,60,55
3139,313924510,GOPENH,2025,1,97.9005056,99.0,60,55
3139,313924510,GSCNH,2025,1,96.0153643,99.0,60,55
3139,313924510,GSTNH,2025,1,83.1461103,99.0,60,55
3139,313924510,GVJS,2025,1,93.7616003,99.0,60,55
3139,313924510,GNT1S,2025,1,96.7919146,99.0,60,55
3139,313924510,GNT2S,2025,1,96.8852136,99.0,60,55
3139,313924510,GNT3S,2025,1,97.2886818,99.0,60,55
3139,313924510,GOBCNH,2025,1,97.628377,99.0,60,55
3139,313924510,GSEBCS,2025,1,96.9378727,99.0,60,55
3139,313924510,LOPENS,2025,1,97.3971254,99.0,60,55
3139,313924510,LSCS,2025,1,95.4799,99.0,60,55
3139,313924510,LSTS,2025,1,83.3904312,99.0,60,55
3139,313924510,LVJS,2025,1,96.2246812,99.0,60,55
3139,313924510,LNT1S,2025,1,94.6694641,99.0,60,55
3139,313924510,LNT2S,2025,1,94.2326904,99.0,60,55
3139,313924510,LNT3S,2025,1,96.3494357,99.0,60,55
3139,313924510,LOBCS,2025,1,96.8345273,99.0,60,55
3139,313924510,LSEBCS,2025,1,97.107136,99.0,60,55
3139,313924510,PWDOPENS,2025,1,81.2524249,99.0,60,55
3139,313924510,PWDSCS,2025,1,66.0956881,99.0,60,55
3139,313924510,PWDOBCS,2025,1,41.5554243,99.0,60,55
3139,313924510,DEFOPENS,2025,1,63.9535342,99.0,60,55
3139,313924510,DEFSCS,2025,1,90.266876,99.0,60,55
3139,313924510,DEFOBCS,2025,1,92.1611438,99.0,60,55
3139,313924510,DEFSEBCS,2025,1,90.9108002,99.0,60,55
3139,313924510,TFWS,2025,1,97.98376,99.0,60,55
3139,313924510,PWDROBCS,2025,1,76.5032413,99.0,60,55
3139,313924510,DEFROBCS,2025,1,94.9879389,99.0,60,55
3139,313924610,GOPENH,2025,1,96.9438791,99.0,60,55
3139,313924610,GSCNH,2025,1,94.2892243,99.0,60,55
3139,313924610,GSTNH,2025,1,79.027972,99.0,60,55
3139,313924610,GVJS,2025,1,90.4894438,99.0,60,55
3139,313924610,GNT1S,2025,1,94.6981971,99.0,60,55
3139,313924610,GNT2S,2025,1,95.3359302,99.0,60,55
3139,313924610,GNT3S,2025,1,96.3339223,99.0,60,55
3139,313924610,GOBCNH,2025,1,96.4057811,99.0,60,55
3139,313924610,GSEBCS,2025,1,95.2509653,99.0,60,55
3139,313924610,LOPENS,2025,1,96.5454743,99.0,60,55
3139,313924610,LSCS,2025,1,91.9353149,99.0,60,55
3139,313924610,LSTS,2025,1,78.8357161,99.0,60,55
3139,313924610,LVJS,2025,1,90.668828,99.0,60,55
3139,313924610,LNT1S,2025,1,93.5366917,99.0,60,55
3139,313924610,LNT2S,2025,1,93.8574939,99.0,60,55
3139,313924610,LNT3S,2025,1,94.0956622,99.0,60,55
3139,313924610,LOBCS,2025,1,96.0671999,99.0,60,55
3139,313924610,LSEBCS,2025,1,95.3167947,99.0,60,55
3139,313924610,PWDOPENS,2025,1,70.6189283,99.0,60,55
3139,313924610,DEFOPENS,2025,1,94.0166833,99.0,60,55
3139,313924610,DEFSCS,2025,1,70.5005064,99.0,60,55
3139,313924610,DEFOBCS,2025,1,90.5015276,99.0,60,55
3139,313924610,DEFSEBCS,2025,1,86.7181467,99.0,60,55
3139,313924610,TFWS,2025,1,97.1468531,99.0,60,55
3139,313924610,DEFRNT2S,2025,1,89.2945239,99.0,60,55
3139,313924610,EWS,2025,1,93.3751306,99.0,60,55
3139,313924610,GOPENH,2025,1,97.3155977,99.0,60,55
3139,313924610,GSCNH,2025,1,94.6480451,99.0,60,55
3139,313924610,GSTNH,2025,1,76.5995199,99.0,60,55
3139,313924610,GVJS,2025,1,92.1732083,99.0,60,55
3139,313924610,GNT1S,2025,1,95.9558175,99.0,60,55
3139,313924610,GNT2S,2025,1,95.8464164,99.0,60,55
3139,313924610,GNT3S,2025,1,96.2590235,99.0,60,55
3139,313924610,GOBCNH,2025,1,96.9232385,99.0,60,55
3139,313924610,GSEBCS,2025,1,96.3555898,99.0,60,55
3139,313924610,LOPENS,2025,1,96.8737201,99.0,60,55
3139,313924610,LSCS,2025,1,93.9724337,99.0,60,55
3139,313924610,LSTS,2025,1,76.973775,99.0,60,55
3139,313924610,LVJS,2025,1,92.67182,99.0,60,55
3139,313924610,LNT2S,2025,1,96.2590235,99.0,60,55
3139,313924610,LNT3S,2025,1,95.4986174,99.0,60,55
3139,313924610,LOBCS,2025,1,96.489538,99.0,60,55
3139,313924610,LSEBCS,2025,1,96.489538,99.0,60,55
3139,313924610,PWDOPENS,2025,1,66.5496835,99.0,60,55
3139,313924610,DEFOPENS,2025,1,94.2477571,99.0,60,55
3139,313924610,DEFSCS,2025,1,82.6530612,99.0,60,55
3139,313924610,DEFOBCS,2025,1,91.8461716,99.0,60,55
3139,313924610,DEFSEBCS,2025,1,87.921673,99.0,60,55
3139,313924610,TFWS,2025,1,97.3276451,99.0,60,55
3139,313924610,DEFRNT3S,2025,1,92.6318737,99.0,60,55
3139,313924610,EWS,2025,1,93.9374669,99.0,60,55
3139,313937210,GOPENH,2025,1,95.6472486,99.0,60,55
3139,313937210,GSCNH,2025,1,92.0737359,99.0,60,55
3139,313937210,GSTNH,2025,1,65.3084343,99.0,60,55
3139,313937210,GVJS,2025,1,90.0175917,99.0,60,55
3139,313937210,GNT1S,2025,1,94.25259,99.0,60,55
3139,313937210,GNT2S,2025,1,94.2598398,99.0,60,55
3139,313937210,GNT3S,2025,1,93.884935,99.0,60,55
3139,313937210,GOBCNH,2025,1,93.8107171,99.0,60,55
3139,313937210,GSEBCS,2025,1,91.8508049,99.0,60,55
3139,313937210,LOPENS,2025,1,94.7364547,99.0,60,55
3139,313937210,LSCS,2025,1,91.3593874,99.0,60,55
3139,313937210,LSTS,2025,1,40.0432529,99.0,60,55
3139,313937210,LVJS,2025,1,73.4354379,99.0,60,55
3139,313937210,LNT1S,2025,1,89.8391608,99.0,60,55
3139,313937210,LNT2S,2025,1,89.1476381,99.0,60,55
3139,313937210,LOBCS,2025,1,93.9463602,99.0,60,55
3139,313937210,LSEBCS,2025,1,92.0411007,99.0,60,55
3139,313937210,PWDOPENS,2025,1,55.9381337,99.0,60,55
3139,313937210,DEFOPENS,2025,1,89.682715,99.0,60,55
3139,313937210,DEFOBCS,2025,1,85.2260888,99.0,60,55
3139,313937210,TFWS,2025,1,94.816106,99.0,60,55
3139,313937210,EWS,2025,1,87.0316109,99.0,60,55
3139,313937210,GOPENH,2025,1,96.3555898,99.0,60,55
3139,313937210,GSCNH,2025,1,93.4180802,99.0,60,55
3139,313937210,GSTNH,2025,1,78.733317,99.0,60,55
3139,313937210,GVJS,2025,1,91.1602633,99.0,60,55
3139,313937210,GNT1S,2025,1,95.9447134,99.0,60,55
3139,313937210,GNT2S,2025,1,95.662116,99.0,60,55
3139,313937210,GNT3S,2025,1,94.9780988,99.0,60,55
3139,313937210,GOBCNH,2025,1,95.3858303,99.0,60,55
3139,313937210,GSEBCS,2025,1,94.5705862,99.0,60,55
3139,313937210,LOPENS,2025,1,96.2623043,99.0,60,55
3139,313937210,LSCS,2025,1,90.9108002,99.0,60,55
3139,313937210,LSTS,2025,1,81.9275869,99.0,60,55
3139,313937210,LVJS,2025,1,87.2152238,99.0,60,55
3139,313937210,LNT1S,2025,1,91.6505265,99.0,60,55
3139,313937210,LNT2S,2025,1,89.8845123,99.0,60,55
3139,313937210,LOBCS,2025,1,95.1740567,99.0,60,55
3139,313937210,LSEBCS,2025,1,94.7805374,99.0,60,55
3139,313937210,PWDOPENS,2025,1,32.5421636,99.0,60,55
3139,313937210,DEFOPENS,2025,1,92.5689146,99.0,60,55
3139,313937210,DEFOBCS,2025,1,90.6279863,99.0,60,55
3139,313937210,DEFSEBCS,2025,1,87.6160033,99.0,60,55
3139,313937210,TFWS,2025,1,96.317687,99.0,60,55
3139,313937210,EWS,2025,1,91.0435718,99.0,60,55
3139,313946110,GOPENH,2025,1,91.503982,99.0,60,55
3139,313946110,GSCNH,2025,1,80.8599071,99.0,60,55
3139,313946110,GSTNH,2025,1,25.7272727,99.0,60,55
3139,313946110,GVJS,2025,1,69.8941051,99.0,60,55
3139,313946110,GNT1S,2025,1,75.3562654,99.0,60,55
3139,313946110,GNT2S,2025,1,57.4376852,99.0,60,55
3139,313946110,GNT3S,2025,1,83.7239356,99.0,60,55
3139,313946110,GOBCNH,2025,1,83.4741816,99.0,60,55
3139,313946110,GSEBCS,2025,1,73.5570613,99.0,60,55
3139,313946110,LOPENS,2025,1,92.3341523,99.0,60,55
3139,313946110,LSCS,2025,1,84.0359888,99.0,60,55
3139,313946110,LSTS,2025,1,69.8941051,99.0,60,55
3139,313946110,LOBCS,2025,1,85.5729148,99.0,60,55
3139,313946110,LSEBCS,2025,1,81.1967017,99.0,60,55
3139,313946110,DEFOPENS,2025,1,83.880237,99.0,60,55
3139,313946110,TFWS,2025,1,91.3084967,99.0,60,55
3139,313946110,EWS,2025,1,36.1811489,99.0,60,55
3139,313946110,GOPENH,2025,1,92.9222144,99.0,60,55
3139,313946110,GSCNH,2025,1,87.2248719,99.0,60,55
3139,313946110,GSTNH,2025,1,63.5901214,99.0,60,55
3139,313946110,GVJS,2025,1,85.3230758,99.0,60,55
3139,313946110,GNT1S,2025,1,79.7046663,99.0,60,55
3139,313946110,GNT2S,2025,1,83.7986478,99.0,60,55
3139,313946110,GNT3S,2025,1,90.1398917,99.0,60,55
3139,313946110,GOBCNH,2025,1,89.5432094,99.0,60,55
3139,313946110,GSEBCS,2025,1,86.2729883,99.0,60,55
3139,313946110,LOPENS,2025,1,94.0618232,99.0,60,55
3139,313946110,LSCS,2025,1,89.2347783,99.0,60,55
3139,313946110,LNT1S,2025,1,55.3743463,99.0,60,55
3139,313946110,LOBCS,2025,1,90.4539834,99.0,60,55
3139,313946110,LSEBCS,2025,1,79.4663048,99.0,60,55
3139,313946110,DEFOPENS,2025,1,88.9649575,99.0,60,55
3139,313946110,TFWS,2025,1,93.4220277,99.0,60,55
3139,313946110,DEFROBCS,2025,1,83.9283276,99.0,60,55
3139,313946110,EWS,2025,1,80.1708014,99.0,60,55
3139,313946110,EWS,2025,1,95.9447134,99.0,60,55
3139,313990010,GOPENH,2025,1,95.7809758,99.0,60,55
3139,313990010,GSCNH,2025,1,92.3881037,99.0,60,55
3139,313990010,GSTNH,2025,1,65.6692751,99.0,60,55
3139,313990010,GVJS,2025,1,89.1256809,99.0,60,55
3139,313990010,GNT1S,2025,1,95.3359302,99.0,60,55
3139,313990010,GNT2S,2025,1,94.3106153,99.0,60,55
3139,313990010,GNT3S,2025,1,94.816106,99.0,60,55
3139,313990010,GOBCNH,2025,1,94.8874728,99.0,60,55
3139,313990010,GSEBCS,2025,1,92.7867133,99.0,60,55
3139,313990010,LOPENS,2025,1,95.6179188,99.0,60,55
3139,313990010,LSCS,2025,1,90.0449693,99.0,60,55
3139,313990010,LSTS,2025,1,64.713186,99.0,60,55
3139,313990010,LVJS,2025,1,81.1324174,99.0,60,55
3139,313990010,LNT1S,2025,1,91.0751777,99.0,60,55
3139,313990010,LNT2S,2025,1,92.5540912,99.0,60,55
3139,313990010,LNT3S,2025,1,91.6321516,99.0,60,55
3139,313990010,LOBCS,2025,1,94.4922123,99.0,60,55
3139,313990010,LSEBCS,2025,1,92.933589,99.0,60,55
3139,313990010,PWDOPENS,2025,1,62.1365556,99.0,60,55
3139,313990010,DEFOPENS,2025,1,93.9463602,99.0,60,55
3139,313990010,DEFOBCS,2025,1,85.9646097,99.0,60,55
3139,313990010,TFWS,2025,1,96.0454545,99.0,60,55
3139,313990010,EWS,2025,1,88.7615737,99.0,60,55
3139,313990010,GOPENH,2025,1,96.4855442,99.0,60,55
3139,313990010,GSCNH,2025,1,93.4220277,99.0,60,55
3139,313990010,GSTNH,2025,1,72.3753397,99.0,60,55
3139,313990010,GVJS,2025,1,90.7879085,99.0,60,55
3139,313990010,GNT1S,2025,1,93.1663509,99.0,60,55
3139,313990010,GNT2S,2025,1,95.2882188,99.0,60,55
3139,313990010,GNT3S,2025,1,94.9427415,99.0,60,55
3139,313990010,GOBCNH,2025,1,95.6935818,99.0,60,55
3139,313990010,GSEBCS,2025,1,95.0867052,99.0,60,55
3139,313990010,LOPENS,2025,1,96.245889,99.0,60,55
3139,313990010,LSCS,2025,1,91.1602633,99.0,60,55
3139,313990010,LSTS,2025,1,72.6740126,99.0,60,55
3139,313990010,LVJS,2025,1,87.468285,99.0,60,55
3139,313990010,LNT1S,2025,1,92.7160749,99.0,60,55
3139,313990010,LNT2S,2025,1,88.8600683,99.0,60,55
3139,313990010,LNT3S,2025,1,93.169136,99.0,60,55
3139,313990010,LOBCS,2025,1,94.8861284,99.0,60,55
3139,313990010,LSEBCS,2025,1,94.7981886,99.0,60,55
3139,313990010,PWDOPENS,2025,1,61.9042106,99.0,60,55
3139,313990010,DEFOPENS,2025,1,93.3529772,99.0,60,55
3139,313990010,DEFOBCS,2025,1,87.9344536,99.0,60,55
3139,313990010,DEFSEBCS,2025,1,87.5957229,99.0,60,55
3139,313990010,TFWS,2025,1,96.5496042,99.0,60,55
3139,313990010,DEFROBCS,2025,1,90.7879085,99.0,60,55
3139,313990010,EWS,2025,1,91.0387255,99.0,60,55
3146,314600210,TFWS,2025,1,79.6925092,99.0,60,55
3146,314600210,EWS,2025,1,19.7061157,99.0,60,55
3146,314600210,DEFOPENS,2025,1,57.8685189,99.0,60,55
3146,314600210,TFWS,2025,1,90.866765,99.0,60,55
3146,314600210,EWS,2025,1,28.9974428,99.0,60,55
3146,314624510,DEFOPENS,2025,1,71.5830116,99.0,60,55
3146,314624510,DEFOBCS,2025,1,66.3795642,99.0,60,55
3146,314624510,TFWS,2025,1,89.1476381,99.0,60,55
3146,314624510,EWS,2025,1,1.5757364,99.0,60,55
3146,314624510,DEFOPENS,2025,1,56.92563,99.0,60,55
3146,314624510,TFWS,2025,1,89.6590708,99.0,60,55
3146,314624510,EWS,2025,1,33.7141758,99.0,60,55
3146,314624610,DEFOPENS,2025,1,74.9785452,99.0,60,55
3146,314624610,TFWS,2025,1,85.9124978,99.0,60,55
3146,314624610,DEFROBCS,2025,1,49.6043895,99.0,60,55
3146,314624610,EWS,2025,1,29.4125763,99.0,60,55
3146,314624610,DEFOPENS,2025,1,39.9385666,99.0,60,55
3146,314624610,TFWS,2025,1,87.4032298,99.0,60,55
3146,314624610,EWS,2025,1,25.8055428,99.0,60,55
3146,314637210,TFWS,2025,1,80.8599071,99.0,60,55
3146,314637210,EWS,2025,1,68.8687467,99.0,60,55
3146,314637210,DEFOPENS,2025,1,77.7384664,99.0,60,55
3146,314637210,TFWS,2025,1,84.9389417,99.0,60,55
3146,314637210,EWS,2025,1,34.3896838,99.0,60,55
3146,314661210,TFWS,2025,1,66.2972028,99.0,60,55
3146,314661210,EWS,2025,1,32.0884521,99.0,60,55
3146,314661210,TFWS,2025,1,79.4793202,99.0,60,55
3146,314661210,EWS,2025,1,23.9884494,99.0,60,55
3146,314692010,DEFOPENS,2025,1,39.902473,99.0,60,55
3146,314692010,TFWS,2025,1,85.6421968,99.0,60,55
3146,314692010,EWS,2025,1,39.5742169,99.0,60,55
3146,314692010,TFWS,2025,1,90.0830242,99.0,60,55
3146,314692010,EWS,2025,1,11.3079387,99.0,60,55
3146,314699510,DEFOPENS,2025,1,63.6512871,99.0,60,55
3146,314699510,TFWS,2025,1,88.7615737,99.0,60,55
3146,314699510,EWS,2025,1,15.9545455,99.0,60,55
3146,314699510,DEFOPENS,2025,1,61.7346759,99.0,60,55
3146,314699510,TFWS,2025,1,88.5024155,99.0,60,55
3146,314699510,EWS,2025,1,29.4122187,99.0,60,55
3147,314719110,EWS,2025,1,74.8112584,99.0,60,55
3147,314724510,EWS,2025,1,69.8941051,99.0,60,55
3147,314724510,TFWS,2025,1,82.1388599,99.0,60,55
3147,314724510,EWS,2025,1,49.7711098,99.0,60,55
3147,314724610,EWS,2025,1,23.7839084,99.0,60,55
3147,314761210,EWS,2025,1,52.1652563,99.0,60,55
3147,314791710,EWS,2025,1,25.968356,99.0,60,55
3147,314792110,DEFOPENS,2025,1,80.2313072,99.0,60,55
3147,314792110,TFWS,2025,1,87.6167151,99.0,60,55
3147,314792110,EWS,2025,1,58.9637781,99.0,60,55
3148,314824510,GOPENH,2025,1,93.9899228,99.0,60,55
3148,314824510,LOPENS,2025,1,94.2892243,99.0,60,55
3148,314824510,TFWS,2025,1,85.901157,99.0,60,55
3148,314824510,GOPENH,2025,1,94.7283486,99.0,60,55
3148,314824510,LOPENS,2025,1,94.772118,99.0,60,55
3148,314824510,TFWS,2025,1,89.2375447,99.0,60,55
3148,314824610,GOPENH,2025,1,92.6563556,99.0,60,55
3148,314824610,LOPENS,2025,1,92.8770798,99.0,60,55
3148,314824610,TFWS,2025,1,78.8357161,99.0,60,55
3148,314824610,GOPENH,2025,1,93.4202865,99.0,60,55
3148,314824610,LOPENS,2025,1,93.442623,99.0,60,55
3148,314824610,TFWS,2025,1,79.3692556,99.0,60,55
3148,314825210,GOPENH,2025,1,91.3084967,99.0,60,55
3148,314825210,LOPENS,2025,1,91.6927138,99.0,60,55
3148,314825210,TFWS,2025,1,76.9322569,99.0,60,55
3148,314825210,GOPENH,2025,1,92.9717253,99.0,60,55
3148,314825210,LOPENS,2025,1,92.9443952,99.0,60,55
3148,314825210,TFWS,2025,1,78.733317,99.0,60,55
3148,314837210,GOPENH,2025,1,88.6328671,99.0,60,55
3148,314837210,LOPENS,2025,1,88.1719651,99.0,60,55
3148,314837210,TFWS,2025,1,56.8426573,99.0,60,55
3148,314837210,GOPENH,2025,1,92.9026198,99.0,60,55
3148,314837210,LOPENS,2025,1,91.9326024,99.0,60,55
3148,314837210,TFWS,2025,1,73.0844718,99.0,60,55
3148,314837810,GOPENH,2025,1,83.7934335,99.0,60,55
3148,314837810,LOPENS,2025,1,84.621564,99.0,60,55
3148,314837810,TFWS,2025,1,7.1251441,99.0,60,55
3148,314837810,GOPENH,2025,1,90.1218002,99.0,60,55
3148,314837810,LOPENS,2025,1,88.2603909,99.0,60,55
3148,314837810,TFWS,2025,1,26.3181412,99.0,60,55
3148,314890010,GOPENH,2025,1,89.4898417,99.0,60,55
3148,314890010,LOPENS,2025,1,89.2727273,99.0,60,55
3148,314890010,TFWS,2025,1,62.8632493,99.0,60,55
3148,314890010,GOPENH,2025,1,91.8763536,99.0,60,55
3148,314890010,LOPENS,2025,1,91.7989964,99.0,60,55
3148,314890010,TFWS,2025,1,60.5843098,99.0,60,55
3148,314893310,GOPENH,2025,1,85.6182564,99.0,60,55
3148,314893310,LOPENS,2025,1,82.837277,99.0,60,55
3148,314893310,TFWS,2025,1,12.5776664,99.0,60,55
3148,314893310,GOPENH,2025,1,89.106913,99.0,60,55
3148,314893310,LOPENS,2025,1,88.5637068,99.0,60,55
3148,314893310,TFWS,2025,1,30.378919,99.0,60,55
3148,314899510,GOPENH,2025,1,93.5907336,99.0,60,55
3148,314899510,LOPENS,2025,1,94.111278,99.0,60,55
3148,314899510,TFWS,2025,1,84.6429815,99.0,60,55
3148,314899510,GOPENH,2025,1,93.7060041,99.0,60,55
3148,314899510,LOPENS,2025,1,93.4649935,99.0,60,55
3148,314899510,TFWS,2025,1,83.1481862,99.0,60,55
3154,315419110,GOPENH,2025,1,69.0979021,99.0,60,55
3154,315419110,GSCNH,2025,1,44.5303298,99.0,60,55
3154,315419110,GSTNH,2025,1,0.1474201,99.0,60,55
3154,315419110,GVJS,2025,1,25.968356,99.0,60,55
3154,315419110,GNT1S,2025,1,47.8015007,99.0,60,55
3154,315419110,GNT2S,2025,1,58.8525307,99.0,60,55
3154,315419110,GNT3S,2025,1,51.57164,99.0,60,55
3154,315419110,GOBCNH,2025,1,46.7613499,99.0,60,55
3154,315419110,GSEBCS,2025,1,42.6339209,99.0,60,55
3154,315419110,LOPENS,2025,1,61.796967,99.0,60,55
3154,315419110,LSCS,2025,1,42.2674623,99.0,60,55
3154,315419110,LSTS,2025,1,31.9280223,99.0,60,55
3154,315419110,LNT2S,2025,1,15.3499592,99.0,60,55
3154,315419110,LOBCS,2025,1,39.6653303,99.0,60,55
3154,315419110,LSEBCS,2025,1,39.5742169,99.0,60,55
3154,315419110,TFWS,2025,1,70.2628092,99.0,60,55
3154,315419110,GOPENH,2025,1,76.3384255,99.0,60,55
3154,315419110,GSCNH,2025,1,64.7164682,99.0,60,55
3154,315419110,GSTNH,2025,1,27.9000459,99.0,60,55
3154,315419110,GVJS,2025,1,66.0549811,99.0,60,55
3154,315419110,GNT1S,2025,1,63.2367632,99.0,60,55
3154,315419110,GNT2S,2025,1,71.1330463,99.0,60,55
3154,315419110,GNT3S,2025,1,72.8027463,99.0,60,55
3154,315419110,GOBCNH,2025,1,69.8506426,99.0,60,55
3154,315419110,GSEBCS,2025,1,67.2980865,99.0,60,55
3154,315419110,LOPENS,2025,1,76.2668468,99.0,60,55
3154,315419110,LSCS,2025,1,64.4305882,99.0,60,55
3154,315419110,LVJS,2025,1,42.3488094,99.0,60,55
3154,315419110,LOBCS,2025,1,65.3107562,99.0,60,55
3154,315419110,LSEBCS,2025,1,55.7277177,99.0,60,55
3154,315419110,TFWS,2025,1,80.4944215,99.0,60,55
3154,315419110,EWS,2025,1,28.7105475,99.0,60,55
3154,315424510,GOPENH,2025,1,88.7615737,99.0,60,55
3154,315424510,GSCNH,2025,1,82.3938224,99.0,60,55
3154,315424510,GSTNH,2025,1,0.2562303,99.0,60,55
3154,315424510,GVJS,2025,1,88.2484746,99.0,60,55
3154,315424510,GNT1S,2025,1,87.1376478,99.0,60,55
3154,315424510,GNT2S,2025,1,83.7934335,99.0,60,55
3154,315424510,GNT3S,2025,1,81.2846613,99.0,60,55
3154,315424510,GOBCNH,2025,1,86.6223776,99.0,60,55
3154,315424510,GSEBCS,2025,1,84.3018999,99.0,60,55
3154,315424510,LOPENS,2025,1,88.3176594,99.0,60,55
3154,315424510,LSCS,2025,1,81.6453226,99.0,60,55
3154,315424510,LSTS,2025,1,11.4786688,99.0,60,55
3154,315424510,LVJS,2025,1,71.0971787,99.0,60,55
3154,315424510,LOBCS,2025,1,86.6718198,99.0,60,55
3154,315424510,LSEBCS,2025,1,81.0403668,99.0,60,55
3154,315424510,DEFOPENS,2025,1,83.7674516,99.0,60,55
3154,315424510,DEFOBCS,2025,1,73.6159498,99.0,60,55
3154,315424510,TFWS,2025,1,89.3412389,99.0,60,55
3154,315424510,EWS,2025,1,1.0894199,99.0,60,55
3154,315424510,GOPENH,2025,1,88.9649575,99.0,60,55
3154,315424510,GSCNH,2025,1,84.0342981,99.0,60,55
3154,315424510,GSTNH,2025,1,16.2056174,99.0,60,55
3154,315424510,GVJS,2025,1,83.8560469,99.0,60,55
3154,315424510,GNT1S,2025,1,84.4463229,99.0,60,55
3154,315424510,GNT2S,2025,1,88.5637068,99.0,60,55
3154,315424510,GNT3S,2025,1,87.4032298,99.0,60,55
3154,315424510,GOBCNH,2025,1,87.5726309,99.0,60,55
3154,315424510,GSEBCS,2025,1,85.2987504,99.0,60,55
3154,315424510,LOPENS,2025,1,89.1791812,99.0,60,55
3154,315424510,LSCS,2025,1,82.9763421,99.0,60,55
3154,315424510,LSTS,2025,1,22.3579956,99.0,60,55
3154,315424510,LNT2S,2025,1,78.685137,99.0,60,55
3154,315424510,LNT3S,2025,1,82.9459739,99.0,60,55
3154,315424510,LOBCS,2025,1,88.2059917,99.0,60,55
3154,315424510,LSEBCS,2025,1,85.9241674,99.0,60,55
3154,315424510,DEFOPENS,2025,1,78.699881,99.0,60,55
3154,315424510,TFWS,2025,1,91.512485,99.0,60,55
3154,315424510,EWS,2025,1,41.1906024,99.0,60,55
3154,315424610,GOPENH,2025,1,85.6421968,99.0,60,55
3154,315424610,GSCNH,2025,1,75.8001957,99.0,60,55
3154,315424610,GVJS,2025,1,68.4887011,99.0,60,55
3154,315424610,GNT2S,2025,1,81.6453226,99.0,60,55
3154,315424610,GNT3S,2025,1,83.2058578,99.0,60,55
3154,315424610,GOBCNH,2025,1,83.4924535,99.0,60,55
3154,315424610,GSEBCS,2025,1,75.2405919,99.0,60,55
3154,315424610,LOPENS,2025,1,84.8811189,99.0,60,55
3154,315424610,LSCS,2025,1,76.8973331,99.0,60,55
3154,315424610,LVJS,2025,1,71.5830116,99.0,60,55
3154,315424610,LNT1S,2025,1,72.1363369,99.0,60,55
3154,315424610,LNT2S,2025,1,79.3730892,99.0,60,55
3154,315424610,LOBCS,2025,1,83.5597353,99.0,60,55
3154,315424610,LSEBCS,2025,1,80.7175218,99.0,60,55
3154,315424610,DEFOPENS,2025,1,45.9245973,99.0,60,55
3154,315424610,DEFOBCS,2025,1,26.7336064,99.0,60,55
3154,315424610,TFWS,2025,1,87.4135301,99.0,60,55
3154,315424610,EWS,2025,1,23.4701479,99.0,60,55
3154,315424610,GOPENH,2025,1,86.8832732,99.0,60,55
3154,315424610,GSCNH,2025,1,80.5383458,99.0,60,55
3154,315424610,GSTNH,2025,1,20.9233553,99.0,60,55
3154,315424610,GVJS,2025,1,74.6516923,99.0,60,55
3154,315424610,GNT1S,2025,1,82.4592501,99.0,60,55
3154,315424610,GNT2S,2025,1,81.9712626,99.0,60,55
3154,315424610,GNT3S,2025,1,79.4663048,99.0,60,55
3154,315424610,GOBCNH,2025,1,84.5795651,99.0,60,55
3154,315424610,GSEBCS,2025,1,81.2737812,99.0,60,55
3154,315424610,LOPENS,2025,1,87.7884762,99.0,60,55
3154,315424610,LSCS,2025,1,81.643697,99.0,60,55
3154,315424610,LVJS,2025,1,76.3172626,99.0,60,55
3154,315424610,LNT1S,2025,1,80.5339227,99.0,60,55
3154,315424610,LNT2S,2025,1,78.0162614,99.0,60,55
3154,315424610,LOBCS,2025,1,85.819156,99.0,60,55
3154,315424610,LSEBCS,2025,1,82.3548238,99.0,60,55
3154,315424610,DEFOPENS,2025,1,17.0157534,99.0,60,55
3154,315424610,TFWS,2025,1,88.8600683,99.0,60,55
3154,315424610,EWS,2025,1,25.6909658,99.0,60,55
3154,315460210,GOPENH,2025,1,73.8000589,99.0,60,55
3154,315460210,GSCNH,2025,1,53.7591782,99.0,60,55
3154,315460210,GNT1S,2025,1,49.2256217,99.0,60,55
3154,315460210,GNT2S,2025,1,50.9683037,99.0,60,55
3154,315460210,GOBCNH,2025,1,66.3866132,99.0,60,55
3154,315460210,LOPENS,2025,1,64.7148712,99.0,60,55
3154,315460210,LSCS,2025,1,61.6834321,99.0,60,55
3154,315460210,LNT3S,2025,1,45.8266058,99.0,60,55
3154,315460210,LOBCS,2025,1,73.2612864,99.0,60,55
3154,315460210,LSEBCS,2025,1,32.6791073,99.0,60,55
3154,315460210,TFWS,2025,1,49.2256217,99.0,60,55
3154,315460210,EWS,2025,1,53.6060165,99.0,60,55
3154,315460210,GOPENH,2025,1,78.3451044,99.0,60,55
3154,315460210,GSCNH,2025,1,73.2109713,99.0,60,55
3154,315460210,GVJS,2025,1,72.9906413,99.0,60,55
3154,315460210,GNT2S,2025,1,34.8005502,99.0,60,55
3154,315460210,GOBCNH,2025,1,71.1330463,99.0,60,55
3154,315460210,GSEBCS,2025,1,51.5429844,99.0,60,55
3154,315460210,LOPENS,2025,1,78.733317,99.0,60,55
3154,315460210,LSCS,2025,1,73.2908824,99.0,60,55
3154,315460210,LNT3S,2025,1,69.0271267,99.0,60,55
3154,315460210,LOBCS,2025,1,74.75684,99.0,60,55
3154,315460210,TFWS,2025,1,46.4182823,99.0,60,55
3154,315460210,PWDRSCS,2025,1,57.5392085,99.0,60,55
3154,315460210,EWS,2025,1,67.2460619,99.0,60,55
3154,315461210,GOPENH,2025,1,69.8498837,99.0,60,55
3154,315461210,GSCNH,2025,1,60.8775137,99.0,60,55
3154,315461210,GNT1S,2025,1,22.0346747,99.0,60,55
3154,315461210,GNT3S,2025,1,51.1762787,99.0,60,55
3154,315461210,GOBCNH,2025,1,63.6512871,99.0,60,55
3154,315461210,GSEBCS,2025,1,62.918458,99.0,60,55
3154,315461210,LOPENS,2025,1,58.2180677,99.0,60,55
3154,315461210,LSCS,2025,1,35.9909439,99.0,60,55
3154,315461210,LVJS,2025,1,40.0432529,99.0,60,55
3154,315461210,LNT2S,2025,1,35.6771832,99.0,60,55
3154,315461210,LOBCS,2025,1,8.8248475,99.0,60,55
3154,315461210,LSEBCS,2025,1,70.7504568,99.0,60,55
3154,315461210,DEFOPENS,2025,1,36.1811489,99.0,60,55
3154,315461210,TFWS,2025,1,43.74434,99.0,60,55
3154,315461210,GOPENH,2025,1,84.207639,99.0,60,55
3154,315461210,GSCNH,2025,1,74.1334872,99.0,60,55
3154,315461210,GNT1S,2025,1,76.3384255,99.0,60,55
3154,315461210,GNT2S,2025,1,81.2737812,99.0,60,55
3154,315461210,GNT3S,2025,1,67.9203695,99.0,60,55
3154,315461210,GOBCNH,2025,1,78.8262695,99.0,60,55
3154,315461210,GSEBCS,2025,1,69.7621466,99.0,60,55
3154,315461210,LOPENS,2025,1,72.9916849,99.0,60,55
3154,315461210,LSCS,2025,1,71.7660957,99.0,60,55
3154,315461210,LVJS,2025,1,52.1191375,99.0,60,55
3154,315461210,LNT1S,2025,1,47.7838912,99.0,60,55
3154,315461210,LOBCS,2025,1,66.5942029,99.0,60,55
3154,315461210,LSEBCS,2025,1,56.5580532,99.0,60,55
3154,315461210,TFWS,2025,1,83.1707575,99.0,60,55
3154,315461210,EWS,2025,1,49.0487536,99.0,60,55
3154,315491110,GOPENH,2025,1,86.4120225,99.0,60,55
3154,315491110,GSCNH,2025,1,76.8955509,99.0,60,55
3154,315491110,GSTNH,2025,1,32.1650475,99.0,60,55
3154,315491110,GVJS,2025,1,69.0979021,99.0,60,55
3154,315491110,GNT1S,2025,1,79.98947,99.0,60,55
3154,315491110,GNT2S,2025,1,80.3575863,99.0,60,55
3154,315491110,GNT3S,2025,1,81.0133535,99.0,60,55
3154,315491110,GOBCNH,2025,1,82.8437868,99.0,60,55
3154,315491110,GSEBCS,2025,1,78.6137148,99.0,60,55
3154,315491110,LOPENS,2025,1,86.675963,99.0,60,55
3154,315491110,LSCS,2025,1,77.9513058,99.0,60,55
3154,315491110,LNT1S,2025,1,81.8021201,99.0,60,55
3154,315491110,LNT3S,2025,1,75.2405919,99.0,60,55
3154,315491110,LOBCS,2025,1,81.3270637,99.0,60,55
3154,315491110,LSEBCS,2025,1,81.0403668,99.0,60,55
3154,315491110,DEFOPENS,2025,1,73.5570613,99.0,60,55
3154,315491110,DEFSCS,2025,1,4.0529277,99.0,60,55
3154,315491110,DEFOBCS,2025,1,47.3563218,99.0,60,55
3154,315491110,TFWS,2025,1,87.3499473,99.0,60,55
3154,315491110,EWS,2025,1,21.6174291,99.0,60,55
3154,315491110,GOPENH,2025,1,87.1247638,99.0,60,55
3154,315491110,GSCNH,2025,1,81.5923479,99.0,60,55
3154,315491110,GSTNH,2025,1,68.4225402,99.0,60,55
3154,315491110,GVJS,2025,1,71.1330463,99.0,60,55
3154,315491110,GNT1S,2025,1,83.9561363,99.0,60,55
3154,315491110,GNT2S,2025,1,84.9063828,99.0,60,55
3154,315491110,GNT3S,2025,1,82.1268327,99.0,60,55
3154,315491110,GOBCNH,2025,1,85.1689875,99.0,60,55
3154,315491110,GSEBCS,2025,1,81.3607995,99.0,60,55
3154,315491110,LOPENS,2025,1,87.468285,99.0,60,55
3154,315491110,LSCS,2025,1,80.4716144,99.0,60,55
3154,315491110,LSTS,2025,1,83.7431799,99.0,60,55
3154,315491110,LVJS,2025,1,75.8548894,99.0,60,55
3154,315491110,LNT2S,2025,1,83.9283276,99.0,60,55
3154,315491110,LOBCS,2025,1,86.5848999,99.0,60,55
3154,315491110,LSEBCS,2025,1,84.4137833,99.0,60,55
3154,315491110,DEFOPENS,2025,1,66.5496835,99.0,60,55
3154,315491110,DEFOBCS,2025,1,28.3323489,99.0,60,55
3154,315491110,TFWS,2025,1,90.4796411,99.0,60,55
3154,315491110,EWS,2025,1,8.5124544,99.0,60,55
3154,315491210,GOPENH,2025,1,85.8461538,99.0,60,55
3154,315491210,GSCNH,2025,1,75.652265,99.0,60,55
3154,315491210,GVJS,2025,1,65.8462319,99.0,60,55
3154,315491210,GNT1S,2025,1,85.113912,99.0,60,55
3154,315491210,GNT2S,2025,1,76.67552,99.0,60,55
3154,315491210,GOBCNH,2025,1,82.777662,99.0,60,55
3154,315491210,GSEBCS,2025,1,78.5512207,99.0,60,55
3154,315491210,LOPENS,2025,1,86.675963,99.0,60,55
3154,315491210,LSCS,2025,1,83.880237,99.0,60,55
3154,315491210,LSTS,2025,1,25.5643537,99.0,60,55
3154,315491210,LNT2S,2025,1,71.6607627,99.0,60,55
3154,315491210,LOBCS,2025,1,82.8437868,99.0,60,55
3154,315491210,LSEBCS,2025,1,76.8973331,99.0,60,55
3154,315491210,DEFOPENS,2025,1,76.67552,99.0,60,55
3154,315491210,TFWS,2025,1,88.9773781,99.0,60,55
3154,315491210,DEFROBCS,2025,1,41.4020979,99.0,60,55
3154,315491210,EWS,2025,1,9.5951969,99.0,60,55
3154,315491210,GOPENH,2025,1,86.6676057,99.0,60,55
3154,315491210,GSCNH,2025,1,79.2630446,99.0,60,55
3154,315491210,GSTNH,2025,1,43.2064159,99.0,60,55
3154,315491210,GVJS,2025,1,71.1120286,99.0,60,55
3154,315491210,GNT1S,2025,1,83.1707575,99.0,60,55
3154,315491210,GOBCNH,2025,1,84.539834,99.0,60,55
3154,315491210,GSEBCS,2025,1,81.9712626,99.0,60,55
3154,315491210,LOPENS,2025,1,86.8832732,99.0,60,55
3154,315491210,LSCS,2025,1,77.7384664,99.0,60,55
3154,315491210,LSTS,2025,1,74.7351841,99.0,60,55
3154,315491210,LNT2S,2025,1,76.5032413,99.0,60,55
3154,315491210,LNT3S,2025,1,85.3469357,99.0,60,55
3154,315491210,LOBCS,2025,1,86.0457957,99.0,60,55
3154,315491210,LSEBCS,2025,1,83.6630885,99.0,60,55
3154,315491210,DEFOPENS,2025,1,68.58833,99.0,60,55
3154,315491210,TFWS,2025,1,90.112628,99.0,60,55
3154,315491210,DEFROBCS,2025,1,39.199832,99.0,60,55
3154,315491210,EWS,2025,1,35.8191126,99.0,60,55
3175,317519110,DEFOPENS,2025,1,59.3625359,99.0,60,55
3175,317519110,TFWS,2025,1,84.3786315,99.0,60,55
3175,317519110,EWS,2025,1,70.9482593,99.0,60,55
3175,317524510,EWS,2025,1,72.6730266,99.0,60,55
3175,317524510,DEFOPENS,2025,1,63.5901214,99.0,60,55
3175,317524510,TFWS,2025,1,89.106913,99.0,60,55
3175,317524510,EWS,2025,1,45.8934793,99.0,60,55
3175,317524610,DEFOPENS,2025,1,39.230205,99.0,60,55
3175,317524610,TFWS,2025,1,85.9124978,99.0,60,55
3175,317524610,EWS,2025,1,19.2944893,99.0,60,55
3175,317524610,DEFOPENS,2025,1,64.087617,99.0,60,55
3175,317524610,TFWS,2025,1,87.0084871,99.0,60,55
3175,317524610,EWS,2025,1,13.1846958,99.0,60,55
3175,317529310,TFWS,2025,1,72.7429418,99.0,60,55
3175,317529310,EWS,2025,1,7.4355245,99.0,60,55
3175,317529310,DEFOPENS,2025,1,49.8699585,99.0,60,55
3175,317529310,TFWS,2025,1,79.0728986,99.0,60,55
3175,317529310,EWS,2025,1,60.9157012,99.0,60,55
3175,317537210,TFWS,2025,1,79.6925092,99.0,60,55
3175,317537210,EWS,2025,1,22.0346747,99.0,60,55
3175,317537210,DEFOPENS,2025,1,77.2289819,99.0,60,55
3175,317537210,TFWS,2025,1,87.4032298,99.0,60,55
3175,317537210,DEFRSCS,2025,1,60.9758938,99.0,60,55
3175,317537210,EWS,2025,1,37.1881218,99.0,60,55
3175,317546110,TFWS,2025,1,87.4135301,99.0,60,55
3175,317546110,DEFROBCS,2025,1,56.2929777,99.0,60,55
3175,317546110,EWS,2025,1,28.9513426,99.0,60,55
3175,317546110,TFWS,2025,1,93.9551486,99.0,60,55
3175,317546110,EWS,2025,1,65.4837825,99.0,60,55
3175,317550710,DEFOPENS,2025,1,42.7403863,99.0,60,55
3175,317550710,TFWS,2025,1,77.5384615,99.0,60,55
3175,317550710,EWS,2025,1,10.26398,99.0,60,55
3175,317550710,TFWS,2025,1,86.5951005,99.0,60,55
3175,317550710,EWS,2025,1,34.1022162,99.0,60,55
3175,317561210,DEFOPENS,2025,1,72.5330927,99.0,60,55
3175,317561210,TFWS,2025,1,81.7199,99.0,60,55
3175,317561210,EWS,2025,1,51.0139791,99.0,60,55
3175,317591110,DEFOPENS,2025,1,78.010417,99.0,60,55
3175,317591110,TFWS,2025,1,88.8689717,99.0,60,55
3175,317591110,DEFROBCS,2025,1,63.8244514,99.0,60,55
3175,317591110,EWS,2025,1,39.3601986,99.0,60,55
3175,317591110,DEFOPENS,2025,1,49.3545528,99.0,60,55
3175,317591110,DEFOBCS,2025,1,76.5235824,99.0,60,55
3175,317591110,TFWS,2025,1,89.5592458,99.0,60,55
3175,317591110,EWS,2025,1,44.8240166,99.0,60,55
3175,317591210,DEFOPENS,2025,1,66.1695365,99.0,60,55
3175,317591210,TFWS,2025,1,87.7785554,99.0,60,55
3175,317591210,EWS,2025,1,33.0802795,99.0,60,55
3175,317591210,TFWS,2025,1,87.1731352,99.0,60,55
3175,317591210,EWS,2025,1,63.5035466,99.0,60,55
3175,317591610,TFWS,2025,1,75.1927485,99.0,60,55
3175,317591610,EWS,2025,1,3.5713055,99.0,60,55
3176,317619110,GOPENH,2025,1,91.0740715,99.0,60,55
3176,317619110,LOPENS,2025,1,87.687217,99.0,60,55
3176,317619110,TFWS,2025,1,50.4913264,99.0,60,55
3176,317619110,GOPENH,2025,1,94.2967096,99.0,60,55
3176,317619110,LOPENS,2025,1,93.1635295,99.0,60,55
3176,317619110,TFWS,2025,1,74.1899324,99.0,60,55
3176,317624510,GOPENH,2025,1,96.9753065,99.0,60,55
3176,317624510,LOPENS,2025,1,96.7822904,99.0,60,55
3176,317624510,TFWS,2025,1,94.8202997,99.0,60,55
3176,317624510,GOPENH,2025,1,97.5701659,99.0,60,55
3176,317624510,LOPENS,2025,1,96.7120842,99.0,60,55
3176,317624510,TFWS,2025,1,95.4830918,99.0,60,55
3176,317624610,GOPENH,2025,1,96.3186775,99.0,60,55
3176,317624610,LOPENS,2025,1,95.6472486,99.0,60,55
3176,317624610,TFWS,2025,1,92.4172762,99.0,60,55
3176,317624610,GOPENH,2025,1,96.8391244,99.0,60,55
3176,317624610,LOPENS,2025,1,96.0166614,99.0,60,55
3176,317624610,TFWS,2025,1,93.237161,99.0,60,55
3176,317625910,GOPENH,2025,1,91.2937063,99.0,60,55
3176,317625910,LOPENS,2025,1,88.4967904,99.0,60,55
3176,317625910,TFWS,2025,1,65.8462319,99.0,60,55
3176,317625910,GOPENH,2025,1,93.611957,99.0,60,55
3176,317625910,LOPENS,2025,1,92.0013784,99.0,60,55
3176,317625910,TFWS,2025,1,75.6051641,99.0,60,55
3176,317626710,GOPENH,2025,1,94.6273529,99.0,60,55
3176,317626710,LOPENS,2025,1,94.6277162,99.0,60,55
3176,317626710,TFWS,2025,1,86.2351996,99.0,60,55
3176,317626710,GOPENH,2025,1,95.4948805,99.0,60,55
3176,317626710,LOPENS,2025,1,95.3151853,99.0,60,55
3176,317626710,TFWS,2025,1,88.8632429,99.0,60,55
3176,317637210,GOPENH,2025,1,94.2944615,99.0,60,55
3176,317637210,LOPENS,2025,1,93.7635248,99.0,60,55
3176,317637210,TFWS,2025,1,84.1131441,99.0,60,55
3176,317637210,GOPENH,2025,1,95.4161223,99.0,60,55
3176,317637210,LOPENS,2025,1,95.4430646,99.0,60,55
3176,317637210,TFWS,2025,1,87.2379152,99.0,60,55
3176,317661210,GOPENH,2025,1,94.6848871,99.0,60,55
3176,317661210,LOPENS,2025,1,91.7513251,99.0,60,55
3176,317661210,TFWS,2025,1,71.0971787,99.0,60,55
3176,317661210,GOPENH,2025,1,96.1725088,99.0,60,55
3176,317661210,LOPENS,2025,1,94.7585145,99.0,60,55
3176,317661210,TFWS,2025,1,84.4412567,99.0,60,55
3176,317690010,GOPENH,2025,1,95.0533796,99.0,60,55
3176,317690010,LOPENS,2025,1,94.6273529,99.0,60,55
3176,317690010,TFWS,2025,1,86.3869833,99.0,60,55
3176,317690010,GOPENH,2025,1,95.3610436,99.0,60,55
3176,317690010,LOPENS,2025,1,95.101416,99.0,60,55
3176,317690010,TFWS,2025,1,88.525902,99.0,60,55
3176,317691010,GOPENH,2025,1,95.0717753,99.0,60,55
3176,317691010,LOPENS,2025,1,94.8490546,99.0,60,55
3176,317691010,TFWS,2025,1,87.9825175,99.0,60,55
3176,317691010,GOPENH,2025,1,95.7033017,99.0,60,55
3176,317691010,LOPENS,2025,1,95.1990767,99.0,60,55
3176,317691010,TFWS,2025,1,89.5592458,99.0,60,55
3176,317692110,GOPENH,2025,1,95.5106068,99.0,60,55
3176,317692110,LOPENS,2025,1,95.0533796,99.0,60,55
3176,317692110,TFWS,2025,1,89.7174391,99.0,60,55
3176,317692110,GOPENH,2025,1,96.2707087,99.0,60,55
3176,317692110,LOPENS,2025,1,95.5792202,99.0,60,55
3176,317692110,TFWS,2025,1,91.1365188,99.0,60,55
3176,317699510,GOPENH,2025,1,95.635667,99.0,60,55
3176,317699510,LOPENS,2025,1,95.3315123,99.0,60,55
3176,317699510,TFWS,2025,1,90.7235685,99.0,60,55
3176,317699510,GOPENH,2025,1,96.0805719,99.0,60,55
3176,317699510,LOPENS,2025,1,95.8346459,99.0,60,55
3176,317699510,TFWS,2025,1,91.0694792,99.0,60,55
3184,318424210,GOPENH,2025,1,97.664739,99.0,60,55
3184,318424210,LOPENS,2025,1,97.5481122,99.0,60,55
3184,318424210,TFWS,2025,1,83.0707711,99.0,60,55
3184,318424210,GOPENH,2025,1,98.174902,99.0,60,55
3184,318424210,LOPENS,2025,1,97.624379,99.0,60,55
3184,318424210,TFWS,2025,1,84.9389417,99.0,60,55
3184,318424510,GOPENH,2025,1,97.7282912,99.0,60,55
3184,318424510,LOPENS,2025,1,97.4161284,99.0,60,55
3184,318424510,TFWS,2025,1,81.940403,99.0,60,55
3184,318424510,GOPENH,2025,1,98.2656941,99.0,60,55
3184,318424510,LOPENS,2025,1,97.7942456,99.0,60,55
3184,318424510,TFWS,2025,1,80.7004831,99.0,60,55
3184,318461210,GOPENH,2025,1,96.7467781,99.0,60,55
3184,318461210,LOPENS,2025,1,93.6851271,99.0,60,55
3184,318461210,TFWS,2025,1,16.5233632,99.0,60,55
3184,318461210,GOPENH,2025,1,97.225256,99.0,60,55
3184,318461210,LOPENS,2025,1,96.8479282,99.0,60,55
3184,318461210,TFWS,2025,1,64.1499185,99.0,60,55
3184,318490010,GOPENH,2025,1,97.2163775,99.0,60,55
3184,318490010,LOPENS,2025,1,97.0434844,99.0,60,55
3184,318490010,TFWS,2025,1,62.0615406,99.0,60,55
3184,318490010,GOPENH,2025,1,97.9285523,99.0,60,55
3184,318490010,LOPENS,2025,1,97.3257727,99.0,60,55
3184,318490010,TFWS,2025,1,76.4346337,99.0,60,55
3185,318524510,GOPENH,2025,1,98.3694715,99.0,60,55
3185,318524510,LOPENS,2025,1,98.0606808,99.0,60,55
3185,318524510,TFWS,2025,1,78.1688442,99.0,60,55
3185,318524510,GOPENH,2025,1,98.5075769,99.0,60,55
3185,318524510,LOPENS,2025,1,98.0655851,99.0,60,55
3185,318524510,TFWS,2025,1,84.2510483,99.0,60,55
3185,318524610,GOPENH,2025,1,97.7126908,99.0,60,55
3185,318524610,LOPENS,2025,1,97.4048265,99.0,60,55
3185,318524610,TFWS,2025,1,39.5742169,99.0,60,55
3185,318524610,GOPENH,2025,1,97.9630636,99.0,60,55
3185,318524610,LOPENS,2025,1,97.4745389,99.0,60,55
3185,318524610,TFWS,2025,1,57.5392085,99.0,60,55
3185,318537210,GOPENH,2025,1,96.920806,99.0,60,55
3185,318537210,LOPENS,2025,1,96.2611882,99.0,60,55
3185,318537210,TFWS,2025,1,31.5596589,99.0,60,55
3185,318537210,GOPENH,2025,1,97.5497917,99.0,60,55
3185,318537210,LOPENS,2025,1,97.0287935,99.0,60,55
3185,318537210,TFWS,2025,1,42.6120917,99.0,60,55
3185,318590010,GOPENH,2025,1,97.3645465,99.0,60,55
3185,318590010,LOPENS,2025,1,97.0402649,99.0,60,55
3185,318590010,TFWS,2025,1,3.8667565,99.0,60,55
3185,318590010,GOPENH,2025,1,97.7594015,99.0,60,55
3185,318590010,LOPENS,2025,1,97.1923599,99.0,60,55
3185,318590010,TFWS,2025,1,2.0909628,99.0,60,55
3185,318591610,GOPENH,2025,1,96.4286945,99.0,60,55
3185,318591610,LOPENS,2025,1,95.5106068,99.0,60,55
3185,318591610,TFWS,2025,1,3.2027737,99.0,60,55
3185,318591610,GOPENH,2025,1,96.7828418,99.0,60,55
3185,318591610,LOPENS,2025,1,96.389325,99.0,60,55
3185,318591610,TFWS,2025,1,24.78221,99.0,60,55
3185,318599510,GOPENH,2025,1,97.6503399,99.0,60,55
3185,318599510,LOPENS,2025,1,97.3429273,99.0,60,55
3185,318599510,TFWS,2025,1,47.8905633,99.0,60,55
3185,318599510,GOPENH,2025,1,97.9249397,99.0,60,55
3185,318599510,LOPENS,2025,1,97.5152589,99.0,60,55
3185,318599510,TFWS,2025,1,70.6970324,99.0,60,55
3187,318719110,DEFOPENS,2025,1,16.8122355,99.0,60,55
3187,318719110,TFWS,2025,1,88.1535836,99.0,60,55
3187,318719110,EWS,2025,1,11.0148558,99.0,60,55
3187,318724510,DEFOPENS,2025,1,92.6563556,99.0,60,55
3187,318724510,DEFOBCS,2025,1,76.7635852,99.0,60,55
3187,318724510,DEFSEBCS,2025,1,84.5627208,99.0,60,55
3187,318724510,TFWS,2025,1,93.8107171,99.0,60,55
3187,318724510,DEFROBCS,2025,1,86.6827486,99.0,60,55
3187,318724510,EWS,2025,1,68.1164395,99.0,60,55
3187,318724510,DEFOPENS,2025,1,86.2729883,99.0,60,55
3187,318724510,DEFOBCS,2025,1,81.6705255,99.0,60,55
3187,318724510,DEFSEBCS,2025,1,81.2365306,99.0,60,55
3187,318724510,TFWS,2025,1,93.9486424,99.0,60,55
3187,318724510,DEFROBCS,2025,1,85.1996728,99.0,60,55
3187,318724510,EWS,2025,1,75.6051641,99.0,60,55
3187,318724610,DEFOPENS,2025,1,79.3004726,99.0,60,55
3187,318724610,DEFOBCS,2025,1,57.4017459,99.0,60,55
3187,318724610,TFWS,2025,1,92.6059167,99.0,60,55
3187,318724610,DEFROBCS,2025,1,68.1117918,99.0,60,55
3187,318724610,EWS,2025,1,1.8553336,99.0,60,55
3187,318724610,DEFOPENS,2025,1,77.3511663,99.0,60,55
3187,318724610,DEFOBCS,2025,1,70.9390112,99.0,60,55
3187,318724610,DEFSEBCS,2025,1,71.4785529,99.0,60,55
3187,318724610,TFWS,2025,1,92.9717253,99.0,60,55
3187,318724610,DEFROBCS,2025,1,4.7804686,99.0,60,55
3187,318724610,EWS,2025,1,71.4377156,99.0,60,55
3187,318737210,DEFOPENS,2025,1,65.8462319,99.0,60,55
3187,318737210,TFWS,2025,1,84.8660601,99.0,60,55
3187,318737210,EWS,2025,1,32.1281783,99.0,60,55
3187,318737210,DEFOPENS,2025,1,48.8664194,99.0,60,55
3187,318737210,DEFOBCS,2025,1,52.6909021,99.0,60,55
3187,318737210,TFWS,2025,1,90.1218002,99.0,60,55
3187,318737210,EWS,2025,1,9.5804392,99.0,60,55
3187,318750710,TFWS,2025,1,82.4521073,99.0,60,55
3187,318750710,EWS,2025,1,35.9295868,99.0,60,55
3187,318750710,DEFOPENS,2025,1,61.579051,99.0,60,55
3187,318750710,TFWS,2025,1,85.9425358,99.0,60,55
3187,318750710,EWS,2025,1,39.966573,99.0,60,55
3187,318761210,DEFOPENS,2025,1,79.6986029,99.0,60,55
3187,318761210,TFWS,2025,1,88.188033,99.0,60,55
3187,318761210,EWS,2025,1,57.6249683,99.0,60,55
3187,318761210,DEFOPENS,2025,1,14.9547816,99.0,60,55
3187,318761210,TFWS,2025,1,88.8293119,99.0,60,55
3187,318761210,EWS,2025,1,52.7016685,99.0,60,55
3187,318799510,DEFOPENS,2025,1,88.6282029,99.0,60,55
3187,318799510,DEFOBCS,2025,1,73.8000589,99.0,60,55
3187,318799510,DEFSEBCS,2025,1,80.7807182,99.0,60,55
3187,318799510,TFWS,2025,1,91.8376367,99.0,60,55
3187,318799510,DEFROBCS,2025,1,85.1002266,99.0,60,55
3187,318799510,EWS,2025,1,49.2256217,99.0,60,55
3187,318799510,DEFOPENS,2025,1,76.6875679,99.0,60,55
3187,318799510,DEFOBCS,2025,1,67.9621973,99.0,60,55
3187,318799510,DEFSEBCS,2025,1,63.9535342,99.0,60,55
3187,318799510,TFWS,2025,1,92.6318737,99.0,60,55
3187,318799510,DEFRSEBCS,2025,1,68.9346395,99.0,60,55
3187,318799510,EWS,2025,1,68.1448034,99.0,60,55
3188,318824510,DEFOPENS,2025,1,89.8391608,99.0,60,55
3188,318824510,DEFOBCS,2025,1,60.3213757,99.0,60,55
3188,318824510,TFWS,2025,1,92.8465713,99.0,60,55
3188,318824510,EWS,2025,1,70.507201,99.0,60,55
3188,318824510,GOPENH,2025,1,92.5144909,99.0,60,55
3188,318824510,GSCNH,2025,1,90.0508521,99.0,60,55
3188,318824510,GSTNH,2025,1,67.458483,99.0,60,55
3188,318824510,GVJS,2025,1,87.2636301,99.0,60,55
3188,318824510,GNT1S,2025,1,88.1535836,99.0,60,55
3188,318824510,GNT2S,2025,1,90.9612775,99.0,60,55
3188,318824510,GNT3S,2025,1,91.2329425,99.0,60,55
3188,318824510,GOBCNH,2025,1,90.4666273,99.0,60,55
3188,318824510,GSEBCS,2025,1,89.6934787,99.0,60,55
3188,318824510,LOPENS,2025,1,92.0068259,99.0,60,55
3188,318824510,LSCS,2025,1,90.8566407,99.0,60,55
3188,318824510,LSTS,2025,1,70.3901803,99.0,60,55
3188,318824510,LNT1S,2025,1,89.2457163,99.0,60,55
3188,318824510,LOBCS,2025,1,89.451403,99.0,60,55
3188,318824510,LSEBCS,2025,1,88.5637068,99.0,60,55
3188,318824510,PWDOPENS,2025,1,78.733317,99.0,60,55
3188,318824510,DEFOPENS,2025,1,69.8418157,99.0,60,55
3188,318824510,DEFOBCS,2025,1,63.9535342,99.0,60,55
3188,318824510,TFWS,2025,1,94.3470195,99.0,60,55
3188,318824510,EWS,2025,1,80.1766472,99.0,60,55
3188,318824610,DEFOPENS,2025,1,56.6213771,99.0,60,55
3188,318824610,DEFOBCS,2025,1,28.4151863,99.0,60,55
3188,318824610,TFWS,2025,1,91.0465074,99.0,60,55
3188,318824610,EWS,2025,1,59.3210117,99.0,60,55
3188,318824610,GOPENH,2025,1,89.9742931,99.0,60,55
3188,318824610,GSCNH,2025,1,86.5951005,99.0,60,55
3188,318824610,GSTNH,2025,1,27.2101033,99.0,60,55
3188,318824610,GVJS,2025,1,80.7004831,99.0,60,55
3188,318824610,GNT1S,2025,1,84.9063828,99.0,60,55
3188,318824610,GNT2S,2025,1,88.070986,99.0,60,55
3188,318824610,GNT3S,2025,1,86.3037543,99.0,60,55
3188,318824610,GOBCNH,2025,1,88.1060139,99.0,60,55
3188,318824610,GSEBCS,2025,1,86.8334686,99.0,60,55
3188,318824610,LOPENS,2025,1,90.112628,99.0,60,55
3188,318824610,LSCS,2025,1,84.7804686,99.0,60,55
3188,318824610,LSTS,2025,1,47.4563898,99.0,60,55
3188,318824610,LVJS,2025,1,61.579051,99.0,60,55
3188,318824610,LNT2S,2025,1,85.6921506,99.0,60,55
3188,318824610,LNT3S,2025,1,90.0830242,99.0,60,55
3188,318824610,LOBCS,2025,1,88.1060139,99.0,60,55
3188,318824610,LSEBCS,2025,1,84.5795651,99.0,60,55
3188,318824610,DEFOPENS,2025,1,63.0171253,99.0,60,55
3188,318824610,TFWS,2025,1,92.3740511,99.0,60,55
3188,318824610,EWS,2025,1,74.0786749,99.0,60,55
3188,318837210,GOPENH,2025,1,86.099446,99.0,60,55
3188,318837210,GSCNH,2025,1,79.0264353,99.0,60,55
3188,318837210,GVJS,2025,1,72.3753397,99.0,60,55
3188,318837210,GNT3S,2025,1,84.4651484,99.0,60,55
3188,318837210,GOBCNH,2025,1,84.4790806,99.0,60,55
3188,318837210,GSEBCS,2025,1,76.1726079,99.0,60,55
3188,318837210,LOPENS,2025,1,86.8897379,99.0,60,55
3188,318837210,LSCS,2025,1,80.2298047,99.0,60,55
3188,318837210,LVJS,2025,1,36.6299371,99.0,60,55
3188,318837210,LNT1S,2025,1,74.7351841,99.0,60,55
3188,318837210,LNT2S,2025,1,68.6254044,99.0,60,55
3188,318837210,LOBCS,2025,1,84.9389417,99.0,60,55
3188,318837210,LSEBCS,2025,1,77.7384664,99.0,60,55
3188,318837210,DEFOPENS,2025,1,23.9624698,99.0,60,55
3188,318837210,TFWS,2025,1,86.3037543,99.0,60,55
3188,318837210,DEFROBCS,2025,1,55.4914407,99.0,60,55
3188,318837210,EWS,2025,1,12.394569,99.0,60,55
3188,318862410,GOPENH,2025,1,81.9137967,99.0,60,55
3188,318862410,GSCNH,2025,1,72.3814647,99.0,60,55
3188,318862410,GNT1S,2025,1,65.9070599,99.0,60,55
3188,318862410,GNT2S,2025,1,77.2619593,99.0,60,55
3188,318862410,GNT3S,2025,1,61.8012422,99.0,60,55
3188,318862410,GOBCNH,2025,1,78.8724264,99.0,60,55
3188,318862410,GSEBCS,2025,1,70.3444621,99.0,60,55
3188,318862410,LOPENS,2025,1,80.2462012,99.0,60,55
3188,318862410,LSCS,2025,1,52.1058919,99.0,60,55
3188,318862410,LOBCS,2025,1,69.1748413,99.0,60,55
3188,318862410,LSEBCS,2025,1,78.8983322,99.0,60,55
3188,318862410,TFWS,2025,1,82.9428736,99.0,60,55
3188,318862410,EWS,2025,1,38.0901752,99.0,60,55
3188,318890010,DEFOPENS,2025,1,32.5553935,99.0,60,55
3188,318890010,TFWS,2025,1,88.0599617,99.0,60,55
3188,318890010,EWS,2025,1,20.3327444,99.0,60,55
3188,318890010,GOPENH,2025,1,86.5796724,99.0,60,55
3188,318890010,GSCNH,2025,1,79.2630446,99.0,60,55
3188,318890010,GVJS,2025,1,75.6051641,99.0,60,55
3188,318890010,GNT1S,2025,1,82.016548,99.0,60,55
3188,318890010,GNT2S,2025,1,82.016548,99.0,60,55
3188,318890010,GOBCNH,2025,1,84.9063828,99.0,60,55
3188,318890010,GSEBCS,2025,1,81.6127789,99.0,60,55
3188,318890010,LOPENS,2025,1,87.6160033,99.0,60,55
3188,318890010,LSCS,2025,1,76.5235824,99.0,60,55
3188,318890010,LVJS,2025,1,70.3444621,99.0,60,55
3188,318890010,LNT1S,2025,1,75.0953827,99.0,60,55
3188,318890010,LNT2S,2025,1,83.4251983,99.0,60,55
3188,318890010,LNT3S,2025,1,83.4527296,99.0,60,55
3188,318890010,LOBCS,2025,1,84.3183057,99.0,60,55
3188,318890010,LSEBCS,2025,1,74.7351841,99.0,60,55
3188,318890010,DEFOPENS,2025,1,73.9721817,99.0,60,55
3188,318890010,TFWS,2025,1,88.5540762,99.0,60,55
3188,318890010,EWS,2025,1,6.1626304,99.0,60,55
3188,318891110,DEFOPENS,2025,1,62.918458,99.0,60,55
3188,318891110,DEFOBCS,2025,1,85.2260888,99.0,60,55
3188,318891110,TFWS,2025,1,92.3881037,99.0,60,55
3188,318891110,EWS,2025,1,41.4020979,99.0,60,55
3188,318891110,GOPENH,2025,1,89.6934787,99.0,60,55
3188,318891110,GSCNH,2025,1,85.9891185,99.0,60,55
3188,318891110,GSTNH,2025,1,40.5616465,99.0,60,55
3188,318891110,GVJS,2025,1,81.7199,99.0,60,55
3188,318891110,GNT1S,2025,1,84.3183057,99.0,60,55
3188,318891110,GNT2S,2025,1,86.2020083,99.0,60,55
3188,318891110,GNT3S,2025,1,85.2566749,99.0,60,55
3188,318891110,GOBCNH,2025,1,87.4609239,99.0,60,55
3188,318891110,GSEBCS,2025,1,85.225256,99.0,60,55
3188,318891110,LOPENS,2025,1,89.5522919,99.0,60,55
3188,318891110,LSCS,2025,1,85.1749825,99.0,60,55
3188,318891110,LVJS,2025,1,84.3204501,99.0,60,55
3188,318891110,LNT1S,2025,1,86.560206,99.0,60,55
3188,318891110,LNT2S,2025,1,86.8832732,99.0,60,55
3188,318891110,LNT3S,2025,1,84.539834,99.0,60,55
3188,318891110,LOBCS,2025,1,87.3937627,99.0,60,55
3188,318891110,LSEBCS,2025,1,86.5743412,99.0,60,55
3188,318891110,PWDOPENS,2025,1,47.7838912,99.0,60,55
3188,318891110,DEFOPENS,2025,1,55.4743121,99.0,60,55
3188,318891110,DEFOBCS,2025,1,71.9146758,99.0,60,55
3188,318891110,TFWS,2025,1,92.1628997,99.0,60,55
3188,318891110,DEFROBCS,2025,1,33.1537425,99.0,60,55
3188,318891110,EWS,2025,1,57.8685189,99.0,60,55
3189,318924510,DEFOPENS,2025,1,87.6831328,99.0,60,55
3189,318924510,DEFOBCS,2025,1,78.2396759,99.0,60,55
3189,318924510,TFWS,2025,1,95.5372663,99.0,60,55
3189,318924510,EWS,2025,1,84.8736599,99.0,60,55
3189,318924510,DEFOPENS,2025,1,93.737776,99.0,60,55
3189,318924510,DEFOBCS,2025,1,91.0387255,99.0,60,55
3189,318924510,TFWS,2025,1,95.7030198,99.0,60,55
3189,318924510,EWS,2025,1,90.0830242,99.0,60,55
3189,318924610,DEFOPENS,2025,1,86.6718198,99.0,60,55
3189,318924610,TFWS,2025,1,94.1811162,99.0,60,55
3189,318924610,EWS,2025,1,84.0359888,99.0,60,55
3189,318924610,DEFOPENS,2025,1,87.5237763,99.0,60,55
3189,318924610,TFWS,2025,1,94.7041159,99.0,60,55
3189,318924610,DEFROBCS,2025,1,86.3482671,99.0,60,55
3189,318924610,EWS,2025,1,86.6485431,99.0,60,55
3189,318937210,DEFOPENS,2025,1,81.0133535,99.0,60,55
3189,318937210,DEFOBCS,2025,1,50.7016833,99.0,60,55
3189,318937210,DEFSEBCS,2025,1,63.2914656,99.0,60,55
3189,318937210,TFWS,2025,1,89.682715,99.0,60,55
3189,318937210,EWS,2025,1,57.8195751,99.0,60,55
3189,318937210,DEFOPENS,2025,1,78.890785,99.0,60,55
3189,318937210,DEFOBCS,2025,1,62.965955,99.0,60,55
3189,318937210,TFWS,2025,1,92.1628997,99.0,60,55
3189,318937210,EWS,2025,1,69.0271267,99.0,60,55
3189,318946610,TFWS,2025,1,87.7785554,99.0,60,55
3189,318946610,EWS,2025,1,2.4831562,99.0,60,55
3189,318946610,DEFOPENS,2025,1,70.9390112,99.0,60,55
3189,318946610,TFWS,2025,1,87.0343086,99.0,60,55
3189,318946610,EWS,2025,1,56.5505021,99.0,60,55
3189,318950710,DEFOPENS,2025,1,49.4020979,99.0,60,55
3189,318950710,TFWS,2025,1,91.3979682,99.0,60,55
3189,318950710,EWS,2025,1,60.634478,99.0,60,55
3189,318950710,DEFOPENS,2025,1,47.0872596,99.0,60,55
3189,318950710,TFWS,2025,1,92.6489748,99.0,60,55
3189,318950710,EWS,2025,1,49.9737275,99.0,60,55
3189,318961210,DEFOPENS,2025,1,63.3986014,99.0,60,55
3189,318961210,TFWS,2025,1,88.6328671,99.0,60,55
3189,318961210,EWS,2025,1,22.035802,99.0,60,55
3189,318961210,DEFOPENS,2025,1,68.6717464,99.0,60,55
3189,318961210,DEFOBCS,2025,1,58.1924692,99.0,60,55
3189,318961210,TFWS,2025,1,87.0343086,99.0,60,55
3189,318961210,EWS,2025,1,55.6712077,99.0,60,55
3190,319019110,TFWS,2025,1,71.5562808,99.0,60,55
3190,319019110,EWS,2025,1,11.5879038,99.0,60,55
3190,319019110,GOPENH,2025,1,86.5796724,99.0,60,55
3190,319019110,GSCNH,2025,1,76.5032413,99.0,60,55
3190,319019110,GSTNH,2025,1,66.561551,99.0,60,55
3190,319019110,GVJS,2025,1,68.7336094,99.0,60,55
3190,319019110,GNT3S,2025,1,84.3204501,99.0,60,55
3190,319019110,GOBCNH,2025,1,81.9275869,99.0,60,55
3190,319019110,GSEBCS,2025,1,76.3384255,99.0,60,55
3190,319019110,LOPENS,2025,1,84.207639,99.0,60,55
3190,319019110,LSCS,2025,1,73.7754477,99.0,60,55
3190,319019110,LSTS,2025,1,51.5429844,99.0,60,55
3190,319019110,LNT2S,2025,1,63.2367632,99.0,60,55
3190,319019110,LOBCS,2025,1,72.3814647,99.0,60,55
3190,319019110,LSEBCS,2025,1,80.1749582,99.0,60,55
3190,319019110,DEFOPENS,2025,1,46.3536656,99.0,60,55
3190,319019110,TFWS,2025,1,86.2039517,99.0,60,55
3190,319019110,EWS,2025,1,52.1496391,99.0,60,55
3190,319024510,EWS,2025,1,83.880237,99.0,60,55
3190,319024510,GOPENH,2025,1,93.4463876,99.0,60,55
3190,319024510,GSCNH,2025,1,89.5272602,99.0,60,55
3190,319024510,GSTNH,2025,1,66.0913492,99.0,60,55
3190,319024510,GVJS,2025,1,86.2729883,99.0,60,55
3190,319024510,GNT1S,2025,1,91.0135161,99.0,60,55
3190,319024510,GNT2S,2025,1,90.9727817,99.0,60,55
3190,319024510,GNT3S,2025,1,90.9144237,99.0,60,55
3190,319024510,GOBCNH,2025,1,92.2148897,99.0,60,55
3190,319024510,GSEBCS,2025,1,91.1365188,99.0,60,55
3190,319024510,LOPENS,2025,1,93.0779848,99.0,60,55
3190,319024510,LSCS,2025,1,87.7370373,99.0,60,55
3190,319024510,LSTS,2025,1,74.8088122,99.0,60,55
3190,319024510,LVJS,2025,1,80.7910924,99.0,60,55
3190,319024510,LNT1S,2025,1,92.4132948,99.0,60,55
3190,319024510,LNT2S,2025,1,88.8464637,99.0,60,55
3190,319024510,LOBCS,2025,1,92.2402301,99.0,60,55
3190,319024510,LSEBCS,2025,1,91.507071,99.0,60,55
3190,319024510,DEFOPENS,2025,1,88.4177906,99.0,60,55
3190,319024510,DEFOBCS,2025,1,77.022977,99.0,60,55
3190,319024510,DEFSEBCS,2025,1,81.9137967,99.0,60,55
3190,319024510,TFWS,2025,1,94.3393288,99.0,60,55
3190,319024510,DEFROBCS,2025,1,85.4732337,99.0,60,55
3190,319024510,EWS,2025,1,81.9275869,99.0,60,55
3190,319024610,DEFOPENS,2025,1,91.0465074,99.0,60,55
3190,319024610,TFWS,2025,1,93.4220965,99.0,60,55
3190,319024610,DEFROBCS,2025,1,68.8687467,99.0,60,55
3190,319024610,EWS,2025,1,69.3295893,99.0,60,55
3190,319024610,GOPENH,2025,1,92.0393375,99.0,60,55
3190,319024610,GSCNH,2025,1,88.2758357,99.0,60,55
3190,319024610,GSTNH,2025,1,64.7164682,99.0,60,55
3190,319024610,GVJS,2025,1,86.5748101,99.0,60,55
3190,319024610,GNT1S,2025,1,86.0457957,99.0,60,55
3190,319024610,GNT2S,2025,1,89.0033044,99.0,60,55
3190,319024610,GNT3S,2025,1,90.9108002,99.0,60,55
3190,319024610,GOBCNH,2025,1,91.0387255,99.0,60,55
3190,319024610,GSEBCS,2025,1,89.9742931,99.0,60,55
3190,319024610,LOPENS,2025,1,91.4870854,99.0,60,55
3190,319024610,LSCS,2025,1,87.5957229,99.0,60,55
3190,319024610,LSTS,2025,1,68.6498934,99.0,60,55
3190,319024610,LNT1S,2025,1,83.4527296,99.0,60,55
3190,319024610,LNT2S,2025,1,85.1182895,99.0,60,55
3190,319024610,LNT3S,2025,1,90.0451538,99.0,60,55
3190,319024610,LOBCS,2025,1,90.7025504,99.0,60,55
3190,319024610,LSEBCS,2025,1,90.5728815,99.0,60,55
3190,319024610,DEFOPENS,2025,1,78.0816199,99.0,60,55
3190,319024610,DEFSCS,2025,1,58.1150221,99.0,60,55
3190,319024610,DEFOBCS,2025,1,74.1334872,99.0,60,55
3190,319024610,TFWS,2025,1,93.2488151,99.0,60,55
3190,319024610,EWS,2025,1,74.0786749,99.0,60,55
3190,319026310,DEFOPENS,2025,1,88.0599617,99.0,60,55
3190,319026310,TFWS,2025,1,93.0581679,99.0,60,55
3190,319026310,EWS,2025,1,80.8599071,99.0,60,55
3190,319026310,GOPENH,2025,1,92.5132937,99.0,60,55
3190,319026310,GSCNH,2025,1,88.525902,99.0,60,55
3190,319026310,GSTNH,2025,1,49.6322266,99.0,60,55
3190,319026310,GVJS,2025,1,85.65358,99.0,60,55
3190,319026310,GNT1S,2025,1,86.6676057,99.0,60,55
3190,319026310,GNT2S,2025,1,88.8600683,99.0,60,55
3190,319026310,GOBCNH,2025,1,91.2552493,99.0,60,55
3190,319026310,GSEBCS,2025,1,89.935711,99.0,60,55
3190,319026310,LOPENS,2025,1,93.233135,99.0,60,55
3190,319026310,LSCS,2025,1,88.4177906,99.0,60,55
3190,319026310,LSTS,2025,1,50.9743237,99.0,60,55
3190,319026310,LVJS,2025,1,85.7757627,99.0,60,55
3190,319026310,LNT1S,2025,1,82.3548238,99.0,60,55
3190,319026310,LNT2S,2025,1,88.4226013,99.0,60,55
3190,319026310,LNT3S,2025,1,88.8464637,99.0,60,55
3190,319026310,LOBCS,2025,1,91.8763536,99.0,60,55
3190,319026310,LSEBCS,2025,1,89.0615554,99.0,60,55
3190,319026310,DEFOPENS,2025,1,75.4755316,99.0,60,55
3190,319026310,DEFOBCS,2025,1,72.5330927,99.0,60,55
3190,319026310,TFWS,2025,1,93.4464908,99.0,60,55
3190,319026310,EWS,2025,1,79.7671884,99.0,60,55
3190,319037210,DEFOPENS,2025,1,72.7429418,99.0,60,55
3190,319037210,TFWS,2025,1,85.9646097,99.0,60,55
3190,319037210,EWS,2025,1,49.3416227,99.0,60,55
3190,319037210,GOPENH,2025,1,89.1809567,99.0,60,55
3190,319037210,GSCNH,2025,1,85.65358,99.0,60,55
3190,319037210,GVJS,2025,1,74.75684,99.0,60,55
3190,319037210,GNT1S,2025,1,79.9422744,99.0,60,55
3190,319037210,GNT2S,2025,1,86.8832732,99.0,60,55
3190,319037210,GNT3S,2025,1,87.3518409,99.0,60,55
3190,319037210,GOBCNH,2025,1,86.8427506,99.0,60,55
3190,319037210,GSEBCS,2025,1,83.9283276,99.0,60,55
3190,319037210,LOPENS,2025,1,89.1852024,99.0,60,55
3190,319037210,LSCS,2025,1,83.9283276,99.0,60,55
3190,319037210,LVJS,2025,1,65.6313822,99.0,60,55
3190,319037210,LNT3S,2025,1,82.190886,99.0,60,55
3190,319037210,LOBCS,2025,1,88.070986,99.0,60,55
3190,319037210,LSEBCS,2025,1,85.6770225,99.0,60,55
3190,319037210,PWDOPENS,2025,1,13.9341445,99.0,60,55
3190,319037210,DEFOPENS,2025,1,74.75684,99.0,60,55
3190,319037210,TFWS,2025,1,87.6167151,99.0,60,55
3190,319037210,EWS,2025,1,18.015086,99.0,60,55
3190,319037610,TFWS,2025,1,84.0359888,99.0,60,55
3190,319037610,EWS,2025,1,28.984931,99.0,60,55
3190,319037610,GOPENH,2025,1,86.7461997,99.0,60,55
3190,319037610,GSCNH,2025,1,78.0162614,99.0,60,55
3190,319037610,GVJS,2025,1,76.7952218,99.0,60,55
3190,319037610,GNT1S,2025,1,72.3251186,99.0,60,55
3190,319037610,GNT2S,2025,1,79.4627847,99.0,60,55
3190,319037610,GOBCNH,2025,1,83.1821207,99.0,60,55
3190,319037610,GSEBCS,2025,1,78.975446,99.0,60,55
3190,319037610,LOPENS,2025,1,87.0343086,99.0,60,55
3190,319037610,LSCS,2025,1,75.4489132,99.0,60,55
3190,319037610,LNT2S,2025,1,64.2198294,99.0,60,55
3190,319037610,LOBCS,2025,1,82.190886,99.0,60,55
3190,319037610,LSEBCS,2025,1,73.676029,99.0,60,55
3190,319037610,DEFOPENS,2025,1,66.8147184,99.0,60,55
3190,319037610,TFWS,2025,1,85.1996728,99.0,60,55
3190,319037610,EWS,2025,1,62.4995214,99.0,60,55
3190,319061210,DEFOPENS,2025,1,72.6730266,99.0,60,55
3190,319061210,TFWS,2025,1,84.6429815,99.0,60,55
3190,319061210,EWS,2025,1,15.9545455,99.0,60,55
3190,319061210,GOPENH,2025,1,89.3287171,99.0,60,55
3190,319061210,GSCNH,2025,1,80.7403032,99.0,60,55
3190,319061210,GSTNH,2025,1,61.5912113,99.0,60,55
3190,319061210,GVJS,2025,1,76.973775,99.0,60,55
3190,319061210,GNT3S,2025,1,81.9381769,99.0,60,55
3190,319061210,GOBCNH,2025,1,85.9425358,99.0,60,55
3190,319061210,GSEBCS,2025,1,78.0816199,99.0,60,55
3190,319061210,LOPENS,2025,1,82.4592501,99.0,60,55
3190,319061210,LSCS,2025,1,68.6031011,99.0,60,55
3190,319061210,LNT1S,2025,1,61.114444,99.0,60,55
3190,319061210,LNT2S,2025,1,58.235114,99.0,60,55
3190,319061210,LOBCS,2025,1,78.8262695,99.0,60,55
3190,319061210,DEFOPENS,2025,1,73.5651108,99.0,60,55
3190,319061210,TFWS,2025,1,87.2248719,99.0,60,55
3190,319061210,DEFRSEBCS,2025,1,52.8745002,99.0,60,55
3190,319061210,EWS,2025,1,24.3359483,99.0,60,55
3190,319062410,GOPENH,2025,1,87.493276,99.0,60,55
3190,319062410,GSCNH,2025,1,76.973775,99.0,60,55
3190,319062410,GVJS,2025,1,58.1924692,99.0,60,55
3190,319062410,GNT1S,2025,1,76.099588,99.0,60,55
3190,319062410,GNT2S,2025,1,62.6016833,99.0,60,55
3190,319062410,GNT3S,2025,1,67.9621973,99.0,60,55
3190,319062410,GOBCNH,2025,1,79.8369603,99.0,60,55
3190,319062410,GSEBCS,2025,1,81.6705255,99.0,60,55
3190,319062410,LOPENS,2025,1,85.4732337,99.0,60,55
3190,319062410,LSCS,2025,1,76.468112,99.0,60,55
3190,319062410,LOBCS,2025,1,73.5651108,99.0,60,55
3190,319062410,LSEBCS,2025,1,52.7200757,99.0,60,55
3190,319062410,DEFOPENS,2025,1,70.6970324,99.0,60,55
3190,319062410,TFWS,2025,1,91.794056,99.0,60,55
3190,319062410,EWS,2025,1,65.6970807,99.0,60,55
3192,319224510,GOPENH,2025,1,89.5355262,99.0,60,55
3192,319224510,GSCNH,2025,1,84.0903324,99.0,60,55
3192,319224510,GSTNH,2025,1,40.0432529,99.0,60,55
3192,319224510,GVJS,2025,1,80.7175218,99.0,60,55
3192,319224510,GNT1S,2025,1,81.2846613,99.0,60,55
3192,319224510,GNT2S,2025,1,79.9072027,99.0,60,55
3192,319224510,GNT3S,2025,1,81.6328671,99.0,60,55
3192,319224510,GOBCNH,2025,1,87.9466479,99.0,60,55
3192,319224510,GSEBCS,2025,1,82.2162613,99.0,60,55
3192,319224510,LOPENS,2025,1,89.4898417,99.0,60,55
3192,319224510,LSCS,2025,1,82.2162613,99.0,60,55
3192,319224510,LSTS,2025,1,29.5314685,99.0,60,55
3192,319224510,LNT3S,2025,1,85.8501253,99.0,60,55
3192,319224510,LOBCS,2025,1,87.4135301,99.0,60,55
3192,319224510,LSEBCS,2025,1,83.3397246,99.0,60,55
3192,319224510,PWDOPENS,2025,1,33.6209084,99.0,60,55
3192,319224510,DEFOPENS,2025,1,81.0403668,99.0,60,55
3192,319224510,DEFOBCS,2025,1,78.010417,99.0,60,55
3192,319224510,TFWS,2025,1,90.4253432,99.0,60,55
3192,319224510,EWS,2025,1,53.6771201,99.0,60,55
3192,319224510,GOPENH,2025,1,89.3655049,99.0,60,55
3192,319224510,GSCNH,2025,1,84.4137833,99.0,60,55
3192,319224510,GSTNH,2025,1,18.4565842,99.0,60,55
3192,319224510,GVJS,2025,1,83.1030453,99.0,60,55
3192,319224510,GNT1S,2025,1,80.7035589,99.0,60,55
3192,319224510,GNT2S,2025,1,82.016548,99.0,60,55
3192,319224510,GNT3S,2025,1,85.791852,99.0,60,55
3192,319224510,GOBCNH,2025,1,88.7627999,99.0,60,55
3192,319224510,GSEBCS,2025,1,86.7003307,99.0,60,55
3192,319224510,LOPENS,2025,1,89.657308,99.0,60,55
3192,319224510,LSCS,2025,1,85.239357,99.0,60,55
3192,319224510,LSTS,2025,1,29.1650526,99.0,60,55
3192,319224510,LVJS,2025,1,77.4501436,99.0,60,55
3192,319224510,LNT2S,2025,1,82.1268327,99.0,60,55
3192,319224510,LOBCS,2025,1,89.1809567,99.0,60,55
3192,319224510,LSEBCS,2025,1,85.6921506,99.0,60,55
3192,319224510,DEFOPENS,2025,1,67.1207715,99.0,60,55
3192,319224510,DEFOBCS,2025,1,68.063194,99.0,60,55
3192,319224510,TFWS,2025,1,91.6505265,99.0,60,55
3192,319224510,EWS,2025,1,52.9701068,99.0,60,55
3192,319226310,GOPENH,2025,1,89.6700597,99.0,60,55
3192,319226310,GSCNH,2025,1,81.1324174,99.0,60,55
3192,319226310,GSTNH,2025,1,39.6653303,99.0,60,55
3192,319226310,GNT3S,2025,1,83.3397246,99.0,60,55
3192,319226310,GOBCNH,2025,1,86.9651776,99.0,60,55
3192,319226310,GSEBCS,2025,1,82.4521073,99.0,60,55
3192,319226310,LOPENS,2025,1,89.6391842,99.0,60,55
3192,319226310,LSCS,2025,1,85.8461538,99.0,60,55
3192,319226310,LVJS,2025,1,62.918458,99.0,60,55
3192,319226310,LNT1S,2025,1,80.0,99.0,60,55
3192,319226310,LNT2S,2025,1,82.1319232,99.0,60,55
3192,319226310,LOBCS,2025,1,87.4135301,99.0,60,55
3192,319226310,LSEBCS,2025,1,88.5563899,99.0,60,55
3192,319226310,DEFOPENS,2025,1,53.2228937,99.0,60,55
3192,319226310,TFWS,2025,1,91.7521019,99.0,60,55
3192,319226310,EWS,2025,1,58.4401523,99.0,60,55
3192,319226310,GOPENH,2025,1,89.6934787,99.0,60,55
3192,319226310,GSCNH,2025,1,84.2510483,99.0,60,55
3192,319226310,GSTNH,2025,1,15.4623879,99.0,60,55
3192,319226310,GVJS,2025,1,79.4627847,99.0,60,55
3192,319226310,GNT1S,2025,1,77.540946,99.0,60,55
3192,319226310,GNT2S,2025,1,86.8427506,99.0,60,55
3192,319226310,GOBCNH,2025,1,87.73995,99.0,60,55
3192,319226310,GSEBCS,2025,1,84.2401501,99.0,60,55
3192,319226310,LOPENS,2025,1,89.4256012,99.0,60,55
3192,319226310,LSCS,2025,1,83.5707404,99.0,60,55
3192,319226310,LSTS,2025,1,80.4992916,99.0,60,55
3192,319226310,LNT2S,2025,1,87.7370373,99.0,60,55
3192,319226310,LOBCS,2025,1,86.0314842,99.0,60,55
3192,319226310,LSEBCS,2025,1,70.3901803,99.0,60,55
3192,319226310,DEFOPENS,2025,1,92.3740511,99.0,60,55
3192,319226310,TFWS,2025,1,72.5793422,99.0,60,55
3192,319226310,EWS,2025,1,11.0099135,99.0,60,55
3192,319229310,GOPENH,2025,1,76.2716859,99.0,60,55
3192,319229310,GSCNH,2025,1,63.6512871,99.0,60,55
3192,319229310,GSTNH,2025,1,9.4338928,99.0,60,55
3192,319229310,GVJS,2025,1,35.1590106,99.0,60,55
3192,319229310,GNT1S,2025,1,52.3622324,99.0,60,55
3192,319229310,GNT2S,2025,1,74.9785452,99.0,60,55
3192,319229310,GNT3S,2025,1,53.6060165,99.0,60,55
3192,319229310,GOBCNH,2025,1,71.5830116,99.0,60,55
3192,319229310,GSEBCS,2025,1,41.4458186,99.0,60,55
3192,319229310,LOPENS,2025,1,68.4887011,99.0,60,55
3192,319229310,LSCS,2025,1,57.4017459,99.0,60,55
3192,319229310,LSTS,2025,1,64.3871019,99.0,60,55
3192,319229310,LOBCS,2025,1,52.1817116,99.0,60,55
3192,319229310,LSEBCS,2025,1,75.4048881,99.0,60,55
3192,319229310,TFWS,2025,1,37.1950556,99.0,60,55
3192,319229310,EWS,2025,1,40.6822054,99.0,60,55
3192,319229310,GOPENH,2025,1,81.7199,99.0,60,55
3192,319229310,GSCNH,2025,1,79.0264353,99.0,60,55
3192,319229310,GSTNH,2025,1,32.4603175,99.0,60,55
3192,319229310,GNT2S,2025,1,71.5917775,99.0,60,55
3192,319229310,GNT3S,2025,1,74.7351841,99.0,60,55
3192,319229310,GOBCNH,2025,1,77.3787188,99.0,60,55
3192,319229310,GSEBCS,2025,1,74.1899324,99.0,60,55
3192,319229310,LOPENS,2025,1,80.1749582,99.0,60,55
3192,319229310,LSCS,2025,1,69.8303637,99.0,60,55
3192,319229310,LVJS,2025,1,26.6925382,99.0,60,55
3192,319229310,LNT1S,2025,1,27.6982865,99.0,60,55
3192,319229310,LOBCS,2025,1,78.9956692,99.0,60,55
3192,319229310,LSEBCS,2025,1,71.7544603,99.0,60,55
3192,319229310,DEFOPENS,2025,1,53.8067479,99.0,60,55
3192,319229310,TFWS,2025,1,83.1707575,99.0,60,55
3192,319229310,DEFRSEBCS,2025,1,32.5421636,99.0,60,55
3192,319229310,EWS,2025,1,24.7436032,99.0,60,55
3192,319261210,GOPENH,2025,1,73.6328536,99.0,60,55
3192,319261210,GSCNH,2025,1,62.1365556,99.0,60,55
3192,319261210,GSTNH,2025,1,44.2599775,99.0,60,55
3192,319261210,GVJS,2025,1,54.0903901,99.0,60,55
3192,319261210,GNT1S,2025,1,52.1817116,99.0,60,55
3192,319261210,GNT2S,2025,1,35.9909439,99.0,60,55
3192,319261210,GOBCNH,2025,1,69.0979021,99.0,60,55
3192,319261210,GSEBCS,2025,1,50.5909012,99.0,60,55
3192,319261210,LOPENS,2025,1,65.8992965,99.0,60,55
3192,319261210,LSCS,2025,1,58.8525307,99.0,60,55
3192,319261210,LVJS,2025,1,56.2929777,99.0,60,55
3192,319261210,LNT2S,2025,1,60.422115,99.0,60,55
3192,319261210,LOBCS,2025,1,48.5587427,99.0,60,55
3192,319261210,LSEBCS,2025,1,28.3031822,99.0,60,55
3192,319261210,TFWS,2025,1,70.2628092,99.0,60,55
3192,319261210,EWS,2025,1,47.8015007,99.0,60,55
3192,319261210,GOPENH,2025,1,84.4412567,99.0,60,55
3192,319261210,GSCNH,2025,1,76.3286018,99.0,60,55
3192,319261210,GVJS,2025,1,65.9070599,99.0,60,55
3192,319261210,GNT1S,2025,1,77.8612083,99.0,60,55
3192,319261210,GNT2S,2025,1,60.6803919,99.0,60,55
3192,319261210,GOBCNH,2025,1,77.6220509,99.0,60,55
3192,319261210,GSEBCS,2025,1,76.2668468,99.0,60,55
3192,319261210,LOPENS,2025,1,73.2908824,99.0,60,55
3192,319261210,LSCS,2025,1,62.3077731,99.0,60,55
3192,319261210,LNT3S,2025,1,54.873582,99.0,60,55
3192,319261210,LOBCS,2025,1,67.3167917,99.0,60,55
3192,319261210,LSEBCS,2025,1,67.3167917,99.0,60,55
3192,319261210,DEFOPENS,2025,1,33.1537425,99.0,60,55
3192,319261210,TFWS,2025,1,82.9464759,99.0,60,55
3192,319291110,GOPENH,2025,1,88.6282029,99.0,60,55
3192,319291110,GSCNH,2025,1,81.3270637,99.0,60,55
3192,319291110,GSTNH,2025,1,50.7016833,99.0,60,55
3192,319291110,GVJS,2025,1,77.1296846,99.0,60,55
3192,319291110,GNT1S,2025,1,82.9717485,99.0,60,55
3192,319291110,GNT2S,2025,1,82.8332926,99.0,60,55
3192,319291110,GNT3S,2025,1,85.9124978,99.0,60,55
3192,319291110,GOBCNH,2025,1,87.6322867,99.0,60,55
3192,319291110,GSEBCS,2025,1,82.1319232,99.0,60,55
3192,319291110,LOPENS,2025,1,88.9773781,99.0,60,55
3192,319291110,LSCS,2025,1,78.6729363,99.0,60,55
3192,319291110,LOBCS,2025,1,86.4120225,99.0,60,55
3192,319291110,LSEBCS,2025,1,81.6328671,99.0,60,55
3192,319291110,DEFOPENS,2025,1,83.3397246,99.0,60,55
3192,319291110,TFWS,2025,1,91.3979682,99.0,60,55
3192,319291110,DEFROBCS,2025,1,56.8426573,99.0,60,55
3192,319291110,EWS,2025,1,64.713186,99.0,60,55
3192,319291110,GOPENH,2025,1,89.0615554,99.0,60,55
3192,319291110,GSCNH,2025,1,83.7030299,99.0,60,55
3192,319291110,GSTNH,2025,1,69.9192754,99.0,60,55
3192,319291110,GVJS,2025,1,78.8724264,99.0,60,55
3192,319291110,GNT1S,2025,1,81.9275869,99.0,60,55
3192,319291110,GNT2S,2025,1,81.3607995,99.0,60,55
3192,319291110,GNT3S,2025,1,81.1271398,99.0,60,55
3192,319291110,GOBCNH,2025,1,87.2593857,99.0,60,55
3192,319291110,GSEBCS,2025,1,83.73706,99.0,60,55
3192,319291110,LOPENS,2025,1,89.1791812,99.0,60,55
3192,319291110,LSCS,2025,1,81.6705255,99.0,60,55
3192,319291110,LSTS,2025,1,75.4755316,99.0,60,55
3192,319291110,LNT2S,2025,1,88.1060139,99.0,60,55
3192,319291110,LOBCS,2025,1,84.5795651,99.0,60,55
3192,319291110,LSEBCS,2025,1,72.0373703,99.0,60,55
3192,319291110,DEFOPENS,2025,1,90.5194308,99.0,60,55
3192,319291110,TFWS,2025,1,58.1924692,99.0,60,55
3192,319291110,DEFRSEBCS,2025,1,55.4914407,99.0,60,55
3192,319291110,EWS,2025,1,33.0737389,99.0,60,55
3192,319292010,GOPENH,2025,1,86.552754,99.0,60,55
3192,319292010,GSCNH,2025,1,78.8357161,99.0,60,55
3192,319292010,GSTNH,2025,1,28.8537986,99.0,60,55
3192,319292010,GVJS,2025,1,69.8941051,99.0,60,55
3192,319292010,GNT2S,2025,1,76.8955509,99.0,60,55
3192,319292010,GOBCNH,2025,1,83.7239356,99.0,60,55
3192,319292010,GSEBCS,2025,1,79.6033896,99.0,60,55
3192,319292010,LOPENS,2025,1,87.5666075,99.0,60,55
3192,319292010,LSCS,2025,1,78.272232,99.0,60,55
3192,319292010,LNT1S,2025,1,65.630713,99.0,60,55
3192,319292010,LNT3S,2025,1,73.6328536,99.0,60,55
3192,319292010,LOBCS,2025,1,84.6429815,99.0,60,55
3192,319292010,LSEBCS,2025,1,80.8599071,99.0,60,55
3192,319292010,DEFOPENS,2025,1,81.5804905,99.0,60,55
3192,319292010,TFWS,2025,1,88.9609194,99.0,60,55
3192,319292010,GOPENH,2025,1,87.468285,99.0,60,55
3192,319292010,GSCNH,2025,1,82.5187713,99.0,60,55
3192,319292010,GSTNH,2025,1,52.016058,99.0,60,55
3192,319292010,GVJS,2025,1,77.022977,99.0,60,55
3192,319292010,GNT2S,2025,1,77.937978,99.0,60,55
3192,319292010,GOBCNH,2025,1,86.5748101,99.0,60,55
3192,319292010,GSEBCS,2025,1,84.4467601,99.0,60,55
3192,319292010,LOPENS,2025,1,87.5957229,99.0,60,55
3192,319292010,LSCS,2025,1,87.1247638,99.0,60,55
3192,319292010,LVJS,2025,1,36.7116245,99.0,60,55
3192,319292010,LNT1S,2025,1,69.7766245,99.0,60,55
3192,319292010,LOBCS,2025,1,86.3505412,99.0,60,55
3192,319292010,LSEBCS,2025,1,85.1749825,99.0,60,55
3192,319292010,DEFOPENS,2025,1,63.2367632,99.0,60,55
3192,319292010,TFWS,2025,1,89.1014047,99.0,60,55
3192,319292010,EWS,2025,1,31.0015898,99.0,60,55
3193,319324510,DEFOPENS,2025,1,72.3760958,99.0,60,55
3193,319324510,DEFOBCS,2025,1,24.7167509,99.0,60,55
3193,319324510,TFWS,2025,1,87.3029561,99.0,60,55
3193,319324510,DEFRSCS,2025,1,31.5596589,99.0,60,55
3193,319324510,EWS,2025,1,14.0716041,99.0,60,55
3193,319324510,DEFOPENS,2025,1,38.6749482,99.0,60,55
3193,319324510,TFWS,2025,1,88.0866426,99.0,60,55
3193,319324510,EWS,2025,1,29.5324884,99.0,60,55
3193,319324610,TFWS,2025,1,84.8811189,99.0,60,55
3193,319324610,EWS,2025,1,33.0802795,99.0,60,55
3193,319337210,DEFOPENS,2025,1,22.8933117,99.0,60,55
3193,319337210,TFWS,2025,1,74.0094972,99.0,60,55
3193,319337210,EWS,2025,1,25.5643537,99.0,60,55
3193,319337210,TFWS,2025,1,77.9589871,99.0,60,55
3193,319337210,EWS,2025,1,63.003413,99.0,60,55
3193,319392110,TFWS,2025,1,85.1919561,99.0,60,55
3193,319392110,EWS,2025,1,43.9154166,99.0,60,55
3193,319392110,TFWS,2025,1,85.0853734,99.0,60,55
3193,319392110,EWS,2025,1,30.378919,99.0,60,55
3194,319419110,TFWS,2025,1,82.8811189,99.0,60,55
3194,319419110,EWS,2025,1,53.2657343,99.0,60,55
3194,319419110,GOPENH,2025,1,83.1461103,99.0,60,55
3194,319419110,GSCNH,2025,1,65.814611,99.0,60,55
3194,319419110,GSTNH,2025,1,21.5368309,99.0,60,55
3194,319419110,GVJS,2025,1,55.6712077,99.0,60,55
3194,319419110,GNT1S,2025,1,76.3172626,99.0,60,55
3194,319419110,GNT2S,2025,1,67.2980865,99.0,60,55
3194,319419110,GNT3S,2025,1,81.3089554,99.0,60,55
3194,319419110,GOBCNH,2025,1,69.3105802,99.0,60,55
3194,319419110,GSEBCS,2025,1,53.1999725,99.0,60,55
3194,319419110,LOPENS,2025,1,78.1913582,99.0,60,55
3194,319419110,LSCS,2025,1,58.9637781,99.0,60,55
3194,319419110,LNT2S,2025,1,67.458483,99.0,60,55
3194,319419110,LOBCS,2025,1,34.1022162,99.0,60,55
3194,319419110,LSEBCS,2025,1,84.3396689,99.0,60,55
3194,319419110,TFWS,2025,1,25.2991393,99.0,60,55
3194,319419110,EWS,2025,1,55.7703505,99.0,60,55
3194,319424510,EWS,2025,1,85.9124978,99.0,60,55
3194,319424510,GOPENH,2025,1,91.7989964,99.0,60,55
3194,319424510,GSCNH,2025,1,87.609626,99.0,60,55
3194,319424510,GSTNH,2025,1,37.1379111,99.0,60,55
3194,319424510,GVJS,2025,1,81.3607995,99.0,60,55
3194,319424510,GNT1S,2025,1,84.4463229,99.0,60,55
3194,319424510,GNT2S,2025,1,86.099446,99.0,60,55
3194,319424510,GNT3S,2025,1,88.2603909,99.0,60,55
3194,319424510,GOBCNH,2025,1,90.1262916,99.0,60,55
3194,319424510,GSEBCS,2025,1,86.564971,99.0,60,55
3194,319424510,LOPENS,2025,1,92.9222144,99.0,60,55
3194,319424510,LSCS,2025,1,87.8605935,99.0,60,55
3194,319424510,LSTS,2025,1,77.4128766,99.0,60,55
3194,319424510,LVJS,2025,1,90.1398917,99.0,60,55
3194,319424510,LNT1S,2025,1,88.7627999,99.0,60,55
3194,319424510,LNT2S,2025,1,84.6586561,99.0,60,55
3194,319424510,LNT3S,2025,1,89.6934787,99.0,60,55
3194,319424510,LOBCS,2025,1,87.4466038,99.0,60,55
3194,319424510,LSEBCS,2025,1,31.8317161,99.0,60,55
3194,319424510,PWDOPENS,2025,1,83.1030453,99.0,60,55
3194,319424510,DEFOPENS,2025,1,89.9742931,99.0,60,55
3194,319424510,DEFOBCS,2025,1,93.9889579,99.0,60,55
3194,319424510,TFWS,2025,1,83.7030299,99.0,60,55
3194,319424510,DEFRSEBCS,2025,1,76.6993653,99.0,60,55
3194,319424510,EWS,2025,1,19.4445432,99.0,60,55
3194,319424610,DEFOPENS,2025,1,60.3213757,99.0,60,55
3194,319424610,TFWS,2025,1,92.4545035,99.0,60,55
3194,319424610,DEFROBCS,2025,1,50.7016833,99.0,60,55
3194,319424610,EWS,2025,1,62.1365556,99.0,60,55
3194,319424610,GOPENH,2025,1,90.5491967,99.0,60,55
3194,319424610,GSCNH,2025,1,84.9063828,99.0,60,55
3194,319424610,GSTNH,2025,1,55.2387338,99.0,60,55
3194,319424610,GNT1S,2025,1,81.9221888,99.0,60,55
3194,319424610,GNT2S,2025,1,83.5707404,99.0,60,55
3194,319424610,GNT3S,2025,1,83.9283276,99.0,60,55
3194,319424610,GOBCNH,2025,1,89.6830085,99.0,60,55
3194,319424610,GSEBCS,2025,1,83.9283276,99.0,60,55
3194,319424610,LOPENS,2025,1,90.8211878,99.0,60,55
3194,319424610,LSCS,2025,1,85.9425358,99.0,60,55
3194,319424610,LSTS,2025,1,77.741426,99.0,60,55
3194,319424610,LVJS,2025,1,89.3655049,99.0,60,55
3194,319424610,LOBCS,2025,1,81.5934486,99.0,60,55
3194,319424610,LSEBCS,2025,1,89.364907,99.0,60,55
3194,319424610,DEFOPENS,2025,1,91.4174744,99.0,60,55
3194,319424610,TFWS,2025,1,78.8262695,99.0,60,55
3194,319424610,DEFROBCS,2025,1,72.0579403,99.0,60,55
3194,319424610,EWS,2025,1,36.7116245,99.0,60,55
3194,319437210,TFWS,2025,1,86.552754,99.0,60,55
3194,319437210,EWS,2025,1,12.5776664,99.0,60,55
3194,319437210,GOPENH,2025,1,88.245893,99.0,60,55
3194,319437210,GSCNH,2025,1,82.3704723,99.0,60,55
3194,319437210,GVJS,2025,1,58.4294088,99.0,60,55
3194,319437210,GNT1S,2025,1,82.7777778,99.0,60,55
3194,319437210,GNT2S,2025,1,83.2810347,99.0,60,55
3194,319437210,GOBCNH,2025,1,85.239357,99.0,60,55
3194,319437210,GSEBCS,2025,1,78.699881,99.0,60,55
3194,319437210,LOPENS,2025,1,87.5957229,99.0,60,55
3194,319437210,LSCS,2025,1,77.2619593,99.0,60,55
3194,319437210,LNT2S,2025,1,76.6993653,99.0,60,55
3194,319437210,LNT3S,2025,1,74.1334872,99.0,60,55
3194,319437210,LOBCS,2025,1,84.207639,99.0,60,55
3194,319437210,LSEBCS,2025,1,78.9956692,99.0,60,55
3194,319437210,DEFOPENS,2025,1,85.9106165,99.0,60,55
3194,319437210,TFWS,2025,1,89.5592458,99.0,60,55
3194,319437210,EWS,2025,1,31.6249855,99.0,60,55
3194,319461210,TFWS,2025,1,76.7635852,99.0,60,55
3194,319461210,EWS,2025,1,51.7009371,99.0,60,55
3194,319461210,GOPENH,2025,1,88.8293119,99.0,60,55
3194,319461210,GSCNH,2025,1,75.0953827,99.0,60,55
3194,319461210,GSTNH,2025,1,24.3359483,99.0,60,55
3194,319461210,GVJS,2025,1,73.9721817,99.0,60,55
3194,319461210,GNT1S,2025,1,63.540901,99.0,60,55
3194,319461210,GNT2S,2025,1,76.5235824,99.0,60,55
3194,319461210,GNT3S,2025,1,80.2313072,99.0,60,55
3194,319461210,GOBCNH,2025,1,82.1648735,99.0,60,55
3194,319461210,GSEBCS,2025,1,62.8284912,99.0,60,55
3194,319461210,LOPENS,2025,1,81.2365306,99.0,60,55
3194,319461210,LSCS,2025,1,27.2101033,99.0,60,55
3194,319461210,LNT1S,2025,1,76.2668468,99.0,60,55
3194,319461210,LNT2S,2025,1,74.1899324,99.0,60,55
3194,319461210,LOBCS,2025,1,73.2908824,99.0,60,55
3194,319461210,LSEBCS,2025,1,87.9344536,99.0,60,55
3194,319461210,TFWS,2025,1,13.1846958,99.0,60,55
3194,319461210,EWS,2025,1,75.1704646,99.0,60,55
3194,319491210,DEFOPENS,2025,1,70.507201,99.0,60,55
3194,319491210,TFWS,2025,1,91.3082283,99.0,60,55
3194,319491210,EWS,2025,1,25.9873754,99.0,60,55
3194,319491210,GOPENH,2025,1,89.2478098,99.0,60,55
3194,319491210,GSCNH,2025,1,84.4463229,99.0,60,55
3194,319491210,GSTNH,2025,1,33.7141758,99.0,60,55
3194,319491210,GVJS,2025,1,78.1913582,99.0,60,55
3194,319491210,GNT1S,2025,1,80.0260591,99.0,60,55
3194,319491210,GNT2S,2025,1,79.9422744,99.0,60,55
3194,319491210,GNT3S,2025,1,81.6705255,99.0,60,55
3194,319491210,GOBCNH,2025,1,87.4466038,99.0,60,55
3194,319491210,GSEBCS,2025,1,79.3794141,99.0,60,55
3194,319491210,LOPENS,2025,1,89.0033044,99.0,60,55
3194,319491210,LSCS,2025,1,82.6245527,99.0,60,55
3194,319491210,LSTS,2025,1,49.0487536,99.0,60,55
3194,319491210,LVJS,2025,1,64.2926156,99.0,60,55
3194,319491210,LNT1S,2025,1,79.3766715,99.0,60,55
3194,319491210,LNT2S,2025,1,82.7777778,99.0,60,55
3194,319491210,LNT3S,2025,1,88.2909271,99.0,60,55
3194,319491210,LOBCS,2025,1,87.468285,99.0,60,55
3194,319491210,LSEBCS,2025,1,79.3794141,99.0,60,55
3194,319491210,DEFOPENS,2025,1,31.8317161,99.0,60,55
3194,319491210,TFWS,2025,1,90.866765,99.0,60,55
3194,319491210,DEFRNT2S,2025,1,72.8488305,99.0,60,55
3194,319491210,EWS,2025,1,58.4294088,99.0,60,55
3194,319499510,DEFOPENS,2025,1,33.6209084,99.0,60,55
3194,319499510,TFWS,2025,1,93.4773416,99.0,60,55
3194,319499510,EWS,2025,1,70.2628092,99.0,60,55
3194,319499510,GOPENH,2025,1,91.2331407,99.0,60,55
3194,319499510,GSCNH,2025,1,85.0971341,99.0,60,55
3194,319499510,GSTNH,2025,1,63.5901214,99.0,60,55
3194,319499510,GVJS,2025,1,84.539834,99.0,60,55
3194,319499510,GNT1S,2025,1,88.1535836,99.0,60,55
3194,319499510,GNT2S,2025,1,81.7199,99.0,60,55
3194,319499510,GNT3S,2025,1,86.713982,99.0,60,55
3194,319499510,GOBCNH,2025,1,89.4256012,99.0,60,55
3194,319499510,GSEBCS,2025,1,84.3808448,99.0,60,55
3194,319499510,LOPENS,2025,1,90.1775065,99.0,60,55
3194,319499510,LSCS,2025,1,85.1689875,99.0,60,55
3194,319499510,LSTS,2025,1,57.8685189,99.0,60,55
3194,319499510,LNT1S,2025,1,77.550585,99.0,60,55
3194,319499510,LNT2S,2025,1,81.9221888,99.0,60,55
3194,319499510,LOBCS,2025,1,87.493276,99.0,60,55
3194,319499510,LSEBCS,2025,1,83.014142,99.0,60,55
3194,319499510,DEFOPENS,2025,1,68.6498934,99.0,60,55
3194,319499510,TFWS,2025,1,93.3319332,99.0,60,55
3194,319499510,EWS,2025,1,71.4377156,99.0,60,55
3196,319624510,GOPENH,2025,1,90.970538,99.0,60,55
3196,319624510,LOPENS,2025,1,91.8376367,99.0,60,55
3196,319624510,TFWS,2025,1,82.8437868,99.0,60,55
3196,319624510,GOPENH,2025,1,91.4802758,99.0,60,55
3196,319624510,LOPENS,2025,1,91.6451799,99.0,60,55
3196,319624510,TFWS,2025,1,85.0307561,99.0,60,55
3196,319629310,GOPENH,2025,1,78.8357161,99.0,60,55
3196,319629310,LOPENS,2025,1,79.7185003,99.0,60,55
3196,319629310,TFWS,2025,1,5.3482038,99.0,60,55
3196,319629310,GOPENH,2025,1,84.3786315,99.0,60,55
3196,319629310,LOPENS,2025,1,80.7004831,99.0,60,55
3196,319629310,TFWS,2025,1,38.0901752,99.0,60,55
3196,319637210,GOPENH,2025,1,82.3736697,99.0,60,55
3196,319637210,LOPENS,2025,1,82.1319232,99.0,60,55
3196,319637210,TFWS,2025,1,57.5410529,99.0,60,55
3196,319637210,GOPENH,2025,1,86.0314842,99.0,60,55
3196,319637210,LOPENS,2025,1,84.7804686,99.0,60,55
3196,319637210,TFWS,2025,1,70.3444621,99.0,60,55
3196,319661210,GOPENH,2025,1,77.0149774,99.0,60,55
3196,319661210,LOPENS,2025,1,72.1363369,99.0,60,55
3196,319661210,TFWS,2025,1,7.1701886,99.0,60,55
3196,319661210,GOPENH,2025,1,86.560206,99.0,60,55
3196,319661210,LOPENS,2025,1,81.2737812,99.0,60,55
3196,319661210,TFWS,2025,1,37.8307719,99.0,60,55
3196,319691110,GOPENH,2025,1,89.5868952,99.0,60,55
3196,319691110,LOPENS,2025,1,89.682715,99.0,60,55
3196,319691110,TFWS,2025,1,81.0133535,99.0,60,55
3196,319691110,GOPENH,2025,1,89.5539769,99.0,60,55
3196,319691110,LOPENS,2025,1,89.3287171,99.0,60,55
3196,319691110,TFWS,2025,1,80.4944215,99.0,60,55
3196,319691210,GOPENH,2025,1,90.0175917,99.0,60,55
3196,319691210,LOPENS,2025,1,90.1551333,99.0,60,55
3196,319691210,TFWS,2025,1,80.4732503,99.0,60,55
3196,319691210,GOPENH,2025,1,89.6618256,99.0,60,55
3196,319691210,LOPENS,2025,1,90.2371528,99.0,60,55
3196,319691210,TFWS,2025,1,78.9956692,99.0,60,55
3196,319692010,GOPENH,2025,1,89.1962092,99.0,60,55
3196,319692010,LOPENS,2025,1,89.7089209,99.0,60,55
3196,319692010,TFWS,2025,1,78.4342571,99.0,60,55
3196,319692010,GOPENH,2025,1,89.1809567,99.0,60,55
3196,319692010,LOPENS,2025,1,89.1852024,99.0,60,55
3196,319692010,TFWS,2025,1,78.3451044,99.0,60,55
3197,319724210,GOPENH,2025,1,96.7783105,99.0,60,55
3197,319724210,LOPENS,2025,1,96.5454743,99.0,60,55
3197,319724210,TFWS,2025,1,41.7471281,99.0,60,55
3197,319724210,GOPENH,2025,1,97.0798432,99.0,60,55
3197,319724210,LOPENS,2025,1,96.8345273,99.0,60,55
3197,319724210,TFWS,2025,1,21.5368309,99.0,60,55
3197,319724510,GOPENH,2025,1,96.972028,99.0,60,55
3197,319724510,LOPENS,2025,1,97.0577076,99.0,60,55
3197,319724510,TFWS,2025,1,3.5482921,99.0,60,55
3197,319724510,GOPENH,2025,1,97.1696644,99.0,60,55
3197,319724510,LOPENS,2025,1,96.7426478,99.0,60,55
3197,319724510,TFWS,2025,1,17.0157534,99.0,60,55
3197,319729310,GOPENH,2025,1,92.4011947,99.0,60,55
3197,319729310,LOPENS,2025,1,92.2398466,99.0,60,55
3197,319729310,TFWS,2025,1,5.1070551,99.0,60,55
3197,319729310,GOPENH,2025,1,95.1330171,99.0,60,55
3197,319729310,LOPENS,2025,1,94.2531106,99.0,60,55
3197,319729310,TFWS,2025,1,54.873582,99.0,60,55
3197,319737210,GOPENH,2025,1,96.2611882,99.0,60,55
3197,319737210,LOPENS,2025,1,95.8806117,99.0,60,55
3197,319737210,TFWS,2025,1,51.7009371,99.0,60,55
3197,319737210,GOPENH,2025,1,96.5917775,99.0,60,55
3197,319737210,LOPENS,2025,1,96.614828,99.0,60,55
3197,319737210,TFWS,2025,1,24.0353914,99.0,60,55
3197,319761210,GOPENH,2025,1,93.0581679,99.0,60,55
3197,319761210,LOPENS,2025,1,88.2544975,99.0,60,55
3197,319761210,TFWS,2025,1,28.6767287,99.0,60,55
3197,319761210,GOPENH,2025,1,95.1406289,99.0,60,55
3197,319761210,LOPENS,2025,1,92.476754,99.0,60,55
3197,319761210,TFWS,2025,1,12.394569,99.0,60,55
3198,319824210,TFWS,2025,1,80.4732503,99.0,60,55
3198,319824210,EWS,2025,1,25.968356,99.0,60,55
3198,319824210,TFWS,2025,1,80.5595655,99.0,60,55
3198,319824210,EWS,2025,1,33.4150899,99.0,60,55
3198,319824510,DEFOPENS,2025,1,29.4122187,99.0,60,55
3198,319824510,TFWS,2025,1,82.9464759,99.0,60,55
3198,319824510,EWS,2025,1,40.5616465,99.0,60,55
3198,319824610,TFWS,2025,1,79.9864621,99.0,60,55
3198,319824610,EWS,2025,1,19.5678103,99.0,60,55
3198,319899510,DEFOPENS,2025,1,3.1802973,99.0,60,55
3198,319899510,TFWS,2025,1,79.6986029,99.0,60,55
3198,319899510,EWS,2025,1,20.3327444,99.0,60,55
3198,319899510,TFWS,2025,1,81.7656352,99.0,60,55
3198,319899510,EWS,2025,1,55.4743121,99.0,60,55
3199,319924510,GOPENH,2025,1,99.486004,99.0,60,55
3199,319924510,LOPENS,2025,1,99.3620183,99.0,60,55
3199,319924510,TFWS,2025,1,98.8286713,99.0,60,55
3199,319924510,GOPENH,2025,1,99.6064496,99.0,60,55
3199,319924510,LOPENS,2025,1,99.4983512,99.0,60,55
3199,319924510,TFWS,2025,1,99.0189208,99.0,60,55
3199,319924610,GOPENH,2025,1,99.2447552,99.0,60,55
3199,319924610,LOPENS,2025,1,98.9097204,99.0,60,55
3199,319924610,TFWS,2025,1,97.3440033,99.0,60,55
3199,319924610,GOPENH,2025,1,99.3974848,99.0,60,55
3199,319924610,LOPENS,2025,1,99.23538,99.0,60,55
3199,319924610,TFWS,2025,1,97.7449977,99.0,60,55
3199,319926310,GOPENH,2025,1,99.2061478,99.0,60,55
3199,319926310,LOPENS,2025,1,98.9411355,99.0,60,55
3199,319926310,TFWS,2025,1,96.7467781,99.0,60,55
3199,319926310,GOPENH,2025,1,99.398859,99.0,60,55
3199,319926310,LOPENS,2025,1,99.1415633,99.0,60,55
3199,319926310,TFWS,2025,1,97.4499655,99.0,60,55
3199,319937210,GOPENH,2025,1,98.7076945,99.0,60,55
3199,319937210,LOPENS,2025,1,98.1718464,99.0,60,55
3199,319937210,TFWS,2025,1,94.7364547,99.0,60,55
3199,319937210,GOPENH,2025,1,99.1459959,99.0,60,55
3199,319937210,LOPENS,2025,1,98.7035739,99.0,60,55
3199,319937210,TFWS,2025,1,95.8070096,99.0,60,55
3199,319961210,GOPENH,2025,1,97.857952,99.0,60,55
3199,319961210,LOPENS,2025,1,95.8120216,99.0,60,55
3199,319961210,TFWS,2025,1,90.8833776,99.0,60,55
3199,319961210,GOPENH,2025,1,98.5565976,99.0,60,55
3199,319961210,LOPENS,2025,1,97.9731032,99.0,60,55
3199,319961210,TFWS,2025,1,93.7153061,99.0,60,55
3199,319991210,GOPENH,2025,1,99.0864904,99.0,60,55
3199,319991210,LOPENS,2025,1,98.7832133,99.0,60,55
3199,319991210,TFWS,2025,1,96.7527319,99.0,60,55
3199,319991210,GOPENH,2025,1,99.312573,99.0,60,55
3199,319991210,LOPENS,2025,1,99.2007992,99.0,60,55
3199,319991210,TFWS,2025,1,97.6811594,99.0,60,55
3199,319992010,GOPENH,2025,1,99.0185463,99.0,60,55
3199,319992010,LOPENS,2025,1,98.6028629,99.0,60,55
3199,319992010,TFWS,2025,1,95.9807017,99.0,60,55
3199,319992010,GOPENH,2025,1,99.2765642,99.0,60,55
3199,319992010,LOPENS,2025,1,98.991977,99.0,60,55
3199,319992010,TFWS,2025,1,96.7675378,99.0,60,55
3199,319992110,GOPENH,2025,1,99.0559885,99.0,60,55
3199,319992110,LOPENS,2025,1,98.7176394,99.0,60,55
3199,319992110,TFWS,2025,1,96.3320463,99.0,60,55
3199,319992110,GOPENH,2025,1,99.2799835,99.0,60,55
3199,319992110,LOPENS,2025,1,99.1054515,99.0,60,55
3199,319992110,TFWS,2025,1,97.1170545,99.0,60,55
3200,320024610,TFWS,2025,1,86.3869833,99.0,60,55
3200,320024610,EWS,2025,1,15.820115,99.0,60,55
3200,320024610,DEFOPENS,2025,1,72.3251186,99.0,60,55
3200,320024610,TFWS,2025,1,86.2039517,99.0,60,55
3200,320024610,EWS,2025,1,41.7943409,99.0,60,55
3200,320029310,TFWS,2025,1,70.5005064,99.0,60,55
3200,320029310,EWS,2025,1,49.3416227,99.0,60,55
3200,320029310,TFWS,2025,1,83.7030299,99.0,60,55
3200,320029310,EWS,2025,1,17.5512583,99.0,60,55
3200,320037210,TFWS,2025,1,63.6512871,99.0,60,55
3200,320037210,EWS,2025,1,25.5643537,99.0,60,55
3200,320037210,DEFOPENS,2025,1,80.5383458,99.0,60,55
3200,320037210,TFWS,2025,1,85.6921506,99.0,60,55
3200,320037210,EWS,2025,1,17.200127,99.0,60,55
3200,320050710,TFWS,2025,1,64.1499185,99.0,60,55
3200,320050710,EWS,2025,1,47.7548586,99.0,60,55
3200,320061210,TFWS,2025,1,78.010417,99.0,60,55
3200,320061210,EWS,2025,1,13.01665,99.0,60,55
3200,320061210,TFWS,2025,1,88.070986,99.0,60,55
3200,320061210,EWS,2025,1,7.8474707,99.0,60,55
3200,320091010,TFWS,2025,1,85.2260888,99.0,60,55
3200,320091010,EWS,2025,1,49.7291102,99.0,60,55
3200,320091010,DEFOPENS,2025,1,41.1906024,99.0,60,55
3200,320091010,TFWS,2025,1,88.1535836,99.0,60,55
3200,320091010,EWS,2025,1,19.4445432,99.0,60,55
3200,320091110,DEFOPENS,2025,1,6.4874627,99.0,60,55
3200,320091110,TFWS,2025,1,87.6322867,99.0,60,55
3200,320091110,EWS,2025,1,59.3210117,99.0,60,55
3200,320091110,DEFOPENS,2025,1,62.4995214,99.0,60,55
3200,320091110,TFWS,2025,1,91.4802758,99.0,60,55
3200,320091110,EWS,2025,1,72.3251186,99.0,60,55
3202,320224510,DEFOPENS,2025,1,13.3124347,99.0,60,55
3202,320224510,TFWS,2025,1,55.6405756,99.0,60,55
3202,320224510,EWS,2025,1,20.6428039,99.0,60,55
3202,320224510,DEFOPENS,2025,1,43.578754,99.0,60,55
3202,320224510,TFWS,2025,1,62.8386652,99.0,60,55
3202,320224510,EWS,2025,1,12.6034251,99.0,60,55
3202,320261210,EWS,2025,1,44.3667268,99.0,60,55
3203,320324510,DEFOPENS,2025,1,84.8736599,99.0,60,55
3203,320324510,DEFOBCS,2025,1,78.6729363,99.0,60,55
3203,320324510,TFWS,2025,1,94.4148845,99.0,60,55
3203,320324510,EWS,2025,1,85.2053352,99.0,60,55
3203,320324510,DEFOPENS,2025,1,84.4137833,99.0,60,55
3203,320324510,DEFOBCS,2025,1,80.5339227,99.0,60,55
3203,320324510,TFWS,2025,1,95.3963666,99.0,60,55
3203,320324510,EWS,2025,1,86.2722396,99.0,60,55
3203,320324610,DEFOPENS,2025,1,80.9669596,99.0,60,55
3203,320324610,DEFOBCS,2025,1,76.2716859,99.0,60,55
3203,320324610,TFWS,2025,1,93.5806832,99.0,60,55
3203,320324610,EWS,2025,1,82.3938224,99.0,60,55
3203,320324610,DEFOPENS,2025,1,83.7431799,99.0,60,55
3203,320324610,DEFOBCS,2025,1,78.975446,99.0,60,55
3203,320324610,TFWS,2025,1,93.9788054,99.0,60,55
3203,320324610,EWS,2025,1,83.5707404,99.0,60,55
3203,320329310,DEFOPENS,2025,1,67.1459332,99.0,60,55
3203,320329310,TFWS,2025,1,82.3938224,99.0,60,55
3203,320329310,EWS,2025,1,13.6137728,99.0,60,55
3203,320329310,DEFOPENS,2025,1,63.552865,99.0,60,55
3203,320329310,TFWS,2025,1,85.9425358,99.0,60,55
3203,320329310,DEFRSEBCS,2025,1,63.2367632,99.0,60,55
3203,320329310,EWS,2025,1,54.4258624,99.0,60,55
3203,320337210,DEFOPENS,2025,1,79.6986029,99.0,60,55
3203,320337210,TFWS,2025,1,87.5995489,99.0,60,55
3203,320337210,EWS,2025,1,18.1456181,99.0,60,55
3203,320337210,DEFOPENS,2025,1,80.4944215,99.0,60,55
3203,320337210,DEFOBCS,2025,1,85.4974574,99.0,60,55
3203,320337210,TFWS,2025,1,91.4806522,99.0,60,55
3203,320337210,EWS,2025,1,59.7703364,99.0,60,55
3203,320390010,DEFOPENS,2025,1,82.9717485,99.0,60,55
3203,320390010,TFWS,2025,1,88.7823852,99.0,60,55
3203,320390010,EWS,2025,1,68.4887011,99.0,60,55
3203,320390010,DEFOPENS,2025,1,82.4999118,99.0,60,55
3203,320390010,TFWS,2025,1,92.5664772,99.0,60,55
3203,320390010,EWS,2025,1,81.4993122,99.0,60,55
3204,320424510,GOPENH,2025,1,95.1229826,99.0,60,55
3204,320424510,LOPENS,2025,1,95.1329723,99.0,60,55
3204,320424510,TFWS,2025,1,60.9090909,99.0,60,55
3204,320424510,GOPENH,2025,1,96.0092361,99.0,60,55
3204,320424510,LOPENS,2025,1,95.1979522,99.0,60,55
3204,320424510,TFWS,2025,1,63.552865,99.0,60,55
3204,320424610,GOPENH,2025,1,94.3275746,99.0,60,55
3204,320424610,LOPENS,2025,1,94.3275746,99.0,60,55
3204,320424610,TFWS,2025,1,12.4732664,99.0,60,55
3204,320424610,GOPENH,2025,1,95.1347459,99.0,60,55
3204,320424610,LOPENS,2025,1,94.6694641,99.0,60,55
3204,320424610,TFWS,2025,1,17.200127,99.0,60,55
3204,320429310,GOPENH,2025,1,86.5435447,99.0,60,55
3204,320429310,LOPENS,2025,1,86.4120225,99.0,60,55
3204,320429310,TFWS,2025,1,47.7841578,99.0,60,55
3204,320429310,GOPENH,2025,1,91.0694792,99.0,60,55
3204,320429310,LOPENS,2025,1,88.986683,99.0,60,55
3204,320437210,GOPENH,2025,1,91.7521019,99.0,60,55
3204,320437210,LOPENS,2025,1,91.2937063,99.0,60,55
3204,320437210,TFWS,2025,1,39.7546871,99.0,60,55
3204,320437210,GOPENH,2025,1,92.9781315,99.0,60,55
3204,320437210,LOPENS,2025,1,93.1708179,99.0,60,55
3204,320437210,TFWS,2025,1,15.4472393,99.0,60,55
3204,320461210,GOPENH,2025,1,86.6223776,99.0,60,55
3204,320461210,LOPENS,2025,1,81.1324174,99.0,60,55
3204,320461210,TFWS,2025,1,38.2479385,99.0,60,55
3204,320461210,GOPENH,2025,1,92.3369677,99.0,60,55
3204,320461210,LOPENS,2025,1,90.1398917,99.0,60,55
3204,320461210,TFWS,2025,1,16.0591472,99.0,60,55
3204,320490010,GOPENH,2025,1,93.4570631,99.0,60,55
3204,320490010,LOPENS,2025,1,93.6410363,99.0,60,55
3204,320490010,TFWS,2025,1,6.2359571,99.0,60,55
3204,320490010,GOPENH,2025,1,94.7041159,99.0,60,55
3204,320490010,LOPENS,2025,1,93.7153061,99.0,60,55
3204,320490010,TFWS,2025,1,8.7473542,99.0,60,55
3204,320492110,GOPENH,2025,1,94.8874728,99.0,60,55
3204,320492110,LOPENS,2025,1,94.7159159,99.0,60,55
3204,320492110,TFWS,2025,1,56.5039753,99.0,60,55
3204,320492110,GOPENH,2025,1,95.2778203,99.0,60,55
3204,320492110,LOPENS,2025,1,95.0784112,99.0,60,55
3204,320492110,TFWS,2025,1,55.2387338,99.0,60,55
3206,320624510,DEFOPENS,2025,1,68.1164395,99.0,60,55
3206,320624510,TFWS,2025,1,81.6328671,99.0,60,55
3206,320624510,EWS,2025,1,43.9154166,99.0,60,55
3206,320629310,TFWS,2025,1,71.8498844,99.0,60,55
3206,320629310,EWS,2025,1,24.7167509,99.0,60,55
3206,320629310,DEFOPENS,2025,1,19.9986005,99.0,60,55
3206,320629310,TFWS,2025,1,52.1496391,99.0,60,55
3206,320629310,EWS,2025,1,23.214079,99.0,60,55
3206,320656610,TFWS,2025,1,85.6182564,99.0,60,55
3206,320656610,EWS,2025,1,71.5562808,99.0,60,55
3206,320656610,TFWS,2025,1,89.1450013,99.0,60,55
3206,320656610,EWS,2025,1,59.950946,99.0,60,55
3206,320661210,EWS,2025,1,14.7567322,99.0,60,55
3206,320690010,TFWS,2025,1,53.7903103,99.0,60,55
3206,320690010,EWS,2025,1,44.6246246,99.0,60,55
3206,320691110,TFWS,2025,1,78.1913582,99.0,60,55
3206,320691110,EWS,2025,1,22.0653604,99.0,60,55
3208,320824510,GOPENH,2025,1,95.4948805,99.0,60,55
3208,320824510,LOPENS,2025,1,95.1990767,99.0,60,55
3208,320824510,TFWS,2025,1,4.7123118,99.0,60,55
3208,320824610,GOPENH,2025,1,95.0750038,99.0,60,55
3208,320824610,LOPENS,2025,1,94.9146711,99.0,60,55
3208,320824610,TFWS,2025,1,40.4581492,99.0,60,55
3208,320837210,GOPENH,2025,1,94.3470195,99.0,60,55
3208,320837210,LOPENS,2025,1,93.9889579,99.0,60,55
3208,320837210,TFWS,2025,1,94.6502373,99.0,60,55
3208,320861210,GOPENH,2025,1,93.442623,99.0,60,55
3208,320861210,LOPENS,2025,1,89.5272602,99.0,60,55
3208,320861210,TFWS,2025,1,24.9635504,99.0,60,55
3211,321124510,GOPENH,2025,1,96.3174061,99.0,60,55
3211,321124510,LOPENS,2025,1,96.3161343,99.0,60,55
3211,321124510,TFWS,2025,1,42.4145111,99.0,60,55
3211,321124610,GOPENH,2025,1,95.4161223,99.0,60,55
3211,321124610,LOPENS,2025,1,95.7888266,99.0,60,55
3211,321124610,TFWS,2025,1,29.41486,99.0,60,55
3211,321126310,GOPENH,2025,1,95.2312139,99.0,60,55
3211,321126310,LOPENS,2025,1,95.1990767,99.0,60,55
3211,321126310,TFWS,2025,1,6.6790098,99.0,60,55
3211,321137210,GOPENH,2025,1,94.5768123,99.0,60,55
3211,321137210,LOPENS,2025,1,93.9909165,99.0,60,55
3211,321137210,TFWS,2025,1,37.1379111,99.0,60,55
3211,321190010,GOPENH,2025,1,94.5878726,99.0,60,55
3211,321190010,LOPENS,2025,1,94.5074586,99.0,60,55
3211,321190010,TFWS,2025,1,19.5678103,99.0,60,55
3211,321192010,GOPENH,2025,1,95.0068259,99.0,60,55
3211,321192010,LOPENS,2025,1,95.1347459,99.0,60,55
3211,321192010,TFWS,2025,1,5.1774267,99.0,60,55
3211,321192110,GOPENH,2025,1,95.4882902,99.0,60,55
3211,321192110,LOPENS,2025,1,96.2623043,99.0,60,55
3211,321192110,TFWS,2025,1,29.41486,99.0,60,55
3214,321424510,GOPENH,2025,1,95.0867052,99.0,60,55
3214,321424510,LOPENS,2025,1,94.9817021,99.0,60,55
3214,321424510,TFWS,2025,1,11.134049,99.0,60,55
3214,321424610,GOPENH,2025,1,94.7254335,99.0,60,55
3214,321424610,LOPENS,2025,1,94.6962055,99.0,60,55
3214,321424610,TFWS,2025,1,66.8147184,99.0,60,55
3214,321484410,GOPENH,2025,1,93.8059643,99.0,60,55
3214,321484410,LOPENS,2025,1,93.0779848,99.0,60,55
3214,321484410,TFWS,2025,1,63.9535342,99.0,60,55
3214,321492010,GOPENH,2025,1,93.8059643,99.0,60,55
3214,321492010,LOPENS,2025,1,93.0779848,99.0,60,55
3214,321492010,TFWS,2025,1,17.5005248,99.0,60,55
3215,321524210,GOPENH,2025,1,99.8803597,99.0,60,55
3215,321524210,GSCNH,2025,1,98.6962457,99.0,60,55
3215,321524210,GSTNH,2025,1,93.9909165,99.0,60,55
3215,321524210,GVJS,2025,1,99.3729563,99.0,60,55
3215,321524210,GNT1S,2025,1,99.4434527,99.0,60,55
3215,321524210,GNT2S,2025,1,99.3515358,99.0,60,55
3215,321524210,GNT3S,2025,1,99.8253173,99.0,60,55
3215,321524210,GOBCNH,2025,1,99.7188507,99.0,60,55
3215,321524210,GSEBCS,2025,1,99.6443286,99.0,60,55
3215,321524210,LOPENS,2025,1,99.8653069,99.0,60,55
3215,321524210,LSCS,2025,1,97.4288016,99.0,60,55
3215,321524210,LSTS,2025,1,94.3470195,99.0,60,55
3215,321524210,LVJS,2025,1,98.4399761,99.0,60,55
3215,321524210,LNT2S,2025,1,99.09598,99.0,60,55
3215,321524210,LOBCS,2025,1,99.6046463,99.0,60,55
3215,321524210,LSEBCS,2025,1,99.4224681,99.0,60,55
3215,321524210,PWDOPENS,2025,1,95.5976137,99.0,60,55
3215,321524210,PWDSCS,2025,1,72.5330927,99.0,60,55
3215,321524210,PWDOBCS,2025,1,89.2303375,99.0,60,55
3215,321524210,DEFOPENS,2025,1,72.3753397,99.0,60,55
3215,321524210,DEFSCS,2025,1,93.4464908,99.0,60,55
3215,321524210,DEFOBCS,2025,1,98.6108985,99.0,60,55
3215,321524210,TFWS,2025,1,99.8098391,99.0,60,55
3215,321524210,EWS,2025,1,59.8130199,99.0,60,55
3215,321524510,GOPENH,2025,1,99.8327645,99.0,60,55
3215,321524510,GSCNH,2025,1,98.3819921,99.0,60,55
3215,321524510,GSTNH,2025,1,90.9657321,99.0,60,55
3215,321524510,GVJS,2025,1,98.8923623,99.0,60,55
3215,321524510,GNT1S,2025,1,99.22161,99.0,60,55
3215,321524510,GNT2S,2025,1,99.1774657,99.0,60,55
3215,321524510,GNT3S,2025,1,99.4582733,99.0,60,55
3215,321524510,GOBCNH,2025,1,99.6091136,99.0,60,55
3215,321524510,GSEBCS,2025,1,99.5302977,99.0,60,55
3215,321524510,LOPENS,2025,1,99.7268706,99.0,60,55
3215,321524510,LSCS,2025,1,96.9750684,99.0,60,55
3215,321524510,LSTS,2025,1,90.112628,99.0,60,55
3215,321524510,LVJS,2025,1,97.305038,99.0,60,55
3215,321524510,LNT1S,2025,1,98.644561,99.0,60,55
3215,321524510,LNT2S,2025,1,97.7312329,99.0,60,55
3215,321524510,LNT3S,2025,1,98.6108985,99.0,60,55
3215,321524510,LOBCS,2025,1,99.4145109,99.0,60,55
3215,321524510,LSEBCS,2025,1,99.2014366,99.0,60,55
3215,321524510,PWDOPENS,2025,1,90.0621118,99.0,60,55
3215,321524510,PWDSCS,2025,1,71.0421393,99.0,60,55
3215,321524510,PWDOBCS,2025,1,85.3954204,99.0,60,55
3215,321524510,PWDSEBCS,2025,1,78.8262695,99.0,60,55
3215,321524510,DEFOPENS,2025,1,34.8005502,99.0,60,55
3215,321524510,DEFSCS,2025,1,90.4021551,99.0,60,55
3215,321524510,DEFOBCS,2025,1,98.9760049,99.0,60,55
3215,321524510,DEFSEBCS,2025,1,99.5311735,99.0,60,55
3215,321524510,TFWS,2025,1,99.7669265,99.0,60,55
3215,321524510,PWDROBCS,2025,1,88.2603909,99.0,60,55
3215,321524510,DEFROBCS,2025,1,38.2278771,99.0,60,55
3215,321537210,GOPENH,2025,1,99.6682782,99.0,60,55
3215,321537210,GSCNH,2025,1,97.5556558,99.0,60,55
3215,321537210,GSTNH,2025,1,89.621821,99.0,60,55
3215,321537210,GVJS,2025,1,97.9611464,99.0,60,55
3215,321537210,GNT1S,2025,1,98.7089833,99.0,60,55
3215,321537210,GNT2S,2025,1,98.9795918,99.0,60,55
3215,321537210,GNT3S,2025,1,99.3554861,99.0,60,55
3215,321537210,GOBCNH,2025,1,99.4239868,99.0,60,55
3215,321537210,GSEBCS,2025,1,99.1107033,99.0,60,55
3215,321537210,LOPENS,2025,1,99.4224681,99.0,60,55
3215,321537210,LSCS,2025,1,96.4352588,99.0,60,55
3215,321537210,LSTS,2025,1,89.2347783,99.0,60,55
3215,321537210,LVJS,2025,1,96.8875086,99.0,60,55
3215,321537210,LNT1S,2025,1,98.0447413,99.0,60,55
3215,321537210,LNT2S,2025,1,97.6121663,99.0,60,55
3215,321537210,LNT3S,2025,1,98.3966019,99.0,60,55
3215,321537210,LOBCS,2025,1,98.9760049,99.0,60,55
3215,321537210,LSEBCS,2025,1,99.0273038,99.0,60,55
3215,321537210,PWDOPENS,2025,1,86.8334686,99.0,60,55
3215,321537210,PWDSCS,2025,1,29.1650526,99.0,60,55
3215,321537210,PWDOBCS,2025,1,72.4223602,99.0,60,55
3215,321537210,DEFOPENS,2025,1,99.3268652,99.0,60,55
3215,321537210,DEFSCS,2025,1,89.5432094,99.0,60,55
3215,321537210,DEFOBCS,2025,1,97.4393346,99.0,60,55
3215,321537210,TFWS,2025,1,99.5404476,99.0,60,55
3215,321537210,EWS,2025,1,77.937978,99.0,60,55
3215,321537210,EWS,2025,1,58.1924692,99.0,60,55
3216,321619110,EWS,2025,1,27.147084,99.0,60,55
3216,321624510,TFWS,2025,1,81.7199,99.0,60,55
3216,321624510,EWS,2025,1,61.7346759,99.0,60,55
3216,321626010,DEFOPENS,2025,1,66.4794206,99.0,60,55
3216,321626010,TFWS,2025,1,77.583794,99.0,60,55
3216,321626010,EWS,2025,1,32.7909025,99.0,60,55
3216,321650710,TFWS,2025,1,80.9705409,99.0,60,55
3216,321650710,EWS,2025,1,23.9624698,99.0,60,55
3216,321661210,TFWS,2025,1,73.0237189,99.0,60,55
3216,321661210,EWS,2025,1,26.166493,99.0,60,55
3216,321691110,TFWS,2025,1,81.9275869,99.0,60,55
3216,321691110,EWS,2025,1,31.7722006,99.0,60,55
3217,321719110,TFWS,2025,1,63.5303851,99.0,60,55
3217,321719110,EWS,2025,1,17.7235495,99.0,60,55
3217,321724510,TFWS,2025,1,81.7656352,99.0,60,55
3217,321724510,EWS,2025,1,35.8612172,99.0,60,55
3218,321819110,GOPENH,2025,1,60.9758938,99.0,60,55
3218,321819110,LOPENS,2025,1,61.2510322,99.0,60,55
3218,321819110,TFWS,2025,1,81.6127789,99.0,60,55
3218,321824510,GOPENH,2025,1,82.9428736,99.0,60,55
3218,321824510,LOPENS,2025,1,82.190886,99.0,60,55
3218,321824510,TFWS,2025,1,64.1499185,99.0,60,55
3218,321824610,GOPENH,2025,1,80.9705409,99.0,60,55
3218,321824610,LOPENS,2025,1,79.0264353,99.0,60,55
3218,321824610,TFWS,2025,1,81.6705255,99.0,60,55
3218,321861210,GOPENH,2025,1,72.1871837,99.0,60,55
3218,321861210,LOPENS,2025,1,63.4757967,99.0,60,55
3218,321861210,TFWS,2025,1,77.583794,99.0,60,55
3218,321890010,GOPENH,2025,1,78.3451044,99.0,60,55
3218,321890010,LOPENS,2025,1,77.0914416,99.0,60,55
3218,321890010,TFWS,2025,1,85.5419841,99.0,60,55
3218,321891210,GOPENH,2025,1,82.0388536,99.0,60,55
3218,321891210,LOPENS,2025,1,79.9422744,99.0,60,55
3218,321891210,TFWS,2025,1,81.4993122,99.0,60,55
3218,321892110,GOPENH,2025,1,79.5076004,99.0,60,55
3218,321892110,LOPENS,2025,1,79.3692556,99.0,60,55
3218,321892110,TFWS,2025,1,20.9880869,99.0,60,55
3220,322025210,EWS,2025,1,38.726658,99.0,60,55
3220,322061210,EWS,2025,1,22.5386607,99.0,60,55
3221,322119110,GOPENH,2025,1,66.0625569,99.0,60,55
3221,322119110,GSCNH,2025,1,20.9880869,99.0,60,55
3221,322119110,GNT1S,2025,1,59.0801845,99.0,60,55
3221,322119110,GNT2S,2025,1,16.7388465,99.0,60,55
3221,322119110,GNT3S,2025,1,41.5554243,99.0,60,55
3221,322119110,GOBCNH,2025,1,57.0070614,99.0,60,55
3221,322119110,LOPENS,2025,1,57.8685189,99.0,60,55
3221,322119110,LSCS,2025,1,43.6823105,99.0,60,55
3221,322119110,LVJS,2025,1,15.6857493,99.0,60,55
3221,322119110,LOBCS,2025,1,48.401775,99.0,60,55
3221,322124510,GOPENH,2025,1,84.2510483,99.0,60,55
3221,322124510,GSCNH,2025,1,76.4503291,99.0,60,55
3221,322124510,GSTNH,2025,1,12.7454023,99.0,60,55
3221,322124510,GVJS,2025,1,74.8112584,99.0,60,55
3221,322124510,GNT1S,2025,1,78.975446,99.0,60,55
3221,322124510,GNT2S,2025,1,78.3451044,99.0,60,55
3221,322124510,GNT3S,2025,1,79.0728986,99.0,60,55
3221,322124510,GOBCNH,2025,1,79.0728986,99.0,60,55
3221,322124510,GSEBCS,2025,1,64.087617,99.0,60,55
3221,322124510,LOPENS,2025,1,82.6530612,99.0,60,55
3221,322124510,LSCS,2025,1,67.9621973,99.0,60,55
3221,322124510,LNT1S,2025,1,60.9157012,99.0,60,55
3221,322124510,LNT2S,2025,1,48.1265004,99.0,60,55
3221,322124510,LOBCS,2025,1,79.8369603,99.0,60,55
3221,322124510,LSEBCS,2025,1,65.1614878,99.0,60,55
3221,322124510,TFWS,2025,1,83.5707404,99.0,60,55
3221,322124510,EWS,2025,1,15.4472393,99.0,60,55
3221,322137210,GOPENH,2025,1,75.2331528,99.0,60,55
3221,322137210,GSCNH,2025,1,64.5293156,99.0,60,55
3221,322137210,GNT1S,2025,1,52.4918222,99.0,60,55
3221,322137210,GNT2S,2025,1,30.191544,99.0,60,55
3221,322137210,GOBCNH,2025,1,66.1311211,99.0,60,55
3221,322137210,GSEBCS,2025,1,59.2443064,99.0,60,55
3221,322137210,LOPENS,2025,1,76.7952218,99.0,60,55
3221,322137210,LSCS,2025,1,45.457039,99.0,60,55
3221,322137210,LNT2S,2025,1,42.4145111,99.0,60,55
3221,322137210,LNT3S,2025,1,25.3041937,99.0,60,55
3221,322137210,LOBCS,2025,1,68.78733,99.0,60,55
3221,322137210,LSEBCS,2025,1,44.1521083,99.0,60,55
3221,322137210,TFWS,2025,1,76.468112,99.0,60,55
3221,322161210,GOPENH,2025,1,73.0844718,99.0,60,55
3221,322161210,GSCNH,2025,1,34.1022162,99.0,60,55
3221,322161210,GNT3S,2025,1,58.1150221,99.0,60,55
3221,322161210,GOBCNH,2025,1,62.8386652,99.0,60,55
3221,322161210,GSEBCS,2025,1,48.1265004,99.0,60,55
3221,322161210,LOPENS,2025,1,57.8274425,99.0,60,55
3221,322161210,LSCS,2025,1,52.8560653,99.0,60,55
3221,322161210,LOBCS,2025,1,75.4755316,99.0,60,55
3221,322161210,LSEBCS,2025,1,29.1650526,99.0,60,55
3221,322161210,TFWS,2025,1,32.7909025,99.0,60,55
3221,322191110,GOPENH,2025,1,77.9589871,99.0,60,55
3221,322191110,GSCNH,2025,1,64.7164682,99.0,60,55
3221,322191110,GVJS,2025,1,68.6498934,99.0,60,55
3221,322191110,GNT1S,2025,1,56.5580532,99.0,60,55
3221,322191110,GNT2S,2025,1,72.5022286,99.0,60,55
3221,322191110,GNT3S,2025,1,76.5235824,99.0,60,55
3221,322191110,GOBCNH,2025,1,72.9916849,99.0,60,55
3221,322191110,GSEBCS,2025,1,53.8067479,99.0,60,55
3221,322191110,LOPENS,2025,1,76.468112,99.0,60,55
3221,322191110,LSCS,2025,1,58.1324148,99.0,60,55
3221,322191110,LNT1S,2025,1,75.4489132,99.0,60,55
3221,322191110,LNT2S,2025,1,68.4225402,99.0,60,55
3221,322191110,LNT3S,2025,1,70.3402566,99.0,60,55
3221,322191110,LOBCS,2025,1,63.0171253,99.0,60,55
3221,322191110,LSEBCS,2025,1,84.1149833,99.0,60,55
3221,322191110,TFWS,2025,1,31.6249855,99.0,60,55
3221,322191110,EWS,2025,1,65.2933256,99.0,60,55
3221,322192610,GOPENH,2025,1,66.4794206,99.0,60,55
3221,322192610,GSCNH,2025,1,33.9583652,99.0,60,55
3221,322192610,GSTNH,2025,1,25.2895608,99.0,60,55
3221,322192610,GNT2S,2025,1,5.5559443,99.0,60,55
3221,322192610,GNT3S,2025,1,16.3855337,99.0,60,55
3221,322192610,GOBCNH,2025,1,58.3262891,99.0,60,55
3221,322192610,GSEBCS,2025,1,33.4150899,99.0,60,55
3221,322192610,LOPENS,2025,1,69.8418157,99.0,60,55
3221,322192610,LSCS,2025,1,35.5990164,99.0,60,55
3221,322192610,LNT1S,2025,1,26.3181412,99.0,60,55
3221,322192610,LNT2S,2025,1,44.5569356,99.0,60,55
3221,322192610,LOBCS,2025,1,67.9621973,99.0,60,55
3221,322192610,TFWS,2025,1,68.6498934,99.0,60,55
3223,322319110,GOPENH,2025,1,76.099588,99.0,60,55
3223,322319110,LOPENS,2025,1,66.0913492,99.0,60,55
3223,322319110,TFWS,2025,1,57.5392085,99.0,60,55
3223,322324510,GOPENH,2025,1,89.4256012,99.0,60,55
3223,322324510,LOPENS,2025,1,89.6590708,99.0,60,55
3223,322324510,TFWS,2025,1,60.7556304,99.0,60,55
3223,322324610,GOPENH,2025,1,85.3230758,99.0,60,55
3223,322324610,LOPENS,2025,1,85.9106165,99.0,60,55
3223,322324610,TFWS,2025,1,27.2101033,99.0,60,55
3223,322361210,GOPENH,2025,1,83.2810347,99.0,60,55
3223,322361210,LOPENS,2025,1,66.561551,99.0,60,55
3223,322361210,TFWS,2025,1,82.3704723,99.0,60,55
3223,322390010,GOPENH,2025,1,84.4137833,99.0,60,55
3223,322390010,LOPENS,2025,1,83.0532651,99.0,60,55
3223,322390010,TFWS,2025,1,76.5032413,99.0,60,55
3223,322392610,GOPENH,2025,1,78.890785,99.0,60,55
3223,322392610,LOPENS,2025,1,80.4716144,99.0,60,55
3223,322392610,TFWS,2025,1,82.5741649,99.0,60,55
3223,322399510,GOPENH,2025,1,88.0941637,99.0,60,55
3223,322399510,LOPENS,2025,1,87.921673,99.0,60,55
3223,322399510,TFWS,2025,1,47.8398896,99.0,60,55
3224,322424510,TFWS,2025,1,78.5981492,99.0,60,55
3224,322424510,EWS,2025,1,50.8385093,99.0,60,55
3224,322456810,TFWS,2025,1,65.8087807,99.0,60,55
3224,322456810,EWS,2025,1,78.699881,99.0,60,55
3224,322491110,TFWS,2025,1,70.9482593,99.0,60,55
3224,322491110,EWS,2025,1,49.9737275,99.0,60,55
3224,322492010,TFWS,2025,1,60.6803919,99.0,60,55
3224,322492010,EWS,2025,1,71.5294662,99.0,60,55
3257,325724510,DEFOPENS,2025,1,76.099588,99.0,60,55
3257,325724510,TFWS,2025,1,89.5592458,99.0,60,55
3257,325724510,EWS,2025,1,28.7221654,99.0,60,55
3257,325724610,TFWS,2025,1,85.0853734,99.0,60,55
3257,325724610,EWS,2025,1,19.5229257,99.0,60,55
3351,335124510,TFWS,2025,1,79.3692556,99.0,60,55
3351,335124510,EWS,2025,1,55.6712077,99.0,60,55
3353,335324610,TFWS,2025,1,72.5793422,99.0,60,55
3353,335324610,EWS,2025,1,39.8653069,99.0,60,55
3353,335392110,TFWS,2025,1,78.7121389,99.0,60,55
3353,335392110,EWS,2025,1,10.3339505,99.0,60,55
3423,342324510,GOPENH,2025,1,85.9765355,99.0,60,55
3423,342324510,LOPENS,2025,1,86.5748101,99.0,60,55
3423,342324510,TFWS,2025,1,78.1913582,99.0,60,55
3423,342324610,GOPENH,2025,1,82.8318522,99.0,60,55
3423,342324610,LOPENS,2025,1,83.014142,99.0,60,55
3423,342324610,TFWS,2025,1,67.1207715,99.0,60,55
3423,342325810,GOPENH,2025,1,72.4223602,99.0,60,55
3423,342325810,LOPENS,2025,1,69.9192754,99.0,60,55
3423,342325810,TFWS,2025,1,15.4623879,99.0,60,55
3423,342326010,GOPENH,2025,1,86.5748101,99.0,60,55
3423,342326010,LOPENS,2025,1,86.8334686,99.0,60,55
3423,342326010,TFWS,2025,1,68.6717464,99.0,60,55
3423,342337210,GOPENH,2025,1,83.7134808,99.0,60,55
3423,342337210,LOPENS,2025,1,82.0388536,99.0,60,55
3423,342337210,TFWS,2025,1,60.5118338,99.0,60,55
3423,342361210,GOPENH,2025,1,85.65358,99.0,60,55
3423,342361210,LOPENS,2025,1,77.8890571,99.0,60,55
3423,342361210,TFWS,2025,1,44.6246246,99.0,60,55
3423,342390010,GOPENH,2025,1,80.1766472,99.0,60,55
3423,342390010,LOPENS,2025,1,77.7140658,99.0,60,55
3423,342390010,TFWS,2025,1,52.0988164,99.0,60,55
3423,342391210,GOPENH,2025,1,83.988979,99.0,60,55
3423,342391210,LOPENS,2025,1,83.7431799,99.0,60,55
3423,342391210,TFWS,2025,1,71.4142775,99.0,60,55
3423,342392110,GOPENH,2025,1,86.560206,99.0,60,55
3423,342392110,LOPENS,2025,1,85.9891185,99.0,60,55
3423,342392110,TFWS,2025,1,76.4503291,99.0,60,55
3423,342392510,GOPENH,2025,1,88.5780258,99.0,60,55
3423,342392510,LOPENS,2025,1,90.7163631,99.0,60,55
3423,342392510,TFWS,2025,1,76.4346337,99.0,60,55
3436,343624510,TFWS,2025,1,73.7754477,99.0,60,55
3436,343624510,EWS,2025,1,55.6597249,99.0,60,55
3436,343691110,TFWS,2025,1,67.3167917,99.0,60,55
3436,343691110,EWS,2025,1,13.510622,99.0,60,55
3439,343919110,GOPENH,2025,1,60.070698,99.0,60,55
3439,343919110,LOPENS,2025,1,35.5420211,99.0,60,55
3439,343919110,TFWS,2025,1,49.8699585,99.0,60,55
3439,343924510,GOPENH,2025,1,78.4699621,99.0,60,55
3439,343924510,LOPENS,2025,1,77.7384664,99.0,60,55
3439,343924510,TFWS,2025,1,73.2109713,99.0,60,55
3439,343961210,GOPENH,2025,1,62.8386652,99.0,60,55
3439,343961210,LOPENS,2025,1,44.1937857,99.0,60,55
3439,343961210,TFWS,2025,1,45.1152324,99.0,60,55
3439,343990010,GOPENH,2025,1,68.6498934,99.0,60,55
3439,343990010,LOPENS,2025,1,66.0625569,99.0,60,55
3439,343990010,TFWS,2025,1,61.8012422,99.0,60,55
3439,343991110,GOPENH,2025,1,74.4163823,99.0,60,55
3439,343991110,LOPENS,2025,1,73.0237189,99.0,60,55
3439,343991110,TFWS,2025,1,73.5651108,99.0,60,55
3439,343991210,GOPENH,2025,1,73.2041877,99.0,60,55
3439,343991210,LOPENS,2025,1,76.099588,99.0,60,55
3439,343991210,TFWS,2025,1,70.0706138,99.0,60,55
3439,343992610,GOPENH,2025,1,60.7738415,99.0,60,55
3439,343992610,LOPENS,2025,1,49.9737275,99.0,60,55
3439,343992610,TFWS,2025,1,49.1980067,99.0,60,55
3447,344724510,TFWS,2025,1,68.6254044,99.0,60,55
3447,344724510,EWS,2025,1,9.5804392,99.0,60,55
3447,344761210,EWS,2025,1,26.2353347,99.0,60,55
3462,346261210,EWS,2025,1,32.0852596,99.0,60,55
3465,346524210,EWS,2025,1,83.8560469,99.0,60,55
3467,346724510,DEFOPENS,2025,1,44.7174641,99.0,60,55
3467,346724510,TFWS,2025,1,79.3766715,99.0,60,55
3467,346724510,EWS,2025,1,44.8240166,99.0,60,55
3467,346791110,TFWS,2025,1,72.0579403,99.0,60,55
3467,346791110,EWS,2025,1,47.0872596,99.0,60,55
3470,347024210,DEFOPENS,2025,1,21.0617426,99.0,60,55
3470,347024210,TFWS,2025,1,78.9956692,99.0,60,55
3470,347024210,EWS,2025,1,49.8699585,99.0,60,55
3470,347024510,TFWS,2025,1,60.7556304,99.0,60,55
3470,347024510,EWS,2025,1,19.7268589,99.0,60,55
3470,347029310,EWS,2025,1,6.6207384,99.0,60,55
3470,347092110,TFWS,2025,1,79.9864621,99.0,60,55
3470,347092110,EWS,2025,1,29.1650526,99.0,60,55
3471,347119110,DEFOPENS,2025,1,20.9290709,99.0,60,55
3471,347119110,TFWS,2025,1,75.2331528,99.0,60,55
3471,347119110,EWS,2025,1,27.6982865,99.0,60,55
3471,347124510,DEFOPENS,2025,1,29.2374051,99.0,60,55
3471,347124510,TFWS,2025,1,86.560206,99.0,60,55
3471,347124510,EWS,2025,1,26.166493,99.0,60,55
3471,347124610,TFWS,2025,1,86.099446,99.0,60,55
3471,347124610,EWS,2025,1,62.5282864,99.0,60,55
3471,347125710,DEFOPENS,2025,1,85.2566749,99.0,60,55
3471,347125710,TFWS,2025,1,83.1950716,99.0,60,55
3471,347125710,EWS,2025,1,75.4489132,99.0,60,55
3471,347199510,TFWS,2025,1,87.609626,99.0,60,55
3471,347199510,EWS,2025,1,22.6197993,99.0,60,55
3477,347724510,DEFOPENS,2025,1,47.7548586,99.0,60,55
3477,347724510,TFWS,2025,1,81.9381769,99.0,60,55
3477,347724510,EWS,2025,1,23.7839084,99.0,60,55
3477,347791710,TFWS,2025,1,73.2908824,99.0,60,55
3477,347791710,EWS,2025,1,68.6498934,99.0,60,55
3477,347792110,DEFOPENS,2025,1,13.5260767,99.0,60,55
3477,347792110,TFWS,2025,1,80.7055032,99.0,60,55
3477,347792110,EWS,2025,1,34.4790806,99.0,60,55
3546,354624510,EWS,2025,1,60.010721,99.0,60,55
3723,372399510,TFWS,2025,1,79.3692556,99.0,60,55
3723,372399510,EWS,2025,1,59.7703364,99.0,60,55
3725,372524210,DEFOPENS,2025,1,57.5392085,99.0,60,55
3725,372524210,TFWS,2025,1,92.9541398,99.0,60,55
3725,372524210,EWS,2025,1,73.2109713,99.0,60,55
3725,372524610,TFWS,2025,1,83.014142,99.0,60,55
3725,372524610,EWS,2025,1,44.7174641,99.0,60,55
3725,372591110,DEFOPENS,2025,1,34.0437095,99.0,60,55
3725,372591110,TFWS,2025,1,88.1120509,99.0,60,55
3725,372591110,EWS,2025,1,13.9341445,99.0,60,55
3726,372629310,TFWS,2025,1,9.0115153,99.0,60,55
3726,372629310,EWS,2025,1,34.3896838,99.0,60,55
3726,372699510,TFWS,2025,1,78.0816199,99.0,60,55
3726,372699510,EWS,2025,1,43.1236655,99.0,60,55
4004,400419110,DEFOPENS,2025,1,74.9893249,99.0,60,55
4004,400419110,TFWS,2025,1,83.1707575,99.0,60,55
4004,400419110,EWS,2025,1,15.7457927,99.0,60,55
4004,400424210,DEFOPENS,2025,1,85.1749825,99.0,60,55
4004,400424210,DEFOBCS,2025,1,38.6749482,99.0,60,55
4004,400424210,TFWS,2025,1,95.4986174,99.0,60,55
4004,400424210,EWS,2025,1,83.1461103,99.0,60,55
4004,400429310,DEFOPENS,2025,1,41.153186,99.0,60,55
4004,400429310,TFWS,2025,1,84.0342981,99.0,60,55
4004,400429310,DEFROBCS,2025,1,19.5678103,99.0,60,55
4004,400429310,EWS,2025,1,27.1206001,99.0,60,55
4004,400437210,DEFOPENS,2025,1,22.27398,99.0,60,55
4004,400437210,TFWS,2025,1,88.2737276,99.0,60,55
4004,400437210,EWS,2025,1,68.9409579,99.0,60,55
4004,400446610,TFWS,2025,1,72.4223602,99.0,60,55
4004,400446610,EWS,2025,1,33.4150899,99.0,60,55
4004,400461210,TFWS,2025,1,82.7018873,99.0,60,55
4004,400461210,EWS,2025,1,14.1484544,99.0,60,55
4025,402519110,DEFOPENS,2025,1,71.4785529,99.0,60,55
4025,402519110,DEFOBCS,2025,1,59.2443064,99.0,60,55
4025,402519110,TFWS,2025,1,91.3216011,99.0,60,55
4025,402519110,DEFROBCS,2025,1,30.191544,99.0,60,55
4025,402519110,EWS,2025,1,77.937978,99.0,60,55
4025,402524210,DEFOPENS,2025,1,90.1218002,99.0,60,55
4025,402524210,DEFOBCS,2025,1,84.2510483,99.0,60,55
4025,402524210,TFWS,2025,1,97.2913667,99.0,60,55
4025,402524210,DEFRSTS,2025,1,80.5793663,99.0,60,55
4025,402524210,EWS,2025,1,85.1550148,99.0,60,55
4025,402529310,DEFOPENS,2025,1,90.1004135,99.0,60,55
4025,402529310,DEFOBCS,2025,1,62.965955,99.0,60,55
4025,402529310,TFWS,2025,1,93.4491576,99.0,60,55
4025,402529310,DEFRSCS,2025,1,54.2626684,99.0,60,55
4025,402529310,EWS,2025,1,85.1550148,99.0,60,55
4025,402537210,DEFOPENS,2025,1,86.0314842,99.0,60,55
4025,402537210,DEFOBCS,2025,1,82.8318522,99.0,60,55
4025,402537210,TFWS,2025,1,94.8860653,99.0,60,55
4025,402537210,DEFROBCS,2025,1,84.207639,99.0,60,55
4025,402537210,EWS,2025,1,36.7116245,99.0,60,55
4025,402561210,DEFOPENS,2025,1,60.1814551,99.0,60,55
4025,402561210,DEFOBCS,2025,1,35.508346,99.0,60,55
4025,402561210,TFWS,2025,1,92.1404554,99.0,60,55
4025,402561210,DEFRSCS,2025,1,43.1094862,99.0,60,55
4025,402561210,EWS,2025,1,77.7384664,99.0,60,55
4026,402661710,TFWS,2025,1,58.4262318,99.0,60,55
4026,402661710,EWS,2025,1,38.6749482,99.0,60,55
4026,402669210,DEFOPENS,2025,1,54.873582,99.0,60,55
4026,402669210,TFWS,2025,1,57.0044084,99.0,60,55
4026,402669210,EWS,2025,1,10.7179688,99.0,60,55
4026,402670110,DEFOPENS,2025,1,91.5364131,99.0,60,55
4026,402670110,TFWS,2025,1,67.9203695,99.0,60,55
4026,402670110,EWS,2025,1,30.6281286,99.0,60,55
4026,402693710,TFWS,2025,1,75.4755316,99.0,60,55
4026,402693710,EWS,2025,1,43.0034494,99.0,60,55
4104,410419110,GOPENH,2025,1,57.5477401,99.0,60,55
4104,410419110,GSCNH,2025,1,46.9424901,99.0,60,55
4104,410419110,GSTNH,2025,1,3.761623,99.0,60,55
4104,410419110,GNT1S,2025,1,45.6611497,99.0,60,55
4104,410419110,GNT2S,2025,1,44.3667268,99.0,60,55
4104,410419110,GNT3S,2025,1,15.1259327,99.0,60,55
4104,410419110,GOBCNH,2025,1,52.6909021,99.0,60,55
4104,410419110,GSEBCS,2025,1,10.9559161,99.0,60,55
4104,410419110,LOPENS,2025,1,66.561551,99.0,60,55
4104,410419110,LSCS,2025,1,56.5182885,99.0,60,55
4104,410419110,LSTS,2025,1,22.3579956,99.0,60,55
4104,410419110,LOBCS,2025,1,62.6016833,99.0,60,55
4104,410419110,TFWS,2025,1,64.4305882,99.0,60,55
4104,410424610,GOPENH,2025,1,76.099588,99.0,60,55
4104,410424610,GSCNH,2025,1,72.5022286,99.0,60,55
4104,410424610,GSTNH,2025,1,38.2278771,99.0,60,55
4104,410424610,GVJS,2025,1,64.2198294,99.0,60,55
4104,410424610,GNT2S,2025,1,63.8128892,99.0,60,55
4104,410424610,GOBCNH,2025,1,74.6275026,99.0,60,55
4104,410424610,GSEBCS,2025,1,31.7722006,99.0,60,55
4104,410424610,LOPENS,2025,1,77.937978,99.0,60,55
4104,410424610,LSCS,2025,1,77.540946,99.0,60,55
4104,410424610,LSTS,2025,1,41.1906024,99.0,60,55
4104,410424610,LNT1S,2025,1,64.4305882,99.0,60,55
4104,410424610,LNT3S,2025,1,77.7140658,99.0,60,55
4104,410424610,LOBCS,2025,1,79.4627847,99.0,60,55
4104,410424610,TFWS,2025,1,28.2298995,99.0,60,55
4104,410424610,EWS,2025,1,54.7674174,99.0,60,55
4104,410425110,GOPENH,2025,1,72.0373703,99.0,60,55
4104,410425110,GSCNH,2025,1,60.268127,99.0,60,55
4104,410425110,GVJS,2025,1,58.1324148,99.0,60,55
4104,410425110,GNT1S,2025,1,66.1911263,99.0,60,55
4104,410425110,GNT2S,2025,1,38.0901752,99.0,60,55
4104,410425110,GNT3S,2025,1,62.3077731,99.0,60,55
4104,410425110,GOBCNH,2025,1,68.9409579,99.0,60,55
4104,410425110,LOPENS,2025,1,76.099588,99.0,60,55
4104,410425110,LSCS,2025,1,65.1648234,99.0,60,55
4104,410425110,LVJS,2025,1,56.6825649,99.0,60,55
4104,410425110,LNT2S,2025,1,68.78733,99.0,60,55
4104,410425110,LOBCS,2025,1,74.6217331,99.0,60,55
4104,410425110,LSEBCS,2025,1,9.3008868,99.0,60,55
4104,410425110,DEFOPENS,2025,1,34.7115718,99.0,60,55
4104,410425110,TFWS,2025,1,77.022977,99.0,60,55
4104,410425110,EWS,2025,1,11.1244146,99.0,60,55
4104,410429310,GOPENH,2025,1,60.6803919,99.0,60,55
4104,410429310,GSCNH,2025,1,44.3215833,99.0,60,55
4104,410429310,GVJS,2025,1,52.1496391,99.0,60,55
4104,410429310,GNT1S,2025,1,46.7838981,99.0,60,55
4104,410429310,GNT3S,2025,1,36.6414088,99.0,60,55
4104,410429310,GOBCNH,2025,1,58.235114,99.0,60,55
4104,410429310,GSEBCS,2025,1,59.2474828,99.0,60,55
4104,410429310,LOPENS,2025,1,64.087617,99.0,60,55
4104,410429310,LSCS,2025,1,52.8745002,99.0,60,55
4104,410429310,LNT2S,2025,1,61.114444,99.0,60,55
4104,410429310,LOBCS,2025,1,36.1833289,99.0,60,55
4104,410429310,LSEBCS,2025,1,71.9146758,99.0,60,55
4104,410429310,TFWS,2025,1,47.0872596,99.0,60,55
4104,410437010,GOPENH,2025,1,60.1814551,99.0,60,55
4104,410437010,GSCNH,2025,1,54.873582,99.0,60,55
4104,410437010,GNT2S,2025,1,11.0099135,99.0,60,55
4104,410437010,GOBCNH,2025,1,58.3262891,99.0,60,55
4104,410437010,LOPENS,2025,1,65.8087807,99.0,60,55
4104,410437010,LSCS,2025,1,52.9701068,99.0,60,55
4104,410437010,LNT1S,2025,1,52.7200757,99.0,60,55
4104,410437010,LOBCS,2025,1,63.5901214,99.0,60,55
4104,410437010,TFWS,2025,1,63.5901214,99.0,60,55
4104,410437010,EWS,2025,1,50.9743237,99.0,60,55
4104,410461210,GOPENH,2025,1,55.6597249,99.0,60,55
4104,410461210,GSCNH,2025,1,40.7074872,99.0,60,55
4104,410461210,GSTNH,2025,1,55.3743463,99.0,60,55
4104,410461210,GNT1S,2025,1,44.8240166,99.0,60,55
4104,410461210,GNT3S,2025,1,35.8191126,99.0,60,55
4104,410461210,GOBCNH,2025,1,52.8745002,99.0,60,55
4104,410461210,GSEBCS,2025,1,44.8240166,99.0,60,55
4104,410461210,LOPENS,2025,1,56.6825649,99.0,60,55
4104,410461210,LSCS,2025,1,50.8920685,99.0,60,55
4104,410461210,LOBCS,2025,1,55.2387338,99.0,60,55
4104,410461210,TFWS,2025,1,65.6970807,99.0,60,55
4104,410490010,GOPENH,2025,1,65.3107562,99.0,60,55
4104,410490010,GSCNH,2025,1,52.1058919,99.0,60,55
4104,410490010,GNT1S,2025,1,57.0070614,99.0,60,55
4104,410490010,GOBCNH,2025,1,60.5118338,99.0,60,55
4104,410490010,GSEBCS,2025,1,25.0611389,99.0,60,55
4104,410490010,LOPENS,2025,1,68.6498934,99.0,60,55
4104,410490010,LSCS,2025,1,52.1652563,99.0,60,55
4104,410490010,LNT1S,2025,1,55.2387338,99.0,60,55
4104,410490010,LOBCS,2025,1,67.2980865,99.0,60,55
4104,410490010,TFWS,2025,1,73.7754477,99.0,60,55
4104,410490010,EWS,2025,1,18.4565842,99.0,60,55
4104,410491110,GOPENH,2025,1,80.7883659,99.0,60,55
4104,410491110,GSCNH,2025,1,75.8548894,99.0,60,55
4104,410491110,GSTNH,2025,1,25.8055428,99.0,60,55
4104,410491110,GVJS,2025,1,66.5496835,99.0,60,55
4104,410491110,GNT1S,2025,1,76.2591061,99.0,60,55
4104,410491110,GNT2S,2025,1,68.2993965,99.0,60,55
4104,410491110,GOBCNH,2025,1,79.5076004,99.0,60,55
4104,410491110,GSEBCS,2025,1,56.2435713,99.0,60,55
4104,410491110,LOPENS,2025,1,85.1749825,99.0,60,55
4104,410491110,LSCS,2025,1,83.6944391,99.0,60,55
4104,410491110,LSTS,2025,1,52.1496391,99.0,60,55
4104,410491110,LNT2S,2025,1,63.4876968,99.0,60,55
4104,410491110,LOBCS,2025,1,83.4251983,99.0,60,55
4104,410491110,LSEBCS,2025,1,41.1906024,99.0,60,55
4104,410491110,TFWS,2025,1,90.3279027,99.0,60,55
4104,410491110,EWS,2025,1,43.2064159,99.0,60,55
4116,411619110,GOPENH,2025,1,77.9049638,99.0,60,55
4116,411619110,LOPENS,2025,1,78.9492107,99.0,60,55
4116,411619110,TFWS,2025,1,13.1846958,99.0,60,55
4116,411624210,GOPENH,2025,1,91.0694792,99.0,60,55
4116,411624210,LOPENS,2025,1,91.7858261,99.0,60,55
4116,411624210,TFWS,2025,1,77.0914416,99.0,60,55
4116,411624610,GOPENH,2025,1,88.6855305,99.0,60,55
4116,411624610,LOPENS,2025,1,89.364907,99.0,60,55
4116,411624610,TFWS,2025,1,46.7128425,99.0,60,55
4116,411626010,GOPENH,2025,1,88.0315567,99.0,60,55
4116,411626010,LOPENS,2025,1,88.7299064,99.0,60,55
4116,411626010,TFWS,2025,1,52.016058,99.0,60,55
4116,411626710,GOPENH,2025,1,87.1731352,99.0,60,55
4116,411626710,LOPENS,2025,1,86.8427506,99.0,60,55
4116,411626710,TFWS,2025,1,22.8294494,99.0,60,55
4116,411629310,GOPENH,2025,1,81.6656822,99.0,60,55
4116,411629310,LOPENS,2025,1,81.5923479,99.0,60,55
4116,411629310,TFWS,2025,1,17.200127,99.0,60,55
4116,411637210,GOPENH,2025,1,86.6459627,99.0,60,55
4116,411637210,LOPENS,2025,1,87.0084871,99.0,60,55
4116,411637210,TFWS,2025,1,8.764745,99.0,60,55
4116,411637610,GOPENH,2025,1,82.5792479,99.0,60,55
4116,411637610,LOPENS,2025,1,84.207639,99.0,60,55
4116,411637610,TFWS,2025,1,59.7703364,99.0,60,55
4116,411661210,GOPENH,2025,1,78.9492107,99.0,60,55
4116,411661210,LOPENS,2025,1,78.699881,99.0,60,55
4116,411661210,TFWS,2025,1,15.4884768,99.0,60,55
4116,411691110,GOPENH,2025,1,87.7370373,99.0,60,55
4116,411691110,LOPENS,2025,1,88.3756645,99.0,60,55
4116,411691110,TFWS,2025,1,56.5580532,99.0,60,55
4116,411691310,GOPENH,2025,1,87.5957229,99.0,60,55
4116,411691310,LOPENS,2025,1,87.730083,99.0,60,55
4116,411691310,TFWS,2025,1,46.2039046,99.0,60,55
4116,411691710,GOPENH,2025,1,86.3943435,99.0,60,55
4116,411691710,LOPENS,2025,1,87.4032298,99.0,60,55
4116,411691710,TFWS,2025,1,20.7106482,99.0,60,55
4116,411699710,GOPENH,2025,1,86.713982,99.0,60,55
4116,411699710,LOPENS,2025,1,87.265016,99.0,60,55
4116,411699710,TFWS,2025,1,32.0852596,99.0,60,55
4118,411824510,TFWS,2025,1,47.8532423,99.0,60,55
4118,411824510,EWS,2025,1,48.1318449,99.0,60,55
4123,412300210,GOPENH,2025,1,78.8262695,99.0,60,55
4123,412300210,LOPENS,2025,1,81.4271094,99.0,60,55
4123,412300210,TFWS,2025,1,13.5482364,99.0,60,55
4123,412308210,GOPENH,2025,1,97.3004258,99.0,60,55
4123,412308210,LOPENS,2025,1,98.1321107,99.0,60,55
4123,412308210,TFWS,2025,1,23.214079,99.0,60,55
4123,412319110,GOPENH,2025,1,72.0373703,99.0,60,55
4123,412319110,LOPENS,2025,1,73.0237189,99.0,60,55
4123,412319110,TFWS,2025,1,10.9696342,99.0,60,55
4123,412324210,GOPENH,2025,1,87.2636301,99.0,60,55
4123,412324210,LOPENS,2025,1,88.0941637,99.0,60,55
4123,412324210,TFWS,2025,1,62.8386652,99.0,60,55
4123,412324610,GOPENH,2025,1,85.3469357,99.0,60,55
4123,412324610,LOPENS,2025,1,85.9765355,99.0,60,55
4123,412324610,TFWS,2025,1,41.5554243,99.0,60,55
4123,412325110,GOPENH,2025,1,83.3956241,99.0,60,55
4123,412325110,LOPENS,2025,1,84.3786315,99.0,60,55
4123,412325110,TFWS,2025,1,25.0611389,99.0,60,55
4123,412326510,GOPENH,2025,1,78.699881,99.0,60,55
4123,412326510,LOPENS,2025,1,80.4944215,99.0,60,55
4123,412326510,TFWS,2025,1,7.0846022,99.0,60,55
4123,412326610,GOPENH,2025,1,83.1481862,99.0,60,55
4123,412326610,LOPENS,2025,1,83.9561363,99.0,60,55
4123,412326610,TFWS,2025,1,25.6909658,99.0,60,55
4123,412329310,GOPENH,2025,1,75.4489132,99.0,60,55
4123,412329310,LOPENS,2025,1,77.7140658,99.0,60,55
4123,412329310,TFWS,2025,1,11.1503744,99.0,60,55
4123,412337010,GOPENH,2025,1,77.9589871,99.0,60,55
4123,412337010,LOPENS,2025,1,78.8983322,99.0,60,55
4123,412337010,TFWS,2025,1,6.539247,99.0,60,55
4123,412337210,GOPENH,2025,1,81.4271094,99.0,60,55
4123,412337210,LOPENS,2025,1,82.9459739,99.0,60,55
4123,412337210,TFWS,2025,1,0.2870244,99.0,60,55
4123,412350710,GOPENH,2025,1,79.3766715,99.0,60,55
4123,412350710,LOPENS,2025,1,83.1950716,99.0,60,55
4123,412350710,TFWS,2025,1,51.7178644,99.0,60,55
4123,412361210,GOPENH,2025,1,74.8088122,99.0,60,55
4123,412361210,LOPENS,2025,1,71.7479911,99.0,60,55
4123,412361210,TFWS,2025,1,3.2677709,99.0,60,55
4123,412399510,GOPENH,2025,1,84.4790806,99.0,60,55
4123,412399510,LOPENS,2025,1,85.65358,99.0,60,55
4123,412399510,TFWS,2025,1,48.6512524,99.0,60,55
4133,413319110,GOPENH,2025,1,38.6749482,99.0,60,55
4133,413319110,GSCNH,2025,1,27.0109031,99.0,60,55
4133,413319110,GVJS,2025,1,25.8055428,99.0,60,55
4133,413319110,GNT1S,2025,1,36.6388387,99.0,60,55
4133,413319110,GNT2S,2025,1,27.8805461,99.0,60,55
4133,413319110,GOBCNH,2025,1,33.9583652,99.0,60,55
4133,413319110,GSEBCS,2025,1,31.2469386,99.0,60,55
4133,413319110,LOPENS,2025,1,39.4647165,99.0,60,55
4133,413319110,LSCS,2025,1,22.1683213,99.0,60,55
4133,413319110,LOBCS,2025,1,35.508346,99.0,60,55
4133,413319110,PWDOPENS,2025,1,56.5182885,99.0,60,55
4133,413319110,TFWS,2025,1,49.6322266,99.0,60,55
4133,413324210,GOPENH,2025,1,71.5917775,99.0,60,55
4133,413324210,GSCNH,2025,1,65.8087807,99.0,60,55
4133,413324210,GSTNH,2025,1,7.3823833,99.0,60,55
4133,413324210,GVJS,2025,1,55.7277177,99.0,60,55
4133,413324210,GOBCNH,2025,1,68.2993965,99.0,60,55
4133,413324210,GSEBCS,2025,1,22.5386607,99.0,60,55
4133,413324210,LOPENS,2025,1,71.9146758,99.0,60,55
4133,413324210,LSCS,2025,1,66.4794206,99.0,60,55
4133,413324210,LSTS,2025,1,54.96898,99.0,60,55
4133,413324210,LNT1S,2025,1,63.4876968,99.0,60,55
4133,413324210,LNT2S,2025,1,56.2435713,99.0,60,55
4133,413324210,LNT3S,2025,1,68.2993965,99.0,60,55
4133,413324210,LOBCS,2025,1,64.1499185,99.0,60,55
4133,413324210,LSEBCS,2025,1,73.2908824,99.0,60,55
4133,413324210,TFWS,2025,1,9.1242549,99.0,60,55
4133,413324210,EWS,2025,1,30.647462,99.0,60,55
4133,413324510,GOPENH,2025,1,60.6803919,99.0,60,55
4133,413324510,GSCNH,2025,1,53.864934,99.0,60,55
4133,413324510,GNT1S,2025,1,57.8274425,99.0,60,55
4133,413324510,GNT2S,2025,1,45.9819894,99.0,60,55
4133,413324510,GOBCNH,2025,1,58.1324148,99.0,60,55
4133,413324510,GSEBCS,2025,1,22.6197993,99.0,60,55
4133,413324510,LOPENS,2025,1,65.4837825,99.0,60,55
4133,413324510,LSCS,2025,1,55.7703505,99.0,60,55
4133,413324510,LVJS,2025,1,61.9042106,99.0,60,55
4133,413324510,LOBCS,2025,1,57.8685189,99.0,60,55
4133,413324510,TFWS,2025,1,14.8254817,99.0,60,55
4133,413324510,EWS,2025,1,42.6120917,99.0,60,55
4133,413329310,GOPENH,2025,1,46.0219719,99.0,60,55
4133,413329310,GSCNH,2025,1,35.5990164,99.0,60,55
4133,413329310,GSTNH,2025,1,11.6326387,99.0,60,55
4133,413329310,GVJS,2025,1,29.2374051,99.0,60,55
4133,413329310,GNT1S,2025,1,45.9819894,99.0,60,55
4133,413329310,GNT2S,2025,1,22.27398,99.0,60,55
4133,413329310,GOBCNH,2025,1,43.1236655,99.0,60,55
4133,413329310,LOPENS,2025,1,48.8664194,99.0,60,55
4133,413329310,LSCS,2025,1,36.6299371,99.0,60,55
4133,413329310,LVJS,2025,1,5.1774267,99.0,60,55
4133,413329310,LOBCS,2025,1,48.6512524,99.0,60,55
4133,413329310,TFWS,2025,1,37.5813241,99.0,60,55
4133,413337210,GOPENH,2025,1,55.3743463,99.0,60,55
4133,413337210,GSCNH,2025,1,44.3667268,99.0,60,55
4133,413337210,GVJS,2025,1,32.5421636,99.0,60,55
4133,413337210,GNT1S,2025,1,48.6512524,99.0,60,55
4133,413337210,GNT2S,2025,1,53.7903103,99.0,60,55
4133,413337210,GOBCNH,2025,1,50.5512969,99.0,60,55
4133,413337210,LOPENS,2025,1,58.4262318,99.0,60,55
4133,413337210,LSCS,2025,1,45.035095,99.0,60,55
4133,413337210,LNT2S,2025,1,57.5392085,99.0,60,55
4133,413337210,LOBCS,2025,1,50.5512969,99.0,60,55
4133,413337210,TFWS,2025,1,56.6825649,99.0,60,55
4133,413361210,GOPENH,2025,1,44.3215833,99.0,60,55
4133,413361210,GSCNH,2025,1,31.8317161,99.0,60,55
4133,413361210,GVJS,2025,1,15.7457927,99.0,60,55
4133,413361210,GNT1S,2025,1,22.0653604,99.0,60,55
4133,413361210,GOBCNH,2025,1,37.5813241,99.0,60,55
4133,413361210,LOPENS,2025,1,36.8722261,99.0,60,55
4133,413361210,LSCS,2025,1,33.8928203,99.0,60,55
4133,413361210,LVJS,2025,1,32.5248195,99.0,60,55
4133,413361210,LNT1S,2025,1,35.508346,99.0,60,55
4133,413361210,LNT2S,2025,1,37.9825825,99.0,60,55
4133,413361210,LOBCS,2025,1,15.353984,99.0,60,55
4133,413361210,TFWS,2025,1,38.2037534,99.0,60,55
4133,413399510,GOPENH,2025,1,60.5539527,99.0,60,55
4133,413399510,GSCNH,2025,1,50.9743237,99.0,60,55
4133,413399510,GVJS,2025,1,37.5813241,99.0,60,55
4133,413399510,GNT1S,2025,1,49.6322266,99.0,60,55
4133,413399510,GNT2S,2025,1,9.2097999,99.0,60,55
4133,413399510,GOBCNH,2025,1,57.4188806,99.0,60,55
4133,413399510,LOPENS,2025,1,69.7766245,99.0,60,55
4133,413399510,LSCS,2025,1,52.1652563,99.0,60,55
4133,413399510,LOBCS,2025,1,61.5912113,99.0,60,55
4133,413399510,TFWS,2025,1,65.1648234,99.0,60,55
4133,413399510,EWS,2025,1,25.0523784,99.0,60,55
4134,413424210,TFWS,2025,1,77.0914416,99.0,60,55
4134,413424210,EWS,2025,1,19.5229257,99.0,60,55
4134,413437210,TFWS,2025,1,61.8012422,99.0,60,55
4134,413437210,EWS,2025,1,61.2830506,99.0,60,55
4134,413491210,TFWS,2025,1,71.1330463,99.0,60,55
4134,413491210,EWS,2025,1,66.0913492,99.0,60,55
4134,413499710,TFWS,2025,1,73.676029,99.0,60,55
4134,413499710,EWS,2025,1,27.84396,99.0,60,55
4135,413519110,GOPENH,2025,1,45.1152324,99.0,60,55
4135,413519110,GSCNH,2025,1,24.3359483,99.0,60,55
4135,413519110,GSTNH,2025,1,11.0148558,99.0,60,55
4135,413519110,GVJS,2025,1,36.6299371,99.0,60,55
4135,413519110,GNT1S,2025,1,41.7943409,99.0,60,55
4135,413519110,GOBCNH,2025,1,35.8612172,99.0,60,55
4135,413519110,GSEBCS,2025,1,41.7129534,99.0,60,55
4135,413519110,LOPENS,2025,1,34.2796407,99.0,60,55
4135,413519110,LSCS,2025,1,18.4565842,99.0,60,55
4135,413519110,LNT1S,2025,1,31.4943887,99.0,60,55
4135,413519110,LOBCS,2025,1,31.8317161,99.0,60,55
4135,413519110,TFWS,2025,1,45.6611497,99.0,60,55
4135,413519110,EWS,2025,1,21.5368309,99.0,60,55
4135,413524210,GOPENH,2025,1,52.1496391,99.0,60,55
4135,413524210,GSCNH,2025,1,41.0952232,99.0,60,55
4135,413524210,GVJS,2025,1,46.2039046,99.0,60,55
4135,413524210,GNT1S,2025,1,34.0437095,99.0,60,55
4135,413524210,GNT2S,2025,1,23.214079,99.0,60,55
4135,413524210,GNT3S,2025,1,7.5810904,99.0,60,55
4135,413524210,GOBCNH,2025,1,44.6087422,99.0,60,55
4135,413524210,GSEBCS,2025,1,45.4941917,99.0,60,55
4135,413524210,LOPENS,2025,1,59.2124434,99.0,60,55
4135,413524210,LSCS,2025,1,54.9832594,99.0,60,55
4135,413524210,LVJS,2025,1,41.3533547,99.0,60,55
4135,413524210,LOBCS,2025,1,52.1652563,99.0,60,55
4135,413524210,TFWS,2025,1,58.1924692,99.0,60,55
4135,413524610,GOPENH,2025,1,47.4563898,99.0,60,55
4135,413524610,GSCNH,2025,1,38.0901752,99.0,60,55
4135,413524610,GVJS,2025,1,41.1906024,99.0,60,55
4135,413524610,GNT2S,2025,1,21.3588155,99.0,60,55
4135,413524610,GOBCNH,2025,1,44.1521083,99.0,60,55
4135,413524610,GSEBCS,2025,1,39.9385666,99.0,60,55
4135,413524610,LOPENS,2025,1,53.1999725,99.0,60,55
4135,413524610,LSCS,2025,1,49.8699585,99.0,60,55
4135,413524610,LNT1S,2025,1,35.5990164,99.0,60,55
4135,413524610,LOBCS,2025,1,50.184431,99.0,60,55
4135,413524610,TFWS,2025,1,53.1999725,99.0,60,55
4135,413524610,EWS,2025,1,38.9526061,99.0,60,55
4135,413529310,GOPENH,2025,1,52.1585439,99.0,60,55
4135,413529310,GSCNH,2025,1,29.2374051,99.0,60,55
4135,413529310,GSTNH,2025,1,11.1244146,99.0,60,55
4135,413529310,GNT1S,2025,1,35.5420211,99.0,60,55
4135,413529310,GNT3S,2025,1,36.1833289,99.0,60,55
4135,413529310,GOBCNH,2025,1,43.1094862,99.0,60,55
4135,413529310,LOPENS,2025,1,36.6388387,99.0,60,55
4135,413529310,LSCS,2025,1,27.84396,99.0,60,55
4135,413529310,LVJS,2025,1,20.9233553,99.0,60,55
4135,413529310,LNT2S,2025,1,34.4790806,99.0,60,55
4135,413529310,LOBCS,2025,1,30.378919,99.0,60,55
4135,413529310,TFWS,2025,1,15.2676469,99.0,60,55
4135,413537210,GOPENH,2025,1,48.1265004,99.0,60,55
4135,413537210,GSCNH,2025,1,26.2353347,99.0,60,55
4135,413537210,GSTNH,2025,1,26.2353347,99.0,60,55
4135,413537210,GVJS,2025,1,13.5260767,99.0,60,55
4135,413537210,GNT1S,2025,1,46.9424901,99.0,60,55
4135,413537210,GOBCNH,2025,1,39.4647165,99.0,60,55
4135,413537210,LOPENS,2025,1,54.96898,99.0,60,55
4135,413537210,LSCS,2025,1,23.7839084,99.0,60,55
4135,413537210,LOBCS,2025,1,49.1097752,99.0,60,55
4135,413537210,LSEBCS,2025,1,46.7838981,99.0,60,55
4135,413537210,TFWS,2025,1,41.7129534,99.0,60,55
4135,413537210,EWS,2025,1,36.6299371,99.0,60,55
4135,413561210,GOPENH,2025,1,45.035095,99.0,60,55
4135,413561210,GSCNH,2025,1,27.5667492,99.0,60,55
4135,413561210,GSTNH,2025,1,14.4618704,99.0,60,55
4135,413561210,GNT1S,2025,1,35.8191126,99.0,60,55
4135,413561210,GOBCNH,2025,1,37.5813241,99.0,60,55
4135,413561210,LOPENS,2025,1,34.8005502,99.0,60,55
4135,413561210,LSCS,2025,1,28.7221654,99.0,60,55
4135,413561210,LNT1S,2025,1,19.9986005,99.0,60,55
4135,413561210,LOBCS,2025,1,31.8464164,99.0,60,55
4135,413561210,DEFOPENS,2025,1,11.0099135,99.0,60,55
4135,413561210,TFWS,2025,1,26.2353347,99.0,60,55
4135,413591210,GOPENH,2025,1,49.0487536,99.0,60,55
4135,413591210,GSCNH,2025,1,30.6903413,99.0,60,55
4135,413591210,GSTNH,2025,1,32.4603175,99.0,60,55
4135,413591210,GVJS,2025,1,38.0740533,99.0,60,55
4135,413591210,GNT1S,2025,1,41.7129534,99.0,60,55
4135,413591210,GNT2S,2025,1,19.0169976,99.0,60,55
4135,413591210,GOBCNH,2025,1,40.6688911,99.0,60,55
4135,413591210,LOPENS,2025,1,52.1191375,99.0,60,55
4135,413591210,LSCS,2025,1,34.2796407,99.0,60,55
4135,413591210,LVJS,2025,1,11.1503744,99.0,60,55
4135,413591210,LNT1S,2025,1,45.1152324,99.0,60,55
4135,413591210,LNT2S,2025,1,48.6512524,99.0,60,55
4135,413591210,LOBCS,2025,1,41.7943409,99.0,60,55
4135,413591210,DEFOPENS,2025,1,1.6464705,99.0,60,55
4135,413591210,TFWS,2025,1,36.7116245,99.0,60,55
4135,413591210,EWS,2025,1,14.1484544,99.0,60,55
4135,413592110,GOPENH,2025,1,51.5429844,99.0,60,55
4135,413592110,GSCNH,2025,1,43.578754,99.0,60,55
4135,413592110,GSTNH,2025,1,49.1097752,99.0,60,55
4135,413592110,GVJS,2025,1,40.4162412,99.0,60,55
4135,413592110,GNT1S,2025,1,25.4578819,99.0,60,55
4135,413592110,GOBCNH,2025,1,40.4599724,99.0,60,55
4135,413592110,LOPENS,2025,1,60.1814551,99.0,60,55
4135,413592110,LSCS,2025,1,36.6299371,99.0,60,55
4135,413592110,LVJS,2025,1,54.873582,99.0,60,55
4135,413592110,LNT3S,2025,1,27.6982865,99.0,60,55
4135,413592110,LOBCS,2025,1,52.6909021,99.0,60,55
4135,413592110,DEFOPENS,2025,1,37.0257103,99.0,60,55
4135,413592110,TFWS,2025,1,36.8722261,99.0,60,55
4137,413724210,GOPENH,2025,1,81.5923479,99.0,60,55
4137,413724210,LOPENS,2025,1,83.769652,99.0,60,55
4137,413724210,TFWS,2025,1,9.2107074,99.0,60,55
4137,413724610,GOPENH,2025,1,77.7384664,99.0,60,55
4137,413724610,LOPENS,2025,1,78.8983322,99.0,60,55
4137,413724610,TFWS,2025,1,20.4073236,99.0,60,55
4137,413729310,GOPENH,2025,1,69.8418157,99.0,60,55
4137,413729310,LOPENS,2025,1,70.0706138,99.0,60,55
4137,413729310,TFWS,2025,1,46.7128425,99.0,60,55
4137,413737210,GOPENH,2025,1,76.3324995,99.0,60,55
4137,413737210,LOPENS,2025,1,77.583794,99.0,60,55
4137,413737210,TFWS,2025,1,8.9252211,99.0,60,55
4137,413761210,GOPENH,2025,1,68.6498934,99.0,60,55
4137,413761210,LOPENS,2025,1,67.2980865,99.0,60,55
4137,413761210,TFWS,2025,1,11.1244146,99.0,60,55
4137,413791110,GOPENH,2025,1,81.1271398,99.0,60,55
4137,413791110,LOPENS,2025,1,80.1749582,99.0,60,55
4137,413791110,TFWS,2025,1,10.7179688,99.0,60,55
4137,413791210,GOPENH,2025,1,76.973775,99.0,60,55
4137,413791210,LOPENS,2025,1,78.3451044,99.0,60,55
4137,413791210,TFWS,2025,1,59.2443064,99.0,60,55
4138,413819110,GOPENH,2025,1,63.4757967,99.0,60,55
4138,413819110,LOPENS,2025,1,60.9157012,99.0,60,55
4138,413819110,TFWS,2025,1,57.502776,99.0,60,55
4138,413824210,GOPENH,2025,1,73.7754477,99.0,60,55
4138,413824210,LOPENS,2025,1,76.6993653,99.0,60,55
4138,413824210,TFWS,2025,1,20.9880869,99.0,60,55
4138,413824610,GOPENH,2025,1,66.1911263,99.0,60,55
4138,413824610,LOPENS,2025,1,68.5042436,99.0,60,55
4138,413824610,TFWS,2025,1,9.5804392,99.0,60,55
4138,413826010,GOPENH,2025,1,62.5282864,99.0,60,55
4138,413826010,LOPENS,2025,1,66.1311211,99.0,60,55
4138,413826010,TFWS,2025,1,46.2039046,99.0,60,55
4138,413829310,GOPENH,2025,1,61.7346759,99.0,60,55
4138,413829310,LOPENS,2025,1,64.4305882,99.0,60,55
4138,413829310,TFWS,2025,1,29.2374051,99.0,60,55
4138,413837210,GOPENH,2025,1,65.4076693,99.0,60,55
4138,413837210,LOPENS,2025,1,66.8147184,99.0,60,55
4138,413837210,TFWS,2025,1,28.6606658,99.0,60,55
4138,413861210,GOPENH,2025,1,60.9758938,99.0,60,55
4138,413861210,LOPENS,2025,1,60.9157012,99.0,60,55
4138,413861210,TFWS,2025,1,47.8532423,99.0,60,55
4138,413891210,GOPENH,2025,1,59.3625359,99.0,60,55
4138,413891210,LOPENS,2025,1,61.9042106,99.0,60,55
4138,413891210,TFWS,2025,1,4.3088389,99.0,60,55
4138,413899710,GOPENH,2025,1,63.2367632,99.0,60,55
4138,413899710,LOPENS,2025,1,68.2993965,99.0,60,55
4138,413899710,TFWS,2025,1,1.887991,99.0,60,55
4139,413924210,GOPENH,2025,1,72.6740126,99.0,60,55
4139,413924210,LOPENS,2025,1,75.4489132,99.0,60,55
4139,413924210,TFWS,2025,1,13.6469615,99.0,60,55
4139,413929310,GOPENH,2025,1,57.9680585,99.0,60,55
4139,413929310,LOPENS,2025,1,58.1324148,99.0,60,55
4139,413929310,TFWS,2025,1,59.5017065,99.0,60,55
4139,413961210,GOPENH,2025,1,55.4914407,99.0,60,55
4139,413961210,LOPENS,2025,1,52.1496391,99.0,60,55
4139,413961210,TFWS,2025,1,68.1448034,99.0,60,55
4139,413984410,GOPENH,2025,1,59.5017065,99.0,60,55
4139,413984410,LOPENS,2025,1,62.5282864,99.0,60,55
4139,413984410,TFWS,2025,1,60.5843098,99.0,60,55
4139,413991110,GOPENH,2025,1,65.814611,99.0,60,55
4139,413991110,LOPENS,2025,1,70.6970324,99.0,60,55
4139,413991110,TFWS,2025,1,12.9330578,99.0,60,55
4139,413992510,GOPENH,2025,1,65.9070599,99.0,60,55
4139,413992510,LOPENS,2025,1,70.4858678,99.0,60,55
4139,413992510,TFWS,2025,1,26.166493,99.0,60,55
4141,414119110,EWS,2025,1,42.1633326,99.0,60,55
4142,414219110,GOPENH,2025,1,76.6993653,99.0,60,55
4142,414219110,LOPENS,2025,1,75.9743237,99.0,60,55
4142,414219110,TFWS,2025,1,9.5733084,99.0,60,55
4142,414224210,GOPENH,2025,1,88.4226013,99.0,60,55
4142,414224210,LOPENS,2025,1,89.5272602,99.0,60,55
4142,414224210,TFWS,2025,1,31.8317161,99.0,60,55
4142,414224610,GOPENH,2025,1,88.1060139,99.0,60,55
4142,414224610,LOPENS,2025,1,88.1060139,99.0,60,55
4142,414224610,TFWS,2025,1,2.7586734,99.0,60,55
4142,414229310,GOPENH,2025,1,78.5981492,99.0,60,55
4142,414229310,LOPENS,2025,1,78.733317,99.0,60,55
4142,414229310,TFWS,2025,1,20.4040793,99.0,60,55
4142,414237210,GOPENH,2025,1,85.3954204,99.0,60,55
4142,414237210,LOPENS,2025,1,86.5796724,99.0,60,55
4142,414237210,TFWS,2025,1,2.21843,99.0,60,55
4142,414261210,GOPENH,2025,1,77.9589871,99.0,60,55
4142,414261210,LOPENS,2025,1,73.9021728,99.0,60,55
4142,414261210,TFWS,2025,1,0.1411582,99.0,60,55
4142,414291010,GOPENH,2025,1,86.3032893,99.0,60,55
4142,414291010,LOPENS,2025,1,88.1120509,99.0,60,55
4142,414291010,TFWS,2025,1,20.4040793,99.0,60,55
4142,414291710,GOPENH,2025,1,84.4412567,99.0,60,55
4142,414291710,LOPENS,2025,1,84.7804686,99.0,60,55
4142,414291710,TFWS,2025,1,11.5809928,99.0,60,55
4142,414299710,GOPENH,2025,1,84.4651484,99.0,60,55
4142,414299710,LOPENS,2025,1,85.3230758,99.0,60,55
4142,414299710,TFWS,2025,1,7.8474707,99.0,60,55
4143,414319110,GOPENH,2025,1,45.457039,99.0,60,55
4143,414319110,GSCNH,2025,1,19.5229257,99.0,60,55
4143,414319110,GVJS,2025,1,11.420728,99.0,60,55
4143,414319110,GOBCNH,2025,1,22.1854696,99.0,60,55
4143,414319110,LOPENS,2025,1,10.9251779,99.0,60,55
4143,414319110,LOBCS,2025,1,59.0801845,99.0,60,55
4143,414319110,TFWS,2025,1,11.6326387,99.0,60,55
4143,414324210,GOPENH,2025,1,63.5901214,99.0,60,55
4143,414324210,GSCNH,2025,1,52.6909021,99.0,60,55
4143,414324210,GSTNH,2025,1,19.9986005,99.0,60,55
4143,414324210,GOBCNH,2025,1,53.8067479,99.0,60,55
4143,414324210,LOPENS,2025,1,76.3286018,99.0,60,55
4143,414324210,LSCS,2025,1,72.5330927,99.0,60,55
4143,414324210,LVJS,2025,1,68.6031011,99.0,60,55
4143,414324210,LOBCS,2025,1,47.8219396,99.0,60,55
4143,414324210,TFWS,2025,1,63.4757967,99.0,60,55
4143,414324210,EWS,2025,1,49.2473035,99.0,60,55
4143,414324510,GOPENH,2025,1,18.3800623,99.0,60,55
4143,414324510,GSCNH,2025,1,4.7246286,99.0,60,55
4143,414324510,GOBCNH,2025,1,3.5388008,99.0,60,55
4143,414324510,LOPENS,2025,1,20.9290709,99.0,60,55
4143,414324510,LSCS,2025,1,5.2389769,99.0,60,55
4143,414324510,LSTS,2025,1,18.4565842,99.0,60,55
4143,414324510,LOBCS,2025,1,14.8254817,99.0,60,55
4143,414324510,TFWS,2025,1,8.5124544,99.0,60,55
4143,414329310,GOPENH,2025,1,48.401775,99.0,60,55
4143,414329310,GSCNH,2025,1,11.420728,99.0,60,55
4143,414329310,GSTNH,2025,1,18.0880939,99.0,60,55
4143,414329310,GNT1S,2025,1,23.5136803,99.0,60,55
4143,414329310,GOBCNH,2025,1,25.8055428,99.0,60,55
4143,414329310,LOPENS,2025,1,49.2473035,99.0,60,55
4143,414329310,LSCS,2025,1,22.8294494,99.0,60,55
4143,414329310,LNT1S,2025,1,27.0109031,99.0,60,55
4143,414329310,LOBCS,2025,1,27.147084,99.0,60,55
4143,414329310,EWS,2025,1,4.0175987,99.0,60,55
4143,414337210,GOPENH,2025,1,18.1365898,99.0,60,55
4143,414337210,GSCNH,2025,1,7.3590096,99.0,60,55
4143,414337210,LOPENS,2025,1,25.2895608,99.0,60,55
4143,414337210,LSCS,2025,1,6.3481229,99.0,60,55
4143,414337210,LOBCS,2025,1,5.9771774,99.0,60,55
4143,414337210,TFWS,2025,1,31.0015898,99.0,60,55
4143,414337210,EWS,2025,1,43.2614932,99.0,60,55
4143,414361210,GOPENH,2025,1,30.1917921,99.0,60,55
4143,414361210,GSTNH,2025,1,1.7465122,99.0,60,55
4143,414361210,GOBCNH,2025,1,20.9078498,99.0,60,55
4143,414361210,LOPENS,2025,1,22.1683213,99.0,60,55
4143,414361210,LNT1S,2025,1,8.3041898,99.0,60,55
4143,414361210,LOBCS,2025,1,22.1683213,99.0,60,55
4143,414361210,EWS,2025,1,14.8254817,99.0,60,55
4143,414399510,GOPENH,2025,1,47.7838912,99.0,60,55
4143,414399510,GSCNH,2025,1,16.8122355,99.0,60,55
4143,414399510,GOBCNH,2025,1,39.4647165,99.0,60,55
4143,414399510,LOPENS,2025,1,53.1999725,99.0,60,55
4143,414399510,LSCS,2025,1,32.7909025,99.0,60,55
4143,414399510,LSTS,2025,1,13.0221818,99.0,60,55
4143,414399510,LOBCS,2025,1,41.7943409,99.0,60,55
4144,414424210,DEFOPENS,2025,1,20.9290709,99.0,60,55
4144,414424210,TFWS,2025,1,69.8303637,99.0,60,55
4144,414424210,EWS,2025,1,36.8722261,99.0,60,55
4144,414424610,TFWS,2025,1,68.0484125,99.0,60,55
4144,414424610,EWS,2025,1,13.1401169,99.0,60,55
4144,414461210,TFWS,2025,1,60.1814551,99.0,60,55
4144,414461210,EWS,2025,1,30.9042114,99.0,60,55
4145,414519110,GOPENH,2025,1,51.2488599,99.0,60,55
4145,414519110,GSCNH,2025,1,41.7129534,99.0,60,55
4145,414519110,GSTNH,2025,1,14.1268505,99.0,60,55
4145,414519110,GVJS,2025,1,49.8699585,99.0,60,55
4145,414519110,GNT1S,2025,1,44.586183,99.0,60,55
4145,414519110,GNT2S,2025,1,9.2097999,99.0,60,55
4145,414519110,GOBCNH,2025,1,45.4941917,99.0,60,55
4145,414519110,GSEBCS,2025,1,24.78221,99.0,60,55
4145,414519110,LOPENS,2025,1,51.2488599,99.0,60,55
4145,414519110,LSCS,2025,1,32.6058557,99.0,60,55
4145,414519110,LSTS,2025,1,23.5097171,99.0,60,55
4145,414519110,LNT1S,2025,1,5.6520055,99.0,60,55
4145,414519110,LOBCS,2025,1,45.8934793,99.0,60,55
4145,414519110,LSEBCS,2025,1,48.1265004,99.0,60,55
4145,414519110,TFWS,2025,1,57.6578681,99.0,60,55
4145,414519110,EWS,2025,1,1.7581888,99.0,60,55
4145,414524210,GOPENH,2025,1,68.6031011,99.0,60,55
4145,414524210,GSCNH,2025,1,61.9398096,99.0,60,55
4145,414524210,GSTNH,2025,1,13.1614654,99.0,60,55
4145,414524210,GVJS,2025,1,59.5017065,99.0,60,55
4145,414524210,GNT1S,2025,1,62.5282864,99.0,60,55
4145,414524210,GNT2S,2025,1,47.8532423,99.0,60,55
4145,414524210,GNT3S,2025,1,61.9042106,99.0,60,55
4145,414524210,GOBCNH,2025,1,65.2933256,99.0,60,55
4145,414524210,GSEBCS,2025,1,20.7039337,99.0,60,55
4145,414524210,LOPENS,2025,1,72.9249982,99.0,60,55
4145,414524210,LSCS,2025,1,69.1748413,99.0,60,55
4145,414524210,LSTS,2025,1,28.7105475,99.0,60,55
4145,414524210,LVJS,2025,1,72.8027463,99.0,60,55
4145,414524210,LNT1S,2025,1,72.5330927,99.0,60,55
4145,414524210,LNT2S,2025,1,52.1496391,99.0,60,55
4145,414524210,LNT3S,2025,1,47.8398896,99.0,60,55
4145,414524210,LOBCS,2025,1,69.0271267,99.0,60,55
4145,414524210,LSEBCS,2025,1,15.4472393,99.0,60,55
4145,414524210,TFWS,2025,1,72.1871837,99.0,60,55
4145,414524210,EWS,2025,1,6.0242354,99.0,60,55
4145,414529310,GOPENH,2025,1,53.7903103,99.0,60,55
4145,414529310,GSCNH,2025,1,43.2614932,99.0,60,55
4145,414529310,GNT1S,2025,1,46.728217,99.0,60,55
4145,414529310,GNT2S,2025,1,2.0427881,99.0,60,55
4145,414529310,GOBCNH,2025,1,49.8699585,99.0,60,55
4145,414529310,GSEBCS,2025,1,15.8646734,99.0,60,55
4145,414529310,LOPENS,2025,1,53.8067479,99.0,60,55
4145,414529310,LSCS,2025,1,49.1668381,99.0,60,55
4145,414529310,LVJS,2025,1,25.2991393,99.0,60,55
4145,414529310,LOBCS,2025,1,49.9737275,99.0,60,55
4145,414529310,TFWS,2025,1,54.2626684,99.0,60,55
4145,414537210,GOPENH,2025,1,61.114444,99.0,60,55
4145,414537210,GSCNH,2025,1,52.1256716,99.0,60,55
4145,414537210,GVJS,2025,1,47.4563898,99.0,60,55
4145,414537210,GNT1S,2025,1,47.8219396,99.0,60,55
4145,414537210,GOBCNH,2025,1,58.9637781,99.0,60,55
4145,414537210,GSEBCS,2025,1,47.4563898,99.0,60,55
4145,414537210,LOPENS,2025,1,66.1311211,99.0,60,55
4145,414537210,LSCS,2025,1,52.1496391,99.0,60,55
4145,414537210,LNT2S,2025,1,43.2064159,99.0,60,55
4145,414537210,LNT3S,2025,1,62.6016833,99.0,60,55
4145,414537210,LOBCS,2025,1,59.8130199,99.0,60,55
4145,414537210,TFWS,2025,1,24.0353914,99.0,60,55
4145,414537210,EWS,2025,1,56.6825649,99.0,60,55
4145,414561210,GOPENH,2025,1,52.1652563,99.0,60,55
4145,414561210,GSCNH,2025,1,40.4681495,99.0,60,55
4145,414561210,GSTNH,2025,1,28.6606658,99.0,60,55
4145,414561210,GNT1S,2025,1,46.9424901,99.0,60,55
4145,414561210,GNT2S,2025,1,23.9884494,99.0,60,55
4145,414561210,GNT3S,2025,1,47.8755661,99.0,60,55
4145,414561210,GOBCNH,2025,1,48.8548541,99.0,60,55
4145,414561210,GSEBCS,2025,1,32.5421636,99.0,60,55
4145,414561210,LOPENS,2025,1,52.7200757,99.0,60,55
4145,414561210,LSCS,2025,1,51.0139791,99.0,60,55
4145,414561210,LVJS,2025,1,44.3667268,99.0,60,55
4145,414561210,LNT1S,2025,1,20.9054033,99.0,60,55
4145,414561210,LOBCS,2025,1,49.1668381,99.0,60,55
4145,414561210,TFWS,2025,1,55.7542662,99.0,60,55
4145,414591110,GOPENH,2025,1,62.6016833,99.0,60,55
4145,414591110,GSCNH,2025,1,59.5017065,99.0,60,55
4145,414591110,GVJS,2025,1,53.7405107,99.0,60,55
4145,414591110,GNT1S,2025,1,60.6803919,99.0,60,55
4145,414591110,GNT3S,2025,1,52.9701068,99.0,60,55
4145,414591110,GOBCNH,2025,1,60.1814551,99.0,60,55
4145,414591110,LOPENS,2025,1,71.4785529,99.0,60,55
4145,414591110,LSCS,2025,1,60.9157012,99.0,60,55
4145,414591110,LNT2S,2025,1,53.8067479,99.0,60,55
4145,414591110,LOBCS,2025,1,63.9397326,99.0,60,55
4145,414591110,LSEBCS,2025,1,25.6909658,99.0,60,55
4145,414591110,TFWS,2025,1,64.1499185,99.0,60,55
4145,414591110,EWS,2025,1,43.7064846,99.0,60,55
4145,414599510,GOPENH,2025,1,59.7703364,99.0,60,55
4145,414599510,GSCNH,2025,1,55.3743463,99.0,60,55
4145,414599510,GSTNH,2025,1,24.093066,99.0,60,55
4145,414599510,GVJS,2025,1,46.4953181,99.0,60,55
4145,414599510,GNT1S,2025,1,52.9701068,99.0,60,55
4145,414599510,GNT2S,2025,1,36.7116245,99.0,60,55
4145,414599510,GOBCNH,2025,1,57.502776,99.0,60,55
4145,414599510,LOPENS,2025,1,68.063194,99.0,60,55
4145,414599510,LSCS,2025,1,59.4665021,99.0,60,55
4145,414599510,LSTS,2025,1,10.7179688,99.0,60,55
4145,414599510,LVJS,2025,1,55.2387338,99.0,60,55
4145,414599510,LNT1S,2025,1,56.2435713,99.0,60,55
4145,414599510,LNT2S,2025,1,44.1521083,99.0,60,55
4145,414599510,LOBCS,2025,1,63.552865,99.0,60,55
4145,414599510,LSEBCS,2025,1,32.4603175,99.0,60,55
4145,414599510,TFWS,2025,1,65.4837825,99.0,60,55
4147,414719110,GOPENH,2025,1,69.8303637,99.0,60,55
4147,414719110,GSCNH,2025,1,63.8128892,99.0,60,55
4147,414719110,GSTNH,2025,1,41.7129534,99.0,60,55
4147,414719110,GVJS,2025,1,67.3538592,99.0,60,55
4147,414719110,GNT1S,2025,1,69.7621466,99.0,60,55
4147,414719110,GNT2S,2025,1,55.2387338,99.0,60,55
4147,414719110,GNT3S,2025,1,51.2488599,99.0,60,55
4147,414719110,GOBCNH,2025,1,65.6313822,99.0,60,55
4147,414719110,GSEBCS,2025,1,22.5386607,99.0,60,55
4147,414719110,LOPENS,2025,1,68.1448034,99.0,60,55
4147,414719110,LSCS,2025,1,65.9070599,99.0,60,55
4147,414719110,LSTS,2025,1,31.4943887,99.0,60,55
4147,414719110,LVJS,2025,1,60.5843098,99.0,60,55
4147,414719110,LNT1S,2025,1,63.5303851,99.0,60,55
4147,414719110,LNT2S,2025,1,55.6597249,99.0,60,55
4147,414719110,LOBCS,2025,1,64.7164682,99.0,60,55
4147,414719110,TFWS,2025,1,68.7336094,99.0,60,55
4147,414719110,EWS,2025,1,19.0169976,99.0,60,55
4147,414724210,GOPENH,2025,1,82.8318522,99.0,60,55
4147,414724210,GSCNH,2025,1,79.3794141,99.0,60,55
4147,414724210,GSTNH,2025,1,64.1499185,99.0,60,55
4147,414724210,GVJS,2025,1,77.741426,99.0,60,55
4147,414724210,GNT1S,2025,1,78.4699621,99.0,60,55
4147,414724210,GNT2S,2025,1,76.973775,99.0,60,55
4147,414724210,GNT3S,2025,1,77.540946,99.0,60,55
4147,414724210,GOBCNH,2025,1,81.3283933,99.0,60,55
4147,414724210,GSEBCS,2025,1,71.9146758,99.0,60,55
4147,414724210,LOPENS,2025,1,84.3786315,99.0,60,55
4147,414724210,LSCS,2025,1,83.8560469,99.0,60,55
4147,414724210,LSTS,2025,1,74.0786749,99.0,60,55
4147,414724210,LVJS,2025,1,79.8369603,99.0,60,55
4147,414724210,LNT1S,2025,1,80.1766472,99.0,60,55
4147,414724210,LNT2S,2025,1,80.7055032,99.0,60,55
4147,414724210,LNT3S,2025,1,79.3766715,99.0,60,55
4147,414724210,LOBCS,2025,1,82.7018873,99.0,60,55
4147,414724210,LSEBCS,2025,1,71.0421393,99.0,60,55
4147,414724210,PWDOPENS,2025,1,28.9974428,99.0,60,55
4147,414724210,PWDOBCS,2025,1,34.1022162,99.0,60,55
4147,414724210,DEFOPENS,2025,1,60.4816409,99.0,60,55
4147,414724210,DEFOBCS,2025,1,57.8274425,99.0,60,55
4147,414724210,TFWS,2025,1,84.9389417,99.0,60,55
4147,414724210,DEFROBCS,2025,1,46.7838981,99.0,60,55
4147,414724210,EWS,2025,1,32.5248195,99.0,60,55
4147,414724610,GOPENH,2025,1,80.1749582,99.0,60,55
4147,414724610,GSCNH,2025,1,77.741426,99.0,60,55
4147,414724610,GSTNH,2025,1,61.579051,99.0,60,55
4147,414724610,GVJS,2025,1,75.2331528,99.0,60,55
4147,414724610,GNT1S,2025,1,78.1913582,99.0,60,55
4147,414724610,GNT2S,2025,1,73.6510161,99.0,60,55
4147,414724610,GOBCNH,2025,1,78.9956692,99.0,60,55
4147,414724610,GSEBCS,2025,1,68.6031011,99.0,60,55
4147,414724610,LOPENS,2025,1,80.7035589,99.0,60,55
4147,414724610,LSCS,2025,1,78.1913582,99.0,60,55
4147,414724610,LSTS,2025,1,71.4377156,99.0,60,55
4147,414724610,LVJS,2025,1,78.7121389,99.0,60,55
4147,414724610,LNT2S,2025,1,72.5330927,99.0,60,55
4147,414724610,LOBCS,2025,1,80.5383458,99.0,60,55
4147,414724610,LSEBCS,2025,1,70.3402566,99.0,60,55
4147,414724610,PWDOPENS,2025,1,24.7436032,99.0,60,55
4147,414724610,DEFOPENS,2025,1,36.6414088,99.0,60,55
4147,414724610,TFWS,2025,1,83.0532651,99.0,60,55
4147,414724610,EWS,2025,1,55.7703505,99.0,60,55
4147,414729310,GOPENH,2025,1,69.8418157,99.0,60,55
4147,414729310,GSCNH,2025,1,68.6717464,99.0,60,55
4147,414729310,GSTNH,2025,1,37.2122315,99.0,60,55
4147,414729310,GVJS,2025,1,60.5843098,99.0,60,55
4147,414729310,GNT1S,2025,1,68.9409579,99.0,60,55
4147,414729310,GNT2S,2025,1,60.9758938,99.0,60,55
4147,414729310,GNT3S,2025,1,54.7674174,99.0,60,55
4147,414729310,GOBCNH,2025,1,68.9346395,99.0,60,55
4147,414729310,GSEBCS,2025,1,50.8385093,99.0,60,55
4147,414729310,LOPENS,2025,1,72.9249982,99.0,60,55
4147,414729310,LSCS,2025,1,65.1648234,99.0,60,55
4147,414729310,LSTS,2025,1,33.0737389,99.0,60,55
4147,414729310,LNT1S,2025,1,63.9535342,99.0,60,55
4147,414729310,LNT2S,2025,1,67.500481,99.0,60,55
4147,414729310,LNT3S,2025,1,55.319298,99.0,60,55
4147,414729310,LOBCS,2025,1,70.3901803,99.0,60,55
4147,414729310,LSEBCS,2025,1,3.4519915,99.0,60,55
4147,414729310,TFWS,2025,1,74.0786749,99.0,60,55
4147,414729310,EWS,2025,1,23.426501,99.0,60,55
4147,414737210,GOPENH,2025,1,75.8548894,99.0,60,55
4147,414737210,GSCNH,2025,1,72.8027463,99.0,60,55
4147,414737210,GSTNH,2025,1,34.8005502,99.0,60,55
4147,414737210,GVJS,2025,1,71.4377156,99.0,60,55
4147,414737210,GNT1S,2025,1,71.5917775,99.0,60,55
4147,414737210,GNT2S,2025,1,71.4377156,99.0,60,55
4147,414737210,GNT3S,2025,1,62.6016833,99.0,60,55
4147,414737210,GOBCNH,2025,1,74.8210845,99.0,60,55
4147,414737210,GSEBCS,2025,1,49.9737275,99.0,60,55
4147,414737210,LOPENS,2025,1,77.8890571,99.0,60,55
4147,414737210,LSCS,2025,1,75.4755316,99.0,60,55
4147,414737210,LSTS,2025,1,28.3220209,99.0,60,55
4147,414737210,LVJS,2025,1,72.0373703,99.0,60,55
4147,414737210,LNT2S,2025,1,73.2908824,99.0,60,55
4147,414737210,LOBCS,2025,1,76.4346337,99.0,60,55
4147,414737210,LSEBCS,2025,1,41.6288192,99.0,60,55
4147,414737210,PWDOPENS,2025,1,8.5124544,99.0,60,55
4147,414737210,DEFOPENS,2025,1,72.5022286,99.0,60,55
4147,414737210,TFWS,2025,1,76.973775,99.0,60,55
4147,414737210,EWS,2025,1,20.7039337,99.0,60,55
4147,414761210,GOPENH,2025,1,71.7660957,99.0,60,55
4147,414761210,GSCNH,2025,1,65.6313822,99.0,60,55
4147,414761210,GSTNH,2025,1,41.153186,99.0,60,55
4147,414761210,GNT2S,2025,1,58.3262891,99.0,60,55
4147,414761210,GOBCNH,2025,1,68.8065641,99.0,60,55
4147,414761210,GSEBCS,2025,1,43.7064846,99.0,60,55
4147,414761210,LOPENS,2025,1,70.4097117,99.0,60,55
4147,414761210,LSCS,2025,1,64.5293156,99.0,60,55
4147,414761210,LSTS,2025,1,57.4188806,99.0,60,55
4147,414761210,LVJS,2025,1,65.4837825,99.0,60,55
4147,414761210,LNT1S,2025,1,68.78733,99.0,60,55
4147,414761210,LNT3S,2025,1,55.7703505,99.0,60,55
4147,414761210,LOBCS,2025,1,33.7141758,99.0,60,55
4147,414761210,LSEBCS,2025,1,72.9916849,99.0,60,55
4147,414761210,DEFOPENS,2025,1,14.7883959,99.0,60,55
4147,414761210,TFWS,2025,1,15.7373377,99.0,60,55
4147,414761210,EWS,2025,1,31.3655815,99.0,60,55
4147,414799510,GOPENH,2025,1,79.8369603,99.0,60,55
4147,414799510,GSCNH,2025,1,78.0162614,99.0,60,55
4147,414799510,GSTNH,2025,1,56.92563,99.0,60,55
4147,414799510,GVJS,2025,1,73.3356624,99.0,60,55
4147,414799510,GNT1S,2025,1,79.4663048,99.0,60,55
4147,414799510,GNT2S,2025,1,79.4793202,99.0,60,55
4147,414799510,GNT3S,2025,1,74.8112584,99.0,60,55
4147,414799510,GOBCNH,2025,1,78.9956692,99.0,60,55
4147,414799510,GSEBCS,2025,1,71.0421393,99.0,60,55
4147,414799510,LOPENS,2025,1,82.1648735,99.0,60,55
4147,414799510,LSCS,2025,1,77.7384664,99.0,60,55
4147,414799510,LSTS,2025,1,60.6803919,99.0,60,55
4147,414799510,LNT2S,2025,1,69.8506426,99.0,60,55
4147,414799510,LOBCS,2025,1,80.1749582,99.0,60,55
4147,414799510,LSEBCS,2025,1,74.9893249,99.0,60,55
4147,414799510,PWDOPENS,2025,1,52.4918222,99.0,60,55
4147,414799510,DEFOPENS,2025,1,63.4876968,99.0,60,55
4147,414799510,DEFOBCS,2025,1,66.8147184,99.0,60,55
4147,414799510,TFWS,2025,1,80.1766472,99.0,60,55
4147,414799510,DEFRNT1S,2025,1,29.7556282,99.0,60,55
4147,414799510,EWS,2025,1,21.0617426,99.0,60,55
4151,415100210,GOPENH,2025,1,65.8087807,99.0,60,55
4151,415100210,GSCNH,2025,1,54.1426021,99.0,60,55
4151,415100210,GSTNH,2025,1,53.864934,99.0,60,55
4151,415100210,GVJS,2025,1,58.1150221,99.0,60,55
4151,415100210,GNT1S,2025,1,52.6909021,99.0,60,55
4151,415100210,GNT2S,2025,1,39.966573,99.0,60,55
4151,415100210,GNT3S,2025,1,60.6803919,99.0,60,55
4151,415100210,GOBCNH,2025,1,61.2830506,99.0,60,55
4151,415100210,GSEBCS,2025,1,52.6909021,99.0,60,55
4151,415100210,LOPENS,2025,1,71.4864246,99.0,60,55
4151,415100210,LSCS,2025,1,61.7346759,99.0,60,55
4151,415100210,LVJS,2025,1,62.9339383,99.0,60,55
4151,415100210,LNT1S,2025,1,71.1330463,99.0,60,55
4151,415100210,LNT2S,2025,1,8.6529978,99.0,60,55
4151,415100210,LNT3S,2025,1,66.7193141,99.0,60,55
4151,415100210,LOBCS,2025,1,67.3167917,99.0,60,55
4151,415100210,TFWS,2025,1,61.2510322,99.0,60,55
4151,415100210,EWS,2025,1,30.191544,99.0,60,55
4151,415108210,GOPENH,2025,1,95.6384016,99.0,60,55
4151,415108210,GSCNH,2025,1,94.2622611,99.0,60,55
4151,415108210,GSTNH,2025,1,78.4654182,99.0,60,55
4151,415108210,GVJS,2025,1,90.768849,99.0,60,55
4151,415108210,GNT1S,2025,1,87.7304671,99.0,60,55
4151,415108210,GNT2S,2025,1,93.1306816,99.0,60,55
4151,415108210,GNT3S,2025,1,93.9393939,99.0,60,55
4151,415108210,GOBCNH,2025,1,94.9033848,99.0,60,55
4151,415108210,GSEBCS,2025,1,92.6105095,99.0,60,55
4151,415108210,LOPENS,2025,1,96.8051794,99.0,60,55
4151,415108210,LSCS,2025,1,94.9191781,99.0,60,55
4151,415108210,LSTS,2025,1,93.6391083,99.0,60,55
4151,415108210,LVJS,2025,1,96.0137545,99.0,60,55
4151,415108210,LOBCS,2025,1,96.1430343,99.0,60,55
4151,415108210,LSEBCS,2025,1,94.6427812,99.0,60,55
4151,415108210,PWDOPENS,2025,1,61.6431124,99.0,60,55
4151,415108210,DEFOPENS,2025,1,94.8183761,99.0,60,55
4151,415108210,DEFOBCS,2025,1,89.5103721,99.0,60,55
4151,415108210,TFWS,2025,1,96.6238347,99.0,60,55
4151,415108210,EWS,2025,1,9.1673381,99.0,60,55
4151,415119110,GOPENH,2025,1,54.873582,99.0,60,55
4151,415119110,GSCNH,2025,1,42.6120917,99.0,60,55
4151,415119110,GSTNH,2025,1,12.9330578,99.0,60,55
4151,415119110,GVJS,2025,1,48.8548541,99.0,60,55
4151,415119110,GNT1S,2025,1,38.726658,99.0,60,55
4151,415119110,GNT2S,2025,1,20.9880869,99.0,60,55
4151,415119110,GNT3S,2025,1,42.3488094,99.0,60,55
4151,415119110,GOBCNH,2025,1,48.5585273,99.0,60,55
4151,415119110,GSEBCS,2025,1,25.0611389,99.0,60,55
4151,415119110,LOPENS,2025,1,55.4743121,99.0,60,55
4151,415119110,LSCS,2025,1,47.7548586,99.0,60,55
4151,415119110,LSTS,2025,1,34.0437095,99.0,60,55
4151,415119110,LVJS,2025,1,25.0523784,99.0,60,55
4151,415119110,LNT1S,2025,1,43.723793,99.0,60,55
4151,415119110,LNT2S,2025,1,38.6749482,99.0,60,55
4151,415119110,LOBCS,2025,1,50.8385093,99.0,60,55
4151,415119110,PWDOPENS,2025,1,51.8020478,99.0,60,55
4151,415119110,TFWS,2025,1,61.2510322,99.0,60,55
4151,415124210,GOPENH,2025,1,74.2209832,99.0,60,55
4151,415124210,GSCNH,2025,1,69.4641016,99.0,60,55
4151,415124210,GSTNH,2025,1,32.5248195,99.0,60,55
4151,415124210,GVJS,2025,1,67.931377,99.0,60,55
4151,415124210,GNT1S,2025,1,71.2894525,99.0,60,55
4151,415124210,GNT2S,2025,1,67.9203695,99.0,60,55
4151,415124210,GNT3S,2025,1,62.3077731,99.0,60,55
4151,415124210,GOBCNH,2025,1,72.3753397,99.0,60,55
4151,415124210,GSEBCS,2025,1,50.184431,99.0,60,55
4151,415124210,LOPENS,2025,1,78.7121389,99.0,60,55
4151,415124210,LSCS,2025,1,71.4864246,99.0,60,55
4151,415124210,LSTS,2025,1,46.9424901,99.0,60,55
4151,415124210,LVJS,2025,1,63.5035466,99.0,60,55
4151,415124210,LNT1S,2025,1,76.468112,99.0,60,55
4151,415124210,LNT2S,2025,1,72.9249982,99.0,60,55
4151,415124210,LNT3S,2025,1,66.0625569,99.0,60,55
4151,415124210,LOBCS,2025,1,75.8548894,99.0,60,55
4151,415124210,LSEBCS,2025,1,57.5477401,99.0,60,55
4151,415124210,PWDOPENS,2025,1,13.0294287,99.0,60,55
4151,415124210,DEFOPENS,2025,1,6.8673857,99.0,60,55
4151,415124210,TFWS,2025,1,76.5032413,99.0,60,55
4151,415124210,PWDRSTS,2025,1,0.7902001,99.0,60,55
4151,415124210,EWS,2025,1,23.5746832,99.0,60,55
4151,415124610,GOPENH,2025,1,67.3538592,99.0,60,55
4151,415124610,GSCNH,2025,1,63.4876968,99.0,60,55
4151,415124610,GSTNH,2025,1,3.3604779,99.0,60,55
4151,415124610,GVJS,2025,1,60.7556304,99.0,60,55
4151,415124610,GNT1S,2025,1,60.7556304,99.0,60,55
4151,415124610,GNT2S,2025,1,60.7556304,99.0,60,55
4151,415124610,GNT3S,2025,1,32.4603175,99.0,60,55
4151,415124610,GOBCNH,2025,1,65.9070599,99.0,60,55
4151,415124610,GSEBCS,2025,1,4.2388251,99.0,60,55
4151,415124610,LOPENS,2025,1,72.0373703,99.0,60,55
4151,415124610,LSCS,2025,1,66.2459959,99.0,60,55
4151,415124610,LSTS,2025,1,19.7268589,99.0,60,55
4151,415124610,LVJS,2025,1,62.2946352,99.0,60,55
4151,415124610,LNT1S,2025,1,60.9157012,99.0,60,55
4151,415124610,LNT2S,2025,1,60.9758938,99.0,60,55
4151,415124610,LOBCS,2025,1,68.6254044,99.0,60,55
4151,415124610,LSEBCS,2025,1,39.4647165,99.0,60,55
4151,415124610,TFWS,2025,1,67.967082,99.0,60,55
4151,415124610,EWS,2025,1,6.1626304,99.0,60,55
4151,415129310,GOPENH,2025,1,56.5580532,99.0,60,55
4151,415129310,GSCNH,2025,1,44.6246246,99.0,60,55
4151,415129310,GSTNH,2025,1,1.6286875,99.0,60,55
4151,415129310,GVJS,2025,1,52.8560653,99.0,60,55
4151,415129310,GNT1S,2025,1,49.1668381,99.0,60,55
4151,415129310,GNT2S,2025,1,40.1861311,99.0,60,55
4151,415129310,GOBCNH,2025,1,52.0988164,99.0,60,55
4151,415129310,LOPENS,2025,1,61.8012422,99.0,60,55
4151,415129310,LSCS,2025,1,46.4953181,99.0,60,55
4151,415129310,LSTS,2025,1,7.8474707,99.0,60,55
4151,415129310,LVJS,2025,1,29.41486,99.0,60,55
4151,415129310,LNT2S,2025,1,49.1097752,99.0,60,55
4151,415129310,LNT3S,2025,1,40.1861311,99.0,60,55
4151,415129310,LOBCS,2025,1,58.4262318,99.0,60,55
4151,415129310,LSEBCS,2025,1,11.0148558,99.0,60,55
4151,415129310,TFWS,2025,1,60.7738415,99.0,60,55
4151,415129310,EWS,2025,1,39.9867632,99.0,60,55
4151,415137010,GOPENH,2025,1,55.2387338,99.0,60,55
4151,415137010,GSCNH,2025,1,47.7838912,99.0,60,55
4151,415137010,GSTNH,2025,1,18.2769061,99.0,60,55
4151,415137010,GVJS,2025,1,38.2278771,99.0,60,55
4151,415137010,GNT1S,2025,1,51.0139791,99.0,60,55
4151,415137010,GNT2S,2025,1,23.9884494,99.0,60,55
4151,415137010,GOBCNH,2025,1,52.7016685,99.0,60,55
4151,415137010,LOPENS,2025,1,57.8685189,99.0,60,55
4151,415137010,LSCS,2025,1,50.8920685,99.0,60,55
4151,415137010,LVJS,2025,1,11.5809928,99.0,60,55
4151,415137010,LNT1S,2025,1,46.3536656,99.0,60,55
4151,415137010,LNT2S,2025,1,26.591875,99.0,60,55
4151,415137010,LOBCS,2025,1,54.1426021,99.0,60,55
4151,415137010,TFWS,2025,1,63.0171253,99.0,60,55
4151,415137010,EWS,2025,1,32.6058557,99.0,60,55
4151,415161210,GOPENH,2025,1,59.2124434,99.0,60,55
4151,415161210,GSCNH,2025,1,49.1668381,99.0,60,55
4151,415161210,GSTNH,2025,1,37.1881218,99.0,60,55
4151,415161210,GVJS,2025,1,49.0487536,99.0,60,55
4151,415161210,GNT1S,2025,1,43.0034494,99.0,60,55
4151,415161210,GNT2S,2025,1,38.0901752,99.0,60,55
4151,415161210,GOBCNH,2025,1,55.3743463,99.0,60,55
4151,415161210,GSEBCS,2025,1,17.7299217,99.0,60,55
4151,415161210,LOPENS,2025,1,55.3743463,99.0,60,55
4151,415161210,LSCS,2025,1,39.9385666,99.0,60,55
4151,415161210,LVJS,2025,1,31.3655815,99.0,60,55
4151,415161210,LNT1S,2025,1,39.1300992,99.0,60,55
4151,415161210,LNT2S,2025,1,50.8385093,99.0,60,55
4151,415161210,LOBCS,2025,1,49.8699585,99.0,60,55
4151,415161210,LSEBCS,2025,1,9.1242549,99.0,60,55
4151,415161210,PWDOPENS,2025,1,56.2435713,99.0,60,55
4151,415161210,TFWS,2025,1,62.9339383,99.0,60,55
4151,415161210,EWS,2025,1,14.9547816,99.0,60,55
4151,415190010,GOPENH,2025,1,55.7703505,99.0,60,55
4151,415190010,GSCNH,2025,1,47.8398896,99.0,60,55
4151,415190010,GVJS,2025,1,52.1058919,99.0,60,55
4151,415190010,GNT1S,2025,1,47.8219396,99.0,60,55
4151,415190010,GNT2S,2025,1,23.9884494,99.0,60,55
4151,415190010,GOBCNH,2025,1,54.1426021,99.0,60,55
4151,415190010,LOPENS,2025,1,61.114444,99.0,60,55
4151,415190010,LSCS,2025,1,49.2473035,99.0,60,55
4151,415190010,LOBCS,2025,1,59.0801845,99.0,60,55
4151,415190010,TFWS,2025,1,60.9157012,99.0,60,55
4151,415191010,GOPENH,2025,1,70.733113,99.0,60,55
4151,415191010,GSCNH,2025,1,61.9398096,99.0,60,55
4151,415191010,GSTNH,2025,1,66.1911263,99.0,60,55
4151,415191010,GVJS,2025,1,65.6313822,99.0,60,55
4151,415191010,GNT1S,2025,1,64.2198294,99.0,60,55
4151,415191010,GNT2S,2025,1,47.8755661,99.0,60,55
4151,415191010,GNT3S,2025,1,54.9986599,99.0,60,55
4151,415191010,GOBCNH,2025,1,67.458483,99.0,60,55
4151,415191010,GSEBCS,2025,1,34.7351841,99.0,60,55
4151,415191010,LOPENS,2025,1,80.1766472,99.0,60,55
4151,415191010,LSCS,2025,1,64.5293156,99.0,60,55
4151,415191010,LSTS,2025,1,10.0170648,99.0,60,55
4151,415191010,LVJS,2025,1,45.9819894,99.0,60,55
4151,415191010,LNT2S,2025,1,57.8274425,99.0,60,55
4151,415191010,LOBCS,2025,1,77.1955616,99.0,60,55
4151,415191010,TFWS,2025,1,77.9049638,99.0,60,55
4151,415191010,EWS,2025,1,23.214079,99.0,60,55
4151,415191210,GOPENH,2025,1,63.9397326,99.0,60,55
4151,415191210,GSCNH,2025,1,58.4294088,99.0,60,55
4151,415191210,GSTNH,2025,1,5.6725034,99.0,60,55
4151,415191210,GVJS,2025,1,50.8385093,99.0,60,55
4151,415191210,GNT1S,2025,1,57.9680585,99.0,60,55
4151,415191210,GNT2S,2025,1,50.5512969,99.0,60,55
4151,415191210,GOBCNH,2025,1,62.4995214,99.0,60,55
4151,415191210,GSEBCS,2025,1,36.6388387,99.0,60,55
4151,415191210,LOPENS,2025,1,68.1448034,99.0,60,55
4151,415191210,LSCS,2025,1,60.7738415,99.0,60,55
4151,415191210,LSTS,2025,1,7.0846022,99.0,60,55
4151,415191210,LVJS,2025,1,32.7909025,99.0,60,55
4151,415191210,LNT1S,2025,1,62.6016833,99.0,60,55
4151,415191210,LNT2S,2025,1,42.6120917,99.0,60,55
4151,415191210,LOBCS,2025,1,64.1499185,99.0,60,55
4151,415191210,LSEBCS,2025,1,66.4794206,99.0,60,55
4151,415191210,DEFOPENS,2025,1,11.5809928,99.0,60,55
4151,415191210,TFWS,2025,1,66.0956881,99.0,60,55
4151,415191210,EWS,2025,1,2.0950362,99.0,60,55
4151,415192110,GOPENH,2025,1,69.3900327,99.0,60,55
4151,415192110,GSCNH,2025,1,66.4794206,99.0,60,55
4151,415192110,GSTNH,2025,1,9.0555876,99.0,60,55
4151,415192110,GVJS,2025,1,66.1911263,99.0,60,55
4151,415192110,GNT1S,2025,1,65.1614878,99.0,60,55
4151,415192110,GNT2S,2025,1,62.8284912,99.0,60,55
4151,415192110,GNT3S,2025,1,58.1150221,99.0,60,55
4151,415192110,GOBCNH,2025,1,67.1207715,99.0,60,55
4151,415192110,GSEBCS,2025,1,40.4581492,99.0,60,55
4151,415192110,LOPENS,2025,1,76.099588,99.0,60,55
4151,415192110,LSCS,2025,1,68.58833,99.0,60,55
4151,415192110,LVJS,2025,1,64.2926156,99.0,60,55
4151,415192110,LNT1S,2025,1,70.3901803,99.0,60,55
4151,415192110,LNT2S,2025,1,47.7548586,99.0,60,55
4151,415192110,LNT3S,2025,1,73.3356624,99.0,60,55
4151,415192110,LOBCS,2025,1,52.7200757,99.0,60,55
4151,415192110,LSEBCS,2025,1,20.7039337,99.0,60,55
4151,415192110,PWDOPENS,2025,1,72.5793422,99.0,60,55
4151,415192110,TFWS,2025,1,2.161348,99.0,60,55
4151,415192110,EWS,2025,1,55.319298,99.0,60,55
4163,416319110,TFWS,2025,1,44.6246246,99.0,60,55
4163,416319110,EWS,2025,1,38.2037534,99.0,60,55
4163,416324210,TFWS,2025,1,77.2619593,99.0,60,55
4163,416324210,EWS,2025,1,27.147084,99.0,60,55
4163,416329310,TFWS,2025,1,74.8088122,99.0,60,55
4163,416329310,EWS,2025,1,6.103771,99.0,60,55
4163,416361210,TFWS,2025,1,52.7016685,99.0,60,55
4163,416361210,EWS,2025,1,28.7221654,99.0,60,55
4163,416370110,TFWS,2025,1,60.010721,99.0,60,55
4163,416370110,EWS,2025,1,39.9385666,99.0,60,55
4163,416391110,DEFOPENS,2025,1,71.5294662,99.0,60,55
4163,416391110,TFWS,2025,1,70.3901803,99.0,60,55
4163,416391110,EWS,2025,1,32.7909025,99.0,60,55
4163,416391210,TFWS,2025,1,61.2510322,99.0,60,55
4163,416391210,EWS,2025,1,16.7388465,99.0,60,55
4167,416719110,GOPENH,2025,1,85.129786,99.0,60,55
4167,416719110,GSCNH,2025,1,81.9275869,99.0,60,55
4167,416719110,GSTNH,2025,1,58.4294088,99.0,60,55
4167,416719110,GVJS,2025,1,78.0816199,99.0,60,55
4167,416719110,GNT1S,2025,1,83.7431799,99.0,60,55
4167,416719110,GNT2S,2025,1,78.8724264,99.0,60,55
4167,416719110,GNT3S,2025,1,81.2737812,99.0,60,55
4167,416719110,GOBCNH,2025,1,83.73706,99.0,60,55
4167,416719110,GSEBCS,2025,1,71.2894525,99.0,60,55
4167,416719110,LOPENS,2025,1,85.9765355,99.0,60,55
4167,416719110,LSCS,2025,1,82.7018873,99.0,60,55
4167,416719110,LSTS,2025,1,59.5017065,99.0,60,55
4167,416719110,LVJS,2025,1,72.8027463,99.0,60,55
4167,416719110,LNT1S,2025,1,83.4527296,99.0,60,55
4167,416719110,LNT2S,2025,1,83.7986478,99.0,60,55
4167,416719110,LOBCS,2025,1,84.0343736,99.0,60,55
4167,416719110,LSEBCS,2025,1,80.4293972,99.0,60,55
4167,416719110,PWDOPENS,2025,1,26.4190879,99.0,60,55
4167,416719110,PWDOBCS,2025,1,64.087617,99.0,60,55
4167,416719110,DEFOPENS,2025,1,38.0740533,99.0,60,55
4167,416719110,TFWS,2025,1,87.7305257,99.0,60,55
4167,416719110,EWS,2025,1,61.7346759,99.0,60,55
4167,416724210,GOPENH,2025,1,95.6186659,99.0,60,55
4167,416724210,GSCNH,2025,1,92.8362212,99.0,60,55
4167,416724210,GSTNH,2025,1,83.9283276,99.0,60,55
4167,416724210,GVJS,2025,1,91.9103015,99.0,60,55
4167,416724210,GNT1S,2025,1,94.3676533,99.0,60,55
4167,416724210,GNT2S,2025,1,92.2609198,99.0,60,55
4167,416724210,GNT3S,2025,1,93.6866278,99.0,60,55
4167,416724210,GOBCNH,2025,1,95.2142832,99.0,60,55
4167,416724210,GSEBCS,2025,1,93.894198,99.0,60,55
4167,416724210,LOPENS,2025,1,96.0852595,99.0,60,55
4167,416724210,LSCS,2025,1,94.1948569,99.0,60,55
4167,416724210,LSTS,2025,1,86.3943435,99.0,60,55
4167,416724210,LVJS,2025,1,93.6416382,99.0,60,55
4167,416724210,LNT2S,2025,1,95.5773573,99.0,60,55
4167,416724210,LNT3S,2025,1,90.2558184,99.0,60,55
4167,416724210,LOBCS,2025,1,95.7030198,99.0,60,55
4167,416724210,LSEBCS,2025,1,94.0080367,99.0,60,55
4167,416724210,PWDOPENS,2025,1,81.9221888,99.0,60,55
4167,416724210,PWDSCS,2025,1,41.153186,99.0,60,55
4167,416724210,PWDOBCS,2025,1,72.1871837,99.0,60,55
4167,416724210,DEFOPENS,2025,1,87.921673,99.0,60,55
4167,416724210,DEFSCS,2025,1,79.0728986,99.0,60,55
4167,416724210,DEFOBCS,2025,1,82.5187713,99.0,60,55
4167,416724210,DEFSEBCS,2025,1,82.9763421,99.0,60,55
4167,416724210,TFWS,2025,1,96.5817647,99.0,60,55
4167,416724210,PWDROBCS,2025,1,74.112751,99.0,60,55
4167,416724210,DEFROBCS,2025,1,85.0971341,99.0,60,55
4167,416724210,EWS,2025,1,78.3451044,99.0,60,55
4167,416724610,GOPENH,2025,1,93.6416382,99.0,60,55
4167,416724610,GSCNH,2025,1,90.1775065,99.0,60,55
4167,416724610,GSTNH,2025,1,71.7544603,99.0,60,55
4167,416724610,GVJS,2025,1,90.3030767,99.0,60,55
4167,416724610,GNT1S,2025,1,92.8132001,99.0,60,55
4167,416724610,GNT2S,2025,1,90.3271341,99.0,60,55
4167,416724610,GNT3S,2025,1,93.4296473,99.0,60,55
4167,416724610,GOBCNH,2025,1,93.233135,99.0,60,55
4167,416724610,GSEBCS,2025,1,91.3857287,99.0,60,55
4167,416724610,LOPENS,2025,1,94.3099035,99.0,60,55
4167,416724610,LSCS,2025,1,89.935711,99.0,60,55
4167,416724610,LSTS,2025,1,73.2109713,99.0,60,55
4167,416724610,LVJS,2025,1,91.3672693,99.0,60,55
4167,416724610,LNT1S,2025,1,90.9200385,99.0,60,55
4167,416724610,LNT2S,2025,1,91.5329871,99.0,60,55
4167,416724610,LNT3S,2025,1,89.364907,99.0,60,55
4167,416724610,LOBCS,2025,1,93.8303342,99.0,60,55
4167,416724610,LSEBCS,2025,1,90.5012991,99.0,60,55
4167,416724610,PWDOPENS,2025,1,43.578754,99.0,60,55
4167,416724610,PWDSCS,2025,1,43.0034494,99.0,60,55
4167,416724610,PWDOBCS,2025,1,34.8863278,99.0,60,55
4167,416724610,DEFOPENS,2025,1,78.8262695,99.0,60,55
4167,416724610,DEFSCS,2025,1,73.9721817,99.0,60,55
4167,416724610,DEFOBCS,2025,1,75.242318,99.0,60,55
4167,416724610,DEFSEBCS,2025,1,66.1311211,99.0,60,55
4167,416724610,TFWS,2025,1,95.3140382,99.0,60,55
4167,416724610,PWDROBCS,2025,1,15.4623879,99.0,60,55
4167,416724610,DEFRVJS,2025,1,71.5917775,99.0,60,55
4167,416725110,GOPENH,2025,1,92.6363457,99.0,60,55
4167,416725110,GSCNH,2025,1,89.1809567,99.0,60,55
4167,416725110,GSTNH,2025,1,59.5499981,99.0,60,55
4167,416725110,GVJS,2025,1,87.8970321,99.0,60,55
4167,416725110,GNT1S,2025,1,90.8013388,99.0,60,55
4167,416725110,GNT2S,2025,1,90.2925429,99.0,60,55
4167,416725110,GNT3S,2025,1,90.4021551,99.0,60,55
4167,416725110,GOBCNH,2025,1,92.2738405,99.0,60,55
4167,416725110,GSEBCS,2025,1,87.7370373,99.0,60,55
4167,416725110,LOPENS,2025,1,92.8362212,99.0,60,55
4167,416725110,LSCS,2025,1,89.429801,99.0,60,55
4167,416725110,LSTS,2025,1,60.5843098,99.0,60,55
4167,416725110,LVJS,2025,1,87.0771468,99.0,60,55
4167,416725110,LNT1S,2025,1,90.5728815,99.0,60,55
4167,416725110,LNT2S,2025,1,90.0621118,99.0,60,55
4167,416725110,LNT3S,2025,1,87.6160033,99.0,60,55
4167,416725110,LOBCS,2025,1,92.4965846,99.0,60,55
4167,416725110,LSEBCS,2025,1,86.7461997,99.0,60,55
4167,416725110,PWDOPENS,2025,1,43.6669107,99.0,60,55
4167,416725110,PWDSCS,2025,1,1.6499107,99.0,60,55
4167,416725110,DEFOPENS,2025,1,74.6217331,99.0,60,55
4167,416725110,DEFSCS,2025,1,68.0484125,99.0,60,55
4167,416725110,DEFOBCS,2025,1,61.114444,99.0,60,55
4167,416725110,TFWS,2025,1,94.7735192,99.0,60,55
4167,416725110,DEFROBCS,2025,1,72.8027463,99.0,60,55
4167,416725110,EWS,2025,1,64.2926156,99.0,60,55
4167,416725110,EWS,2025,1,88.245893,99.0,60,55
4167,416725710,GOPENH,2025,1,92.0078173,99.0,60,55
4167,416725710,GSCNH,2025,1,88.5780258,99.0,60,55
4167,416725710,GSTNH,2025,1,62.6016833,99.0,60,55
4167,416725710,GVJS,2025,1,86.9322985,99.0,60,55
4167,416725710,GNT2S,2025,1,89.1014047,99.0,60,55
4167,416725710,GNT3S,2025,1,88.0988826,99.0,60,55
4167,416725710,GOBCNH,2025,1,91.8567404,99.0,60,55
4167,416725710,GSEBCS,2025,1,88.4177906,99.0,60,55
4167,416725710,LOPENS,2025,1,92.1789653,99.0,60,55
4167,416725710,LSCS,2025,1,88.8293119,99.0,60,55
4167,416725710,LSTS,2025,1,90.2925429,99.0,60,55
4167,416725710,LNT1S,2025,1,89.1852024,99.0,60,55
4167,416725710,LOBCS,2025,1,92.0068259,99.0,60,55
4167,416725710,LSEBCS,2025,1,89.4497168,99.0,60,55
4167,416725710,PWDOPENS,2025,1,19.4445432,99.0,60,55
4167,416725710,DEFOPENS,2025,1,80.7883659,99.0,60,55
4167,416725710,TFWS,2025,1,94.0675053,99.0,60,55
4167,416725710,DEFROBCS,2025,1,75.110975,99.0,60,55
4167,416725710,EWS,2025,1,87.8605935,99.0,60,55
4167,416726710,GOPENH,2025,1,92.4480361,99.0,60,55
4167,416726710,GSCNH,2025,1,89.2347783,99.0,60,55
4167,416726710,GSTNH,2025,1,63.5035466,99.0,60,55
4167,416726710,GNT1S,2025,1,89.6618256,99.0,60,55
4167,416726710,GNT2S,2025,1,91.3421736,99.0,60,55
4167,416726710,GNT3S,2025,1,88.7357048,99.0,60,55
4167,416726710,GOBCNH,2025,1,92.1517727,99.0,60,55
4167,416726710,GSEBCS,2025,1,88.118041,99.0,60,55
4167,416726710,LOPENS,2025,1,92.8576339,99.0,60,55
4167,416726710,LSCS,2025,1,89.9205793,99.0,60,55
4167,416726710,LVJS,2025,1,86.2729883,99.0,60,55
4167,416726710,LOBCS,2025,1,92.6489748,99.0,60,55
4167,416726710,LSEBCS,2025,1,86.560206,99.0,60,55
4167,416726710,PWDOPENS,2025,1,35.8191126,99.0,60,55
4167,416726710,DEFOPENS,2025,1,68.4225402,99.0,60,55
4167,416726710,TFWS,2025,1,93.4616125,99.0,60,55
4167,416726710,PWDRSCS,2025,1,19.4445432,99.0,60,55
4167,416726710,DEFROBCS,2025,1,50.9743237,99.0,60,55
4167,416726710,EWS,2025,1,86.8832732,99.0,60,55
4167,416735610,GOPENH,2025,1,87.1247638,99.0,60,55
4167,416735610,GSCNH,2025,1,84.4463229,99.0,60,55
4167,416735610,GSTNH,2025,1,45.9819894,99.0,60,55
4167,416735610,GVJS,2025,1,72.3251186,99.0,60,55
4167,416735610,GNT1S,2025,1,81.2524249,99.0,60,55
4167,416735610,GNT2S,2025,1,80.2462012,99.0,60,55
4167,416735610,GNT3S,2025,1,82.8318522,99.0,60,55
4167,416735610,GOBCNH,2025,1,86.3032893,99.0,60,55
4167,416735610,GSEBCS,2025,1,73.2041877,99.0,60,55
4167,416735610,LOPENS,2025,1,87.2152238,99.0,60,55
4167,416735610,LSCS,2025,1,80.3167508,99.0,60,55
4167,416735610,LSTS,2025,1,47.0872596,99.0,60,55
4167,416735610,LVJS,2025,1,81.6705255,99.0,60,55
4167,416735610,LNT1S,2025,1,86.3505412,99.0,60,55
4167,416735610,LNT2S,2025,1,81.9221888,99.0,60,55
4167,416735610,LNT3S,2025,1,79.4663048,99.0,60,55
4167,416735610,LOBCS,2025,1,86.6459627,99.0,60,55
4167,416735610,LSEBCS,2025,1,57.4188806,99.0,60,55
4167,416735610,DEFOPENS,2025,1,57.8274425,99.0,60,55
4167,416735610,DEFOBCS,2025,1,54.7674174,99.0,60,55
4167,416735610,TFWS,2025,1,87.6167151,99.0,60,55
4167,416735610,EWS,2025,1,70.4097117,99.0,60,55
4167,416737210,GOPENH,2025,1,91.7989964,99.0,60,55
4167,416737210,GSCNH,2025,1,88.2603909,99.0,60,55
4167,416737210,GSTNH,2025,1,64.2926156,99.0,60,55
4167,416737210,GVJS,2025,1,85.9212092,99.0,60,55
4167,416737210,GNT1S,2025,1,88.7357048,99.0,60,55
4167,416737210,GNT2S,2025,1,88.5780258,99.0,60,55
4167,416737210,GNT3S,2025,1,86.9322985,99.0,60,55
4167,416737210,GOBCNH,2025,1,91.53248,99.0,60,55
4167,416737210,GSEBCS,2025,1,88.6855305,99.0,60,55
4167,416737210,LOPENS,2025,1,92.5616727,99.0,60,55
4167,416737210,LSCS,2025,1,89.0027605,99.0,60,55
4167,416737210,LSTS,2025,1,63.003413,99.0,60,55
4167,416737210,LVJS,2025,1,87.746137,99.0,60,55
4167,416737210,LNT1S,2025,1,90.4743555,99.0,60,55
4167,416737210,LNT2S,2025,1,88.0866426,99.0,60,55
4167,416737210,LOBCS,2025,1,92.1628997,99.0,60,55
4167,416737210,LSEBCS,2025,1,88.2977496,99.0,60,55
4167,416737210,DEFOPENS,2025,1,78.5981492,99.0,60,55
4167,416737210,DEFSCS,2025,1,61.579051,99.0,60,55
4167,416737210,DEFOBCS,2025,1,70.3402566,99.0,60,55
4167,416737210,DEFSEBCS,2025,1,66.0956881,99.0,60,55
4167,416737210,TFWS,2025,1,93.0903303,99.0,60,55
4167,416737210,DEFROBCS,2025,1,76.3172626,99.0,60,55
4167,416737210,EWS,2025,1,85.21049,99.0,60,55
4167,416737610,GOPENH,2025,1,89.2375447,99.0,60,55
4167,416737610,GSCNH,2025,1,86.2722396,99.0,60,55
4167,416737610,GSTNH,2025,1,52.7200757,99.0,60,55
4167,416737610,GVJS,2025,1,83.1707575,99.0,60,55
4167,416737610,GNT1S,2025,1,81.643697,99.0,60,55
4167,416737610,GNT2S,2025,1,83.769652,99.0,60,55
4167,416737610,GNT3S,2025,1,83.0532651,99.0,60,55
4167,416737610,GOBCNH,2025,1,88.4226013,99.0,60,55
4167,416737610,GSEBCS,2025,1,82.5741649,99.0,60,55
4167,416737610,LOPENS,2025,1,90.1218002,99.0,60,55
4167,416737610,LSCS,2025,1,83.014142,99.0,60,55
4167,416737610,LSTS,2025,1,49.6322266,99.0,60,55
4167,416737610,LNT3S,2025,1,83.1481862,99.0,60,55
4167,416737610,LOBCS,2025,1,89.4962236,99.0,60,55
4167,416737610,LSEBCS,2025,1,83.1030453,99.0,60,55
4167,416737610,DEFOPENS,2025,1,47.8398896,99.0,60,55
4167,416737610,DEFSCS,2025,1,65.8087807,99.0,60,55
4167,416737610,DEFOBCS,2025,1,45.4941917,99.0,60,55
4167,416737610,TFWS,2025,1,91.0135161,99.0,60,55
4167,416737610,EWS,2025,1,75.6280193,99.0,60,55
4167,416737810,GOPENH,2025,1,90.0963693,99.0,60,55
4167,416737810,GSCNH,2025,1,86.3037543,99.0,60,55
4167,416737810,GSTNH,2025,1,52.016058,99.0,60,55
4167,416737810,GVJS,2025,1,85.6921506,99.0,60,55
4167,416737810,GNT2S,2025,1,86.2039517,99.0,60,55
4167,416737810,GNT3S,2025,1,83.6630885,99.0,60,55
4167,416737810,GOBCNH,2025,1,89.364907,99.0,60,55
4167,416737810,GSEBCS,2025,1,86.3482671,99.0,60,55
4167,416737810,LOPENS,2025,1,90.1218002,99.0,60,55
4167,416737810,LSCS,2025,1,85.1996728,99.0,60,55
4167,416737810,LSTS,2025,1,54.96898,99.0,60,55
4167,416737810,LVJS,2025,1,75.4755316,99.0,60,55
4167,416737810,LNT1S,2025,1,80.7035589,99.0,60,55
4167,416737810,LNT2S,2025,1,84.8637817,99.0,60,55
4167,416737810,LOBCS,2025,1,89.5272602,99.0,60,55
4167,416737810,LSEBCS,2025,1,85.819156,99.0,60,55
4167,416737810,PWDOPENS,2025,1,16.8210201,99.0,60,55
4167,416737810,DEFOPENS,2025,1,37.5813241,99.0,60,55
4167,416737810,DEFOBCS,2025,1,63.9535342,99.0,60,55
4167,416737810,TFWS,2025,1,90.651656,99.0,60,55
4167,416737810,DEFROBCS,2025,1,70.6970324,99.0,60,55
4167,416737810,EWS,2025,1,57.5392085,99.0,60,55
4167,416761210,GOPENH,2025,1,87.2593857,99.0,60,55
4167,416761210,GSCNH,2025,1,81.9275869,99.0,60,55
4167,416761210,GSTNH,2025,1,56.6825649,99.0,60,55
4167,416761210,GVJS,2025,1,78.8262695,99.0,60,55
4167,416761210,GNT1S,2025,1,84.0342981,99.0,60,55
4167,416761210,GNT2S,2025,1,82.1268327,99.0,60,55
4167,416761210,GNT3S,2025,1,73.262321,99.0,60,55
4167,416761210,GOBCNH,2025,1,85.5286474,99.0,60,55
4167,416761210,GSEBCS,2025,1,77.8890571,99.0,60,55
4167,416761210,LOPENS,2025,1,85.4732337,99.0,60,55
4167,416761210,LSCS,2025,1,79.9422744,99.0,60,55
4167,416761210,LSTS,2025,1,41.7129534,99.0,60,55
4167,416761210,LVJS,2025,1,71.9146758,99.0,60,55
4167,416761210,LNT2S,2025,1,78.9492107,99.0,60,55
4167,416761210,LNT3S,2025,1,72.9916849,99.0,60,55
4167,416761210,LOBCS,2025,1,84.5857013,99.0,60,55
4167,416761210,LSEBCS,2025,1,65.3107562,99.0,60,55
4167,416761210,DEFOPENS,2025,1,19.7268589,99.0,60,55
4167,416761210,DEFOBCS,2025,1,74.1899324,99.0,60,55
4167,416761210,TFWS,2025,1,89.7957754,99.0,60,55
4167,416761210,EWS,2025,1,70.0706138,99.0,60,55
4167,416791110,GOPENH,2025,1,94.4877916,99.0,60,55
4167,416791110,GSCNH,2025,1,91.4806522,99.0,60,55
4167,416791110,GSTNH,2025,1,68.6254044,99.0,60,55
4167,416791110,GVJS,2025,1,91.2331407,99.0,60,55
4167,416791110,GNT1S,2025,1,91.3435037,99.0,60,55
4167,416791110,GNT2S,2025,1,90.0621118,99.0,60,55
4167,416791110,GNT3S,2025,1,89.1014047,99.0,60,55
4167,416791110,GOBCNH,2025,1,94.2471177,99.0,60,55
4167,416791110,GSEBCS,2025,1,91.3421736,99.0,60,55
4167,416791110,LOPENS,2025,1,95.0750038,99.0,60,55
4167,416791110,LSCS,2025,1,90.5491967,99.0,60,55
4167,416791110,LSTS,2025,1,74.112751,99.0,60,55
4167,416791110,LVJS,2025,1,88.8464637,99.0,60,55
4167,416791110,LNT1S,2025,1,92.6293219,99.0,60,55
4167,416791110,LNT2S,2025,1,89.364907,99.0,60,55
4167,416791110,LOBCS,2025,1,94.7100963,99.0,60,55
4167,416791110,LSEBCS,2025,1,91.8461716,99.0,60,55
4167,416791110,PWDOPENS,2025,1,68.7336094,99.0,60,55
4167,416791110,PWDSCS,2025,1,28.3220209,99.0,60,55
4167,416791110,PWDOBCS,2025,1,27.9569892,99.0,60,55
4167,416791110,DEFOPENS,2025,1,85.3531656,99.0,60,55
4167,416791110,DEFSCS,2025,1,62.9339383,99.0,60,55
4167,416791110,DEFOBCS,2025,1,88.5427828,99.0,60,55
4167,416791110,DEFSEBCS,2025,1,73.9021728,99.0,60,55
4167,416791110,TFWS,2025,1,95.7805094,99.0,60,55
4167,416791110,DEFROBCS,2025,1,82.016548,99.0,60,55
4167,416791110,EWS,2025,1,70.4097117,99.0,60,55
4167,416799510,GOPENH,2025,1,93.4294534,99.0,60,55
4167,416799510,GSCNH,2025,1,90.7025504,99.0,60,55
4167,416799510,GSTNH,2025,1,69.3105802,99.0,60,55
4167,416799510,GVJS,2025,1,88.525902,99.0,60,55
4167,416799510,GNT1S,2025,1,91.1552725,99.0,60,55
4167,416799510,GNT2S,2025,1,89.2656035,99.0,60,55
4167,416799510,GNT3S,2025,1,92.119419,99.0,60,55
4167,416799510,GOBCNH,2025,1,93.0779848,99.0,60,55
4167,416799510,GSEBCS,2025,1,90.0621118,99.0,60,55
4167,416799510,LOPENS,2025,1,94.0032188,99.0,60,55
4167,416799510,LSCS,2025,1,90.5194308,99.0,60,55
4167,416799510,LSTS,2025,1,66.561551,99.0,60,55
4167,416799510,LVJS,2025,1,90.2558184,99.0,60,55
4167,416799510,LNT1S,2025,1,91.2552493,99.0,60,55
4167,416799510,LNT2S,2025,1,89.302917,99.0,60,55
4167,416799510,LNT3S,2025,1,90.0621118,99.0,60,55
4167,416799510,LOBCS,2025,1,93.442623,99.0,60,55
4167,416799510,LSEBCS,2025,1,90.9727817,99.0,60,55
4167,416799510,PWDOPENS,2025,1,65.1614878,99.0,60,55
4167,416799510,PWDSCS,2025,1,27.9000459,99.0,60,55
4167,416799510,PWDOBCS,2025,1,31.3655815,99.0,60,55
4167,416799510,DEFOPENS,2025,1,81.9275869,99.0,60,55
4167,416799510,DEFSCS,2025,1,70.0706138,99.0,60,55
4167,416799510,DEFOBCS,2025,1,77.2143105,99.0,60,55
4167,416799510,DEFSEBCS,2025,1,70.4858678,99.0,60,55
4167,416799510,TFWS,2025,1,94.8861284,99.0,60,55
4167,416799510,PWDRNT1S,2025,1,39.9385666,99.0,60,55
4167,416799510,DEFROBCS,2025,1,77.2289819,99.0,60,55
4167,416799510,EWS,2025,1,88.2603909,99.0,60,55
4174,417419110,GOPENH,2025,1,76.5032413,99.0,60,55
4174,417419110,LOPENS,2025,1,76.973775,99.0,60,55
4174,417419110,TFWS,2025,1,38.9526061,99.0,60,55
4174,417424210,GOPENH,2025,1,90.3271341,99.0,60,55
4174,417424210,LOPENS,2025,1,91.3857287,99.0,60,55
4174,417424210,TFWS,2025,1,18.0880939,99.0,60,55
4174,417424610,GOPENH,2025,1,88.5780258,99.0,60,55
4174,417424610,LOPENS,2025,1,89.8845123,99.0,60,55
4174,417424610,TFWS,2025,1,43.578754,99.0,60,55
4174,417426010,GOPENH,2025,1,86.560206,99.0,60,55
4174,417426010,LOPENS,2025,1,87.2152238,99.0,60,55
4174,417426010,TFWS,2025,1,51.0139791,99.0,60,55
4174,417426210,GOPENH,2025,1,84.7521447,99.0,60,55
4174,417426210,LOPENS,2025,1,85.3230758,99.0,60,55
4174,417426210,TFWS,2025,1,84.4852349,99.0,60,55
4174,417426510,GOPENH,2025,1,80.5383458,99.0,60,55
4174,417426510,LOPENS,2025,1,83.9561363,99.0,60,55
4174,417426510,TFWS,2025,1,81.8599034,99.0,60,55
4174,417426610,GOPENH,2025,1,85.1996728,99.0,60,55
4174,417426610,LOPENS,2025,1,85.4732337,99.0,60,55
4174,417426610,TFWS,2025,1,10.9209283,99.0,60,55
4174,417429310,GOPENH,2025,1,79.3766715,99.0,60,55
4174,417429310,LOPENS,2025,1,81.2365306,99.0,60,55
4174,417429310,TFWS,2025,1,83.3956241,99.0,60,55
4174,417437210,GOPENH,2025,1,85.9765355,99.0,60,55
4174,417437210,LOPENS,2025,1,88.070986,99.0,60,55
4174,417437210,TFWS,2025,1,68.8065641,99.0,60,55
4174,417461210,GOPENH,2025,1,80.0260591,99.0,60,55
4174,417461210,LOPENS,2025,1,78.7121389,99.0,60,55
4174,417461210,TFWS,2025,1,70.4097117,99.0,60,55
4174,417491210,GOPENH,2025,1,87.0084871,99.0,60,55
4174,417491210,LOPENS,2025,1,88.7592898,99.0,60,55
4174,417491210,TFWS,2025,1,46.2039046,99.0,60,55
4174,417499710,GOPENH,2025,1,87.2636301,99.0,60,55
4174,417499710,LOPENS,2025,1,87.5237763,99.0,60,55
4174,417499710,TFWS,2025,1,35.8191126,99.0,60,55
4175,417519110,EWS,2025,1,52.1058919,99.0,60,55
4175,417537210,EWS,2025,1,0.895006,99.0,60,55
4175,417599710,TFWS,2025,1,38.726658,99.0,60,55
4175,417599710,EWS,2025,1,19.5229257,99.0,60,55
4177,417719110,GOPENH,2025,1,65.1648234,99.0,60,55
4177,417719110,LOPENS,2025,1,66.1169676,99.0,60,55
4177,417719110,TFWS,2025,1,13.510622,99.0,60,55
4177,417724210,GOPENH,2025,1,80.5383458,99.0,60,55
4177,417724210,LOPENS,2025,1,81.6705255,99.0,60,55
4177,417724210,TFWS,2025,1,4.4102367,99.0,60,55
4177,417724610,GOPENH,2025,1,80.4992916,99.0,60,55
4177,417724610,LOPENS,2025,1,83.1707575,99.0,60,55
4177,417724610,TFWS,2025,1,10.2014673,99.0,60,55
4177,417729310,GOPENH,2025,1,71.0421393,99.0,60,55
4177,417729310,LOPENS,2025,1,72.8027463,99.0,60,55
4177,417729310,TFWS,2025,1,26.4190879,99.0,60,55
4177,417737010,GOPENH,2025,1,74.2209832,99.0,60,55
4177,417737010,LOPENS,2025,1,74.8210845,99.0,60,55
4177,417737010,TFWS,2025,1,75.1493199,99.0,60,55
4177,417737210,GOPENH,2025,1,78.890785,99.0,60,55
4177,417737210,LOPENS,2025,1,78.9492107,99.0,60,55
4177,417737210,TFWS,2025,1,13.0221818,99.0,60,55
4177,417761210,GOPENH,2025,1,70.8903389,99.0,60,55
4177,417761210,LOPENS,2025,1,70.9390112,99.0,60,55
4177,417761210,TFWS,2025,1,28.9974428,99.0,60,55
4177,417799710,GOPENH,2025,1,81.6127789,99.0,60,55
4177,417799710,LOPENS,2025,1,85.1996728,99.0,60,55
4177,417799710,TFWS,2025,1,8.1379889,99.0,60,55
4181,418119110,TFWS,2025,1,15.1948779,99.0,60,55
4181,418119110,EWS,2025,1,18.1365898,99.0,60,55
4181,418124510,TFWS,2025,1,24.78221,99.0,60,55
4181,418124510,EWS,2025,1,14.6839821,99.0,60,55
4181,418161210,TFWS,2025,1,33.0737389,99.0,60,55
4181,418161210,EWS,2025,1,19.3259851,99.0,60,55
4188,418819110,TFWS,2025,1,13.1538992,99.0,60,55
4188,418819110,EWS,2025,1,16.2056174,99.0,60,55
4188,418824210,TFWS,2025,1,20.4073236,99.0,60,55
4188,418824210,EWS,2025,1,19.3259851,99.0,60,55
4188,418829310,TFWS,2025,1,49.2473035,99.0,60,55
4188,418829310,EWS,2025,1,42.4145111,99.0,60,55
4188,418837210,TFWS,2025,1,43.0034494,99.0,60,55
4188,418837210,EWS,2025,1,8.5124544,99.0,60,55
4188,418850310,DEFOPENS,2025,1,27.5667492,99.0,60,55
4188,418850310,TFWS,2025,1,91.4289353,99.0,60,55
4188,418850310,EWS,2025,1,29.4122187,99.0,60,55
4188,418861210,TFWS,2025,1,6.7769925,99.0,60,55
4188,418861210,EWS,2025,1,9.5479844,99.0,60,55
4190,419019110,EWS,2025,1,21.3588155,99.0,60,55
4190,419024210,TFWS,2025,1,51.7178644,99.0,60,55
4190,419024210,EWS,2025,1,15.2676469,99.0,60,55
4190,419061210,EWS,2025,1,2.2639692,99.0,60,55
4192,419224210,TFWS,2025,1,51.0139791,99.0,60,55
4192,419224210,EWS,2025,1,24.2423208,99.0,60,55
4193,419324210,GOPENH,2025,1,62.8386652,99.0,60,55
4193,419324210,LOPENS,2025,1,63.003413,99.0,60,55
4193,419324210,TFWS,2025,1,60.1814551,99.0,60,55
4193,419329310,GOPENH,2025,1,25.8055428,99.0,60,55
4193,419329310,LOPENS,2025,1,12.2913505,99.0,60,55
4193,419329310,TFWS,2025,1,3.6086025,99.0,60,55
4193,419337010,GOPENH,2025,1,39.199832,99.0,60,55
4193,419337010,LOPENS,2025,1,43.6823105,99.0,60,55
4193,419337010,TFWS,2025,1,2.3258261,99.0,60,55
4193,419361210,GOPENH,2025,1,11.134049,99.0,60,55
4193,419361210,LOPENS,2025,1,5.433669,99.0,60,55
4193,419361210,TFWS,2025,1,17.9468599,99.0,60,55
4193,419391110,GOPENH,2025,1,52.1585439,99.0,60,55
4193,419391110,LOPENS,2025,1,58.4294088,99.0,60,55
4193,419391110,TFWS,2025,1,59.5017065,99.0,60,55
4193,419391210,GOPENH,2025,1,41.153186,99.0,60,55
4193,419391210,LOPENS,2025,1,47.0872596,99.0,60,55
4193,419391210,TFWS,2025,1,78.8724264,99.0,60,55
4196,419619110,GOPENH,2025,1,49.7711098,99.0,60,55
4196,419619110,GSCNH,2025,1,36.6414088,99.0,60,55
4196,419619110,GVJS,2025,1,29.7556282,99.0,60,55
4196,419619110,GNT1S,2025,1,17.7235495,99.0,60,55
4196,419619110,GOBCNH,2025,1,43.0034494,99.0,60,55
4196,419619110,LOPENS,2025,1,52.1585439,99.0,60,55
4196,419619110,LSCS,2025,1,35.508346,99.0,60,55
4196,419619110,LOBCS,2025,1,43.1094862,99.0,60,55
4196,419619110,TFWS,2025,1,58.235114,99.0,60,55
4196,419624210,GOPENH,2025,1,71.1330463,99.0,60,55
4196,419624210,GSCNH,2025,1,62.8284912,99.0,60,55
4196,419624210,GSTNH,2025,1,41.1906024,99.0,60,55
4196,419624210,GNT2S,2025,1,63.5035466,99.0,60,55
4196,419624210,GNT3S,2025,1,69.1748413,99.0,60,55
4196,419624210,GOBCNH,2025,1,69.8418157,99.0,60,55
4196,419624210,GSEBCS,2025,1,63.2367632,99.0,60,55
4196,419624210,LOPENS,2025,1,72.1871837,99.0,60,55
4196,419624210,LSCS,2025,1,65.8087807,99.0,60,55
4196,419624210,LSTS,2025,1,52.1496391,99.0,60,55
4196,419624210,LVJS,2025,1,51.8020478,99.0,60,55
4196,419624210,LNT1S,2025,1,60.070698,99.0,60,55
4196,419624210,LNT2S,2025,1,68.6031011,99.0,60,55
4196,419624210,LOBCS,2025,1,70.8903389,99.0,60,55
4196,419624210,LSEBCS,2025,1,70.733113,99.0,60,55
4196,419624210,PWDOPENS,2025,1,56.6825649,99.0,60,55
4196,419624210,TFWS,2025,1,74.0786749,99.0,60,55
4196,419624210,EWS,2025,1,22.8294494,99.0,60,55
4196,419637210,GOPENH,2025,1,57.8274425,99.0,60,55
4196,419637210,GSCNH,2025,1,44.7174641,99.0,60,55
4196,419637210,GVJS,2025,1,39.1300992,99.0,60,55
4196,419637210,GNT1S,2025,1,55.7542662,99.0,60,55
4196,419637210,GNT2S,2025,1,40.4581492,99.0,60,55
4196,419637210,GOBCNH,2025,1,52.8745002,99.0,60,55
4196,419637210,LOPENS,2025,1,61.2510322,99.0,60,55
4196,419637210,LSCS,2025,1,49.4593034,99.0,60,55
4196,419637210,LOBCS,2025,1,58.1924692,99.0,60,55
4196,419637210,TFWS,2025,1,60.7738415,99.0,60,55
4196,419661210,GOPENH,2025,1,52.7200757,99.0,60,55
4196,419661210,GSCNH,2025,1,45.9819894,99.0,60,55
4196,419661210,GOBCNH,2025,1,48.8664194,99.0,60,55
4196,419661210,LOPENS,2025,1,53.7903103,99.0,60,55
4196,419661210,LSCS,2025,1,34.0389056,99.0,60,55
4196,419661210,LNT2S,2025,1,39.9867632,99.0,60,55
4196,419661210,LOBCS,2025,1,49.1097752,99.0,60,55
4196,419661210,TFWS,2025,1,45.1152324,99.0,60,55
4196,419691010,GOPENH,2025,1,63.4876968,99.0,60,55
4196,419691010,GSCNH,2025,1,54.2626684,99.0,60,55
4196,419691010,GVJS,2025,1,52.1585439,99.0,60,55
4196,419691010,GNT1S,2025,1,59.2443064,99.0,60,55
4196,419691010,GNT2S,2025,1,54.7674174,99.0,60,55
4196,419691010,GOBCNH,2025,1,53.8067479,99.0,60,55
4196,419691010,GSEBCS,2025,1,46.7838981,99.0,60,55
4196,419691010,LOPENS,2025,1,65.3107562,99.0,60,55
4196,419691010,LSCS,2025,1,60.1814551,99.0,60,55
4196,419691010,LVJS,2025,1,52.8560653,99.0,60,55
4196,419691010,LOBCS,2025,1,58.235114,99.0,60,55
4196,419691010,TFWS,2025,1,66.1311211,99.0,60,55
4196,419691210,GOPENH,2025,1,56.5580532,99.0,60,55
4196,419691210,GSCNH,2025,1,49.1097752,99.0,60,55
4196,419691210,GVJS,2025,1,49.1668381,99.0,60,55
4196,419691210,GOBCNH,2025,1,53.7405107,99.0,60,55
4196,419691210,LOPENS,2025,1,59.950946,99.0,60,55
4196,419691210,LSCS,2025,1,46.9424901,99.0,60,55
4196,419691210,LNT1S,2025,1,54.2626684,99.0,60,55
4196,419691210,LOBCS,2025,1,56.2435713,99.0,60,55
4196,419691210,TFWS,2025,1,63.540901,99.0,60,55
4196,419691210,EWS,2025,1,25.6909658,99.0,60,55
4196,419692110,GOPENH,2025,1,65.6970807,99.0,60,55
4196,419692110,GSCNH,2025,1,56.6825649,99.0,60,55
4196,419692110,GSTNH,2025,1,20.7039337,99.0,60,55
4196,419692110,GVJS,2025,1,62.6016833,99.0,60,55
4196,419692110,GNT1S,2025,1,36.1833289,99.0,60,55
4196,419692110,GNT2S,2025,1,57.5477401,99.0,60,55
4196,419692110,GOBCNH,2025,1,62.2946352,99.0,60,55
4196,419692110,GSEBCS,2025,1,31.7722006,99.0,60,55
4196,419692110,LOPENS,2025,1,67.3167917,99.0,60,55
4196,419692110,LSCS,2025,1,61.7346759,99.0,60,55
4196,419692110,LVJS,2025,1,52.4918222,99.0,60,55
4196,419692110,LNT3S,2025,1,46.2039046,99.0,60,55
4196,419692110,LOBCS,2025,1,63.9397326,99.0,60,55
4196,419692110,TFWS,2025,1,71.7479911,99.0,60,55
4196,419692110,EWS,2025,1,37.1379111,99.0,60,55
4197,419724210,TFWS,2025,1,68.58833,99.0,60,55
4197,419724210,EWS,2025,1,18.4565842,99.0,60,55
4302,430224510,TFWS,2025,1,9.5479844,99.0,60,55
4302,430224510,EWS,2025,1,19.7268589,99.0,60,55
4304,430261210,LOPENS,2025,1,90.9200385,99.0,60,55
4304,430261210,LSCS,2025,1,86.099446,99.0,60,55
4304,430261210,LSTS,2025,1,26.4190879,99.0,60,55
4304,430261210,LVJS,2025,1,85.6770225,99.0,60,55
4304,430261210,LNT1S,2025,1,81.9314642,99.0,60,55
4304,430261210,LNT2S,2025,1,81.4271094,99.0,60,55
4304,430261210,LNT3S,2025,1,81.2737812,99.0,60,55
4304,430261210,LOBCS,2025,1,89.0027605,99.0,60,55
4304,430261210,LSEBCS,2025,1,83.1707575,99.0,60,55
4304,430261210,DEFOPENS,2025,1,48.8664194,99.0,60,55
4304,430261210,DEFOBCS,2025,1,39.1300992,99.0,60,55
4304,430261210,TFWS,2025,1,92.9717253,99.0,60,55
4304,430261210,EWS,2025,1,78.5981492,99.0,60,55
4304,430261210,LOPENS,2025,1,86.7461997,99.0,60,55
4304,430261210,LSCS,2025,1,81.4271094,99.0,60,55
4304,430261210,LSTS,2025,1,51.7178644,99.0,60,55
4304,430261210,LVJS,2025,1,57.5477401,99.0,60,55
4304,430261210,LNT1S,2025,1,81.0159708,99.0,60,55
4304,430261210,LNT2S,2025,1,82.5792479,99.0,60,55
4304,430261210,LOBCS,2025,1,85.8946885,99.0,60,55
4304,430261210,LSEBCS,2025,1,74.9818126,99.0,60,55
4304,430261210,DEFOPENS,2025,1,73.676029,99.0,60,55
4304,430261210,TFWS,2025,1,88.070986,99.0,60,55
4304,430261210,DEFROBCS,2025,1,40.4599724,99.0,60,55
4304,430261210,EWS,2025,1,74.4163823,99.0,60,55
4304,430261210,LOPENS,2025,1,78.3451044,99.0,60,55
4304,430261210,LSCS,2025,1,72.9906413,99.0,60,55
4304,430261210,LSTS,2025,1,24.9635504,99.0,60,55
4304,430261210,LVJS,2025,1,66.0956881,99.0,60,55
4304,430261210,LNT1S,2025,1,71.5917775,99.0,60,55
4304,430261210,LNT2S,2025,1,72.0373703,99.0,60,55
4304,430261210,LNT3S,2025,1,67.9621973,99.0,60,55
4304,430261210,LOBCS,2025,1,76.131941,99.0,60,55
4304,430261210,LSEBCS,2025,1,47.0872596,99.0,60,55
4304,430261210,TFWS,2025,1,78.8983322,99.0,60,55
4304,430261210,EWS,2025,1,64.1240022,99.0,60,55
4304,430261210,LOPENS,2025,1,89.5522919,99.0,60,55
4304,430261210,LSCS,2025,1,83.7134808,99.0,60,55
4304,430261210,LSTS,2025,1,52.7016685,99.0,60,55
4304,430261210,LVJS,2025,1,83.7986478,99.0,60,55
4304,430261210,LNT1S,2025,1,86.0314842,99.0,60,55
4304,430261210,LNT2S,2025,1,83.0532651,99.0,60,55
4304,430261210,LNT3S,2025,1,79.6966406,99.0,60,55
4304,430261210,LOBCS,2025,1,88.2977496,99.0,60,55
4304,430261210,LSEBCS,2025,1,74.7351841,99.0,60,55
4304,430261210,DEFOPENS,2025,1,33.9583652,99.0,60,55
4304,430261210,TFWS,2025,1,88.1468922,99.0,60,55
4304,430261210,EWS,2025,1,78.890785,99.0,60,55
4613,461319110,GOPENH,2025,1,55.6597249,99.0,60,55
4613,461319110,GSCNH,2025,1,52.016058,99.0,60,55
4613,461319110,GSTNH,2025,1,20.9233553,99.0,60,55
4613,461319110,GVJS,2025,1,31.0015898,99.0,60,55
4613,461319110,GNT1S,2025,1,44.5569356,99.0,60,55
4613,461319110,GOBCNH,2025,1,52.6909021,99.0,60,55
4613,461319110,GSEBCS,2025,1,3.4375727,99.0,60,55
4613,461319110,LOPENS,2025,1,61.7346759,99.0,60,55
4613,461319110,LSCS,2025,1,55.7277177,99.0,60,55
4613,461319110,LSTS,2025,1,34.0389056,99.0,60,55
4613,461319110,LNT2S,2025,1,60.5118338,99.0,60,55
4613,461319110,LOBCS,2025,1,66.0549811,99.0,60,55
4613,461319110,TFWS,2025,1,16.3855337,99.0,60,55
4613,461319110,EWS,2025,1,17.5512583,99.0,60,55
4613,461324510,GOPENH,2025,1,70.3402566,99.0,60,55
4613,461324510,GSCNH,2025,1,66.4794206,99.0,60,55
4613,461324510,GSTNH,2025,1,15.1948779,99.0,60,55
4613,461324510,GVJS,2025,1,63.4757967,99.0,60,55
4613,461324510,GNT1S,2025,1,67.9621973,99.0,60,55
4613,461324510,GNT2S,2025,1,57.8274425,99.0,60,55
4613,461324510,GNT3S,2025,1,58.1924692,99.0,60,55
4613,461324510,GOBCNH,2025,1,68.6498934,99.0,60,55
4613,461324510,GSEBCS,2025,1,44.1937857,99.0,60,55
4613,461324510,LOPENS,2025,1,74.0786749,99.0,60,55
4613,461324510,LSCS,2025,1,68.6498934,99.0,60,55
4613,461324510,LSTS,2025,1,63.003413,99.0,60,55
4613,461324510,LOBCS,2025,1,71.7479911,99.0,60,55
4613,461324510,LSEBCS,2025,1,63.2367632,99.0,60,55
4613,461324510,TFWS,2025,1,68.0484125,99.0,60,55
4613,461324510,EWS,2025,1,14.6839821,99.0,60,55
4613,461326510,GOPENH,2025,1,59.8130199,99.0,60,55
4613,461326510,GSCNH,2025,1,52.6909021,99.0,60,55
4613,461326510,GOBCNH,2025,1,57.9680585,99.0,60,55
4613,461326510,LOPENS,2025,1,64.1240022,99.0,60,55
4613,461326510,LSCS,2025,1,61.5912113,99.0,60,55
4613,461326510,LVJS,2025,1,14.6900893,99.0,60,55
4613,461326510,LNT1S,2025,1,62.6016833,99.0,60,55
4613,461326510,LOBCS,2025,1,61.114444,99.0,60,55
4613,461326510,TFWS,2025,1,63.5901214,99.0,60,55
4613,461329310,GOPENH,2025,1,56.4419991,99.0,60,55
4613,461329310,GSCNH,2025,1,43.2614932,99.0,60,55
4613,461329310,GSTNH,2025,1,17.7235495,99.0,60,55
4613,461329310,GVJS,2025,1,44.8240166,99.0,60,55
4613,461329310,GNT1S,2025,1,48.401775,99.0,60,55
4613,461329310,GNT2S,2025,1,49.4593034,99.0,60,55
4613,461329310,GOBCNH,2025,1,52.8745002,99.0,60,55
4613,461329310,GSEBCS,2025,1,31.0015898,99.0,60,55
4613,461329310,LOPENS,2025,1,56.5505021,99.0,60,55
4613,461329310,LSCS,2025,1,42.4145111,99.0,60,55
4613,461329310,LNT2S,2025,1,36.6388387,99.0,60,55
4613,461329310,LOBCS,2025,1,54.4258624,99.0,60,55
4613,461329310,TFWS,2025,1,60.268127,99.0,60,55
4613,461329310,EWS,2025,1,45.9819894,99.0,60,55
4613,461337210,GOPENH,2025,1,65.9070599,99.0,60,55
4613,461337210,GSCNH,2025,1,56.5182885,99.0,60,55
4613,461337210,GVJS,2025,1,52.016058,99.0,60,55
4613,461337210,GNT1S,2025,1,65.1614878,99.0,60,55
4613,461337210,GNT2S,2025,1,49.4593034,99.0,60,55
4613,461337210,GOBCNH,2025,1,64.1499185,99.0,60,55
4613,461337210,LOPENS,2025,1,70.4097117,99.0,60,55
4613,461337210,LSCS,2025,1,64.2926156,99.0,60,55
4613,461337210,LVJS,2025,1,33.8928203,99.0,60,55
4613,461337210,LOBCS,2025,1,66.1911263,99.0,60,55
4613,461337210,LSEBCS,2025,1,49.8201439,99.0,60,55
4613,461337210,TFWS,2025,1,66.3432235,99.0,60,55
4613,461361210,GOPENH,2025,1,57.502776,99.0,60,55
4613,461361210,GSCNH,2025,1,44.3215833,99.0,60,55
4613,461361210,GSTNH,2025,1,15.4884768,99.0,60,55
4613,461361210,GVJS,2025,1,51.2488599,99.0,60,55
4613,461361210,GOBCNH,2025,1,55.7277177,99.0,60,55
4613,461361210,LOPENS,2025,1,51.5429844,99.0,60,55
4613,461361210,LSCS,2025,1,42.1633326,99.0,60,55
4613,461361210,LNT1S,2025,1,47.8532423,99.0,60,55
4613,461361210,LOBCS,2025,1,50.8385093,99.0,60,55
4613,461361210,TFWS,2025,1,47.4563898,99.0,60,55
4613,461361210,EWS,2025,1,71.2894525,99.0,60,55
4613,461391210,GOPENH,2025,1,72.9916849,99.0,60,55
4613,461391210,GSCNH,2025,1,66.1911263,99.0,60,55
4613,461391210,GSTNH,2025,1,71.1330463,99.0,60,55
4613,461391210,GNT1S,2025,1,65.9070599,99.0,60,55
4613,461391210,GNT2S,2025,1,54.96898,99.0,60,55
4613,461391210,GNT3S,2025,1,62.965955,99.0,60,55
4613,461391210,GOBCNH,2025,1,70.8903389,99.0,60,55
4613,461391210,GSEBCS,2025,1,53.864934,99.0,60,55
4613,461391210,LOPENS,2025,1,78.9956692,99.0,60,55
4613,461391210,LSCS,2025,1,67.9203695,99.0,60,55
4613,461391210,LSTS,2025,1,32.7909025,99.0,60,55
4613,461391210,LVJS,2025,1,58.1924692,99.0,60,55
4613,461391210,LNT2S,2025,1,16.1702768,99.0,60,55
4613,461391210,LOBCS,2025,1,76.3384255,99.0,60,55
4613,461391210,LSEBCS,2025,1,42.3488094,99.0,60,55
4613,461391210,TFWS,2025,1,76.3172626,99.0,60,55
4613,461391210,EWS,2025,1,44.8240166,99.0,60,55
4648,464819110,TFWS,2025,1,13.6469615,99.0,60,55
4648,464819110,EWS,2025,1,33.4150899,99.0,60,55
4679,467919110,TFWS,2025,1,81.6127789,99.0,60,55
4679,467919110,EWS,2025,1,11.4456589,99.0,60,55
4703,470300210,TFWS,2025,1,48.1265004,99.0,60,55
4703,470300210,EWS,2025,1,7.0309794,99.0,60,55
4703,470324210,DEFOPENS,2025,1,54.9733848,99.0,60,55
4703,470324210,TFWS,2025,1,10.0170648,99.0,60,55
4703,470324210,EWS,2025,1,7.5810904,99.0,60,55
4703,470329310,TFWS,2025,1,0.2845779,99.0,60,55
4703,470329310,EWS,2025,1,43.2064159,99.0,60,55
4703,470370110,TFWS,2025,1,23.9884494,99.0,60,55
4703,470370110,EWS,2025,1,13.7926161,99.0,60,55
4703,470391210,EWS,2025,1,4.3571041,99.0,60,55
4703,470392110,TFWS,2025,1,72.8027463,99.0,60,55
4703,470392110,EWS,2025,1,1.9329122,99.0,60,55
5003,500350310,TFWS,2025,1,98.8580404,99.0,60,55
5003,500350310,EWS,2025,1,88.9644747,99.0,60,55
5003,500350710,TFWS,2025,1,81.7199,99.0,60,55
5003,500350710,EWS,2025,1,54.4258624,99.0,60,55
5003,500351810,TFWS,2025,1,63.9535342,99.0,60,55
5003,500351810,EWS,2025,1,33.4150899,99.0,60,55
5003,500352310,TFWS,2025,1,86.8832732,99.0,60,55
5003,500352310,EWS,2025,1,69.8131691,99.0,60,55
5004,500419110,GOPENH,2025,1,85.9891185,99.0,60,55
5004,500419110,GSCNH,2025,1,74.4163823,99.0,60,55
5004,500419110,GSTNH,2025,1,61.9398096,99.0,60,55
5004,500419110,GVJS,2025,1,83.8560469,99.0,60,55
5004,500419110,GNT1S,2025,1,83.1030453,99.0,60,55
5004,500419110,GNT2S,2025,1,83.8560469,99.0,60,55
5004,500419110,GNT3S,2025,1,84.0342981,99.0,60,55
5004,500419110,GOBCNH,2025,1,84.207639,99.0,60,55
5004,500419110,GSEBCS,2025,1,78.975446,99.0,60,55
5004,500419110,LOPENS,2025,1,83.8560469,99.0,60,55
5004,500419110,LSCS,2025,1,75.6280193,99.0,60,55
5004,500419110,LSTS,2025,1,75.2331528,99.0,60,55
5004,500419110,LNT2S,2025,1,76.5995199,99.0,60,55
5004,500419110,LOBCS,2025,1,83.6630885,99.0,60,55
5004,500419110,LSEBCS,2025,1,74.8210845,99.0,60,55
5004,500419110,PWDOPENS,2025,1,1.7581888,99.0,60,55
5004,500419110,DEFOPENS,2025,1,43.578754,99.0,60,55
5004,500419110,DEFOBCS,2025,1,60.268127,99.0,60,55
5004,500419110,TFWS,2025,1,87.609626,99.0,60,55
5004,500419110,EWS,2025,1,68.4225402,99.0,60,55
5004,500424510,GOPENH,2025,1,92.8576339,99.0,60,55
5004,500424510,GSCNH,2025,1,87.2196787,99.0,60,55
5004,500424510,GSTNH,2025,1,80.78157,99.0,60,55
5004,500424510,GVJS,2025,1,88.1120509,99.0,60,55
5004,500424510,GNT1S,2025,1,89.1809567,99.0,60,55
5004,500424510,GNT2S,2025,1,92.0068259,99.0,60,55
5004,500424510,GNT3S,2025,1,89.364907,99.0,60,55
5004,500424510,GOBCNH,2025,1,92.1611438,99.0,60,55
5004,500424510,GSEBCS,2025,1,90.0451538,99.0,60,55
5004,500424510,LOPENS,2025,1,93.3747412,99.0,60,55
5004,500424510,LSCS,2025,1,87.493276,99.0,60,55
5004,500424510,LSTS,2025,1,91.6505265,99.0,60,55
5004,500424510,LNT1S,2025,1,88.525902,99.0,60,55
5004,500424510,LNT3S,2025,1,90.5659048,99.0,60,55
5004,500424510,LOBCS,2025,1,92.9717253,99.0,60,55
5004,500424510,LSEBCS,2025,1,90.1218002,99.0,60,55
5004,500424510,PWDOPENS,2025,1,79.7671884,99.0,60,55
5004,500424510,PWDOBCS,2025,1,32.6058557,99.0,60,55
5004,500424510,DEFOPENS,2025,1,82.5792479,99.0,60,55
5004,500424510,DEFOBCS,2025,1,68.6717464,99.0,60,55
5004,500424510,TFWS,2025,1,93.3993174,99.0,60,55
5004,500424510,PWDROBCS,2025,1,57.0070614,99.0,60,55
5004,500424510,DEFROBCS,2025,1,72.3814647,99.0,60,55
5004,500424510,EWS,2025,1,41.1906024,99.0,60,55
5004,500429310,GOPENH,2025,1,86.5743412,99.0,60,55
5004,500429310,GSCNH,2025,1,77.741426,99.0,60,55
5004,500429310,GSTNH,2025,1,54.7674174,99.0,60,55
5004,500429310,GVJS,2025,1,83.988979,99.0,60,55
5004,500429310,GNT1S,2025,1,80.9705409,99.0,60,55
5004,500429310,GNT2S,2025,1,81.9137967,99.0,60,55
5004,500429310,GNT3S,2025,1,83.7134808,99.0,60,55
5004,500429310,GOBCNH,2025,1,85.0971341,99.0,60,55
5004,500429310,GSEBCS,2025,1,83.988979,99.0,60,55
5004,500429310,LOPENS,2025,1,86.6676057,99.0,60,55
5004,500429310,LSCS,2025,1,79.2630446,99.0,60,55
5004,500429310,LSTS,2025,1,43.6823105,99.0,60,55
5004,500429310,LVJS,2025,1,68.6031011,99.0,60,55
5004,500429310,LNT2S,2025,1,80.5339227,99.0,60,55
5004,500429310,LOBCS,2025,1,84.4651484,99.0,60,55
5004,500429310,LSEBCS,2025,1,84.3808448,99.0,60,55
5004,500429310,DEFOPENS,2025,1,40.4581492,99.0,60,55
5004,500429310,TFWS,2025,1,88.4177906,99.0,60,55
5004,500429310,EWS,2025,1,48.401775,99.0,60,55
5004,500437210,GOPENH,2025,1,89.5592458,99.0,60,55
5004,500437210,GSCNH,2025,1,81.9314642,99.0,60,55
5004,500437210,GSTNH,2025,1,47.8219396,99.0,60,55
5004,500437210,GVJS,2025,1,87.6469672,99.0,60,55
5004,500437210,GNT1S,2025,1,87.2379152,99.0,60,55
5004,500437210,GNT2S,2025,1,84.3808448,99.0,60,55
5004,500437210,GNT3S,2025,1,88.0941637,99.0,60,55
5004,500437210,GOBCNH,2025,1,89.0615554,99.0,60,55
5004,500437210,GSEBCS,2025,1,86.3037543,99.0,60,55
5004,500437210,LOPENS,2025,1,89.6590708,99.0,60,55
5004,500437210,LSCS,2025,1,81.7199,99.0,60,55
5004,500437210,LSTS,2025,1,17.200127,99.0,60,55
5004,500437210,LVJS,2025,1,77.4501436,99.0,60,55
5004,500437210,LNT1S,2025,1,81.6127789,99.0,60,55
5004,500437210,LOBCS,2025,1,87.6469672,99.0,60,55
5004,500437210,LSEBCS,2025,1,89.2347783,99.0,60,55
5004,500437210,PWDOPENS,2025,1,31.8464164,99.0,60,55
5004,500437210,DEFOPENS,2025,1,67.3538592,99.0,60,55
5004,500437210,DEFOBCS,2025,1,81.643697,99.0,60,55
5004,500437210,TFWS,2025,1,91.4334483,99.0,60,55
5004,500437210,DEFROBCS,2025,1,56.5182885,99.0,60,55
5004,500437210,EWS,2025,1,75.6051641,99.0,60,55
5004,500446610,GOPENH,2025,1,78.8983322,99.0,60,55
5004,500446610,GSCNH,2025,1,65.4076693,99.0,60,55
5004,500446610,GVJS,2025,1,67.931377,99.0,60,55
5004,500446610,GNT1S,2025,1,59.2474828,99.0,60,55
5004,500446610,GNT2S,2025,1,76.5235824,99.0,60,55
5004,500446610,GOBCNH,2025,1,75.4489132,99.0,60,55
5004,500446610,GSEBCS,2025,1,70.733113,99.0,60,55
5004,500446610,LOPENS,2025,1,78.0816199,99.0,60,55
5004,500446610,LSCS,2025,1,71.4785529,99.0,60,55
5004,500446610,LNT2S,2025,1,75.1704646,99.0,60,55
5004,500446610,LNT3S,2025,1,76.3172626,99.0,60,55
5004,500446610,LOBCS,2025,1,74.8210845,99.0,60,55
5004,500446610,LSEBCS,2025,1,66.1311211,99.0,60,55
5004,500446610,TFWS,2025,1,79.5691881,99.0,60,55
5004,500446610,EWS,2025,1,16.3855337,99.0,60,55
5004,500461210,GOPENH,2025,1,87.3221306,99.0,60,55
5004,500461210,GSCNH,2025,1,76.468112,99.0,60,55
5004,500461210,GSTNH,2025,1,53.1039032,99.0,60,55
5004,500461210,GVJS,2025,1,84.2510483,99.0,60,55
5004,500461210,GNT1S,2025,1,86.2660493,99.0,60,55
5004,500461210,GNT2S,2025,1,87.2152238,99.0,60,55
5004,500461210,GNT3S,2025,1,77.550585,99.0,60,55
5004,500461210,GOBCNH,2025,1,85.9765355,99.0,60,55
5004,500461210,GSEBCS,2025,1,80.7035589,99.0,60,55
5004,500461210,LOPENS,2025,1,82.7777778,99.0,60,55
5004,500461210,LSCS,2025,1,76.973775,99.0,60,55
5004,500461210,LSTS,2025,1,34.8005502,99.0,60,55
5004,500461210,LVJS,2025,1,82.5187713,99.0,60,55
5004,500461210,LNT1S,2025,1,73.0237189,99.0,60,55
5004,500461210,LNT2S,2025,1,80.78157,99.0,60,55
5004,500461210,LOBCS,2025,1,74.6853954,99.0,60,55
5004,500461210,LSEBCS,2025,1,51.5429844,99.0,60,55
5004,500461210,DEFOPENS,2025,1,88.7955476,99.0,60,55
5004,500461210,TFWS,2025,1,62.9339383,99.0,60,55
5004,500461210,EWS,2025,1,39.4647165,99.0,60,55
5103,510319110,TFWS,2025,1,78.699881,99.0,60,55
5103,510319110,EWS,2025,1,21.3588155,99.0,60,55
5103,510324510,DEFOPENS,2025,1,43.2614932,99.0,60,55
5103,510324510,TFWS,2025,1,78.1913582,99.0,60,55
5103,510324510,EWS,2025,1,40.6688911,99.0,60,55
5103,510337210,TFWS,2025,1,69.0271267,99.0,60,55
5103,510337210,EWS,2025,1,22.4923895,99.0,60,55
5103,510337610,TFWS,2025,1,57.8274425,99.0,60,55
5103,510337610,EWS,2025,1,41.6288192,99.0,60,55
5103,510361210,TFWS,2025,1,72.5022286,99.0,60,55
5103,510361210,EWS,2025,1,20.4073236,99.0,60,55
5103,510384410,TFWS,2025,1,64.7164682,99.0,60,55
5103,510384410,EWS,2025,1,7.6400322,99.0,60,55
5103,510399510,DEFOPENS,2025,1,53.7903103,99.0,60,55
5103,510399510,TFWS,2025,1,82.4999118,99.0,60,55
5103,510399510,EWS,2025,1,33.1537425,99.0,60,55
5104,510419110,TFWS,2025,1,64.1499185,99.0,60,55
5104,510419110,EWS,2025,1,44.5569356,99.0,60,55
5104,510424510,TFWS,2025,1,80.0260591,99.0,60,55
5104,510424510,EWS,2025,1,49.1668381,99.0,60,55
5104,510429310,TFWS,2025,1,69.1748413,99.0,60,55
5104,510429310,EWS,2025,1,28.2298995,99.0,60,55
5104,510437210,TFWS,2025,1,77.7384664,99.0,60,55
5104,510437210,EWS,2025,1,34.8005502,99.0,60,55
5104,510450710,TFWS,2025,1,70.4215645,99.0,60,55
5104,510450710,EWS,2025,1,9.7897898,99.0,60,55
5104,510461210,TFWS,2025,1,68.0484125,99.0,60,55
5104,510461210,EWS,2025,1,14.7883959,99.0,60,55
5106,510624510,GOPENH,2025,1,63.540901,99.0,60,55
5106,510624510,GSCNH,2025,1,44.6087422,99.0,60,55
5106,510624510,GSTNH,2025,1,62.5282864,99.0,60,55
5106,510624510,GVJS,2025,1,58.1324148,99.0,60,55
5106,510624510,GNT1S,2025,1,45.9819894,99.0,60,55
5106,510624510,GNT2S,2025,1,50.8920685,99.0,60,55
5106,510624510,GOBCNH,2025,1,62.2946352,99.0,60,55
5106,510624510,GSEBCS,2025,1,15.7373377,99.0,60,55
5106,510624510,LOPENS,2025,1,71.4377156,99.0,60,55
5106,510624510,LSCS,2025,1,52.9701068,99.0,60,55
5106,510624510,LSTS,2025,1,44.6087422,99.0,60,55
5106,510624510,LVJS,2025,1,60.070698,99.0,60,55
5106,510624510,LNT2S,2025,1,52.4918222,99.0,60,55
5106,510624510,LOBCS,2025,1,69.8418157,99.0,60,55
5106,510624510,LSEBCS,2025,1,33.9583652,99.0,60,55
5106,510624510,TFWS,2025,1,69.1748413,99.0,60,55
5106,510624510,EWS,2025,1,2.7897371,99.0,60,55
5106,510629310,GOPENH,2025,1,54.1426021,99.0,60,55
5106,510629310,GSCNH,2025,1,10.3339505,99.0,60,55
5106,510629310,GVJS,2025,1,32.8661478,99.0,60,55
5106,510629310,GNT1S,2025,1,16.1702768,99.0,60,55
5106,510629310,GNT2S,2025,1,41.0952232,99.0,60,55
5106,510629310,GNT3S,2025,1,44.7174641,99.0,60,55
5106,510629310,GOBCNH,2025,1,44.6087422,99.0,60,55
5106,510629310,LOPENS,2025,1,45.035095,99.0,60,55
5106,510629310,LSCS,2025,1,15.1259327,99.0,60,55
5106,510629310,LNT1S,2025,1,11.0099135,99.0,60,55
5106,510629310,LOBCS,2025,1,38.2037534,99.0,60,55
5106,510629310,TFWS,2025,1,56.1183815,99.0,60,55
5106,510661210,GOPENH,2025,1,49.8201439,99.0,60,55
5106,510661210,GSCNH,2025,1,24.5822293,99.0,60,55
5106,510661210,GNT2S,2025,1,49.1097752,99.0,60,55
5106,510661210,GOBCNH,2025,1,42.6120917,99.0,60,55
5106,510661210,LOPENS,2025,1,39.199832,99.0,60,55
5106,510661210,LVJS,2025,1,36.7116245,99.0,60,55
5106,510661210,LOBCS,2025,1,66.1311211,99.0,60,55
5106,510661210,TFWS,2025,1,50.8385093,99.0,60,55
5106,510661210,EWS,2025,1,19.5229257,99.0,60,55
5106,510684410,GOPENH,2025,1,44.3667268,99.0,60,55
5106,510684410,GSCNH,2025,1,15.4472393,99.0,60,55
5106,510684410,GVJS,2025,1,22.7484499,99.0,60,55
5106,510684410,GNT1S,2025,1,20.4073236,99.0,60,55
5106,510684410,GNT2S,2025,1,25.8331579,99.0,60,55
5106,510684410,GOBCNH,2025,1,42.3488094,99.0,60,55
5106,510684410,LOPENS,2025,1,48.5585273,99.0,60,55
5106,510684410,LSCS,2025,1,46.2039046,99.0,60,55
5106,510684410,LNT2S,2025,1,40.4581492,99.0,60,55
5106,510684410,LOBCS,2025,1,44.6246246,99.0,60,55
5106,510684410,TFWS,2025,1,54.9832594,99.0,60,55
5106,510691110,GOPENH,2025,1,59.5017065,99.0,60,55
5106,510691110,GSCNH,2025,1,25.2991393,99.0,60,55
5106,510691110,GVJS,2025,1,57.0070614,99.0,60,55
5106,510691110,GNT2S,2025,1,43.2064159,99.0,60,55
5106,510691110,GOBCNH,2025,1,57.4188806,99.0,60,55
5106,510691110,LOPENS,2025,1,64.2198294,99.0,60,55
5106,510691110,LSCS,2025,1,31.8317161,99.0,60,55
5106,510691110,LNT1S,2025,1,35.8612172,99.0,60,55
5106,510691110,LOBCS,2025,1,61.2510322,99.0,60,55
5106,510691110,TFWS,2025,1,73.9021728,99.0,60,55
5106,510691110,EWS,2025,1,40.4162412,99.0,60,55
5106,510691210,GOPENH,2025,1,54.2626684,99.0,60,55
5106,510691210,GSCNH,2025,1,27.6982865,99.0,60,55
5106,510691210,GNT1S,2025,1,42.1633326,99.0,60,55
5106,510691210,GOBCNH,2025,1,51.2488599,99.0,60,55
5106,510691210,LOPENS,2025,1,65.9070599,99.0,60,55
5106,510691210,LSCS,2025,1,41.7129534,99.0,60,55
5106,510691210,LVJS,2025,1,48.1265004,99.0,60,55
5106,510691210,LNT2S,2025,1,40.4681495,99.0,60,55
5106,510691210,LOBCS,2025,1,62.965955,99.0,60,55
5106,510691210,TFWS,2025,1,62.6016833,99.0,60,55
5106,510691210,EWS,2025,1,4.2070971,99.0,60,55
5108,510819110,GOPENH,2025,1,77.550585,99.0,60,55
5108,510819110,GSCNH,2025,1,59.5017065,99.0,60,55
5108,510819110,GSTNH,2025,1,68.2993965,99.0,60,55
5108,510819110,GVJS,2025,1,54.9733848,99.0,60,55
5108,510819110,GNT1S,2025,1,72.9916849,99.0,60,55
5108,510819110,GNT2S,2025,1,66.0913492,99.0,60,55
5108,510819110,GNT3S,2025,1,75.1704646,99.0,60,55
5108,510819110,GOBCNH,2025,1,76.3286018,99.0,60,55
5108,510819110,GSEBCS,2025,1,64.5293156,99.0,60,55
5108,510819110,LOPENS,2025,1,79.4793202,99.0,60,55
5108,510819110,LSCS,2025,1,67.2980865,99.0,60,55
5108,510819110,LSTS,2025,1,68.7336094,99.0,60,55
5108,510819110,LNT1S,2025,1,66.0549811,99.0,60,55
5108,510819110,LNT2S,2025,1,68.6254044,99.0,60,55
5108,510819110,LOBCS,2025,1,77.2289819,99.0,60,55
5108,510819110,LSEBCS,2025,1,69.4641016,99.0,60,55
5108,510819110,DEFOPENS,2025,1,48.6512524,99.0,60,55
5108,510819110,DEFOBCS,2025,1,46.0219719,99.0,60,55
5108,510819110,TFWS,2025,1,82.9247643,99.0,60,55
5108,510819110,EWS,2025,1,14.7883959,99.0,60,55
5108,510824510,GOPENH,2025,1,91.7316874,99.0,60,55
5108,510824510,GSCNH,2025,1,82.1268327,99.0,60,55
5108,510824510,GSTNH,2025,1,56.1183815,99.0,60,55
5108,510824510,GVJS,2025,1,87.2593857,99.0,60,55
5108,510824510,GNT1S,2025,1,88.2583444,99.0,60,55
5108,510824510,GNT2S,2025,1,90.2371528,99.0,60,55
5108,510824510,GNT3S,2025,1,90.112628,99.0,60,55
5108,510824510,GOBCNH,2025,1,91.0694792,99.0,60,55
5108,510824510,GSEBCS,2025,1,88.5540762,99.0,60,55
5108,510824510,LOPENS,2025,1,93.1663509,99.0,60,55
5108,510824510,LSCS,2025,1,86.0457957,99.0,60,55
5108,510824510,LSTS,2025,1,70.6987601,99.0,60,55
5108,510824510,LVJS,2025,1,85.9765355,99.0,60,55
5108,510824510,LNT1S,2025,1,90.6279863,99.0,60,55
5108,510824510,LNT2S,2025,1,90.4021551,99.0,60,55
5108,510824510,LNT3S,2025,1,93.0716724,99.0,60,55
5108,510824510,LOBCS,2025,1,92.8822002,99.0,60,55
5108,510824510,LSEBCS,2025,1,88.5637068,99.0,60,55
5108,510824510,PWDOPENS,2025,1,81.9137967,99.0,60,55
5108,510824510,DEFOPENS,2025,1,85.0853734,99.0,60,55
5108,510824510,DEFOBCS,2025,1,83.1481862,99.0,60,55
5108,510824510,DEFSEBCS,2025,1,84.539834,99.0,60,55
5108,510824510,TFWS,2025,1,93.8417347,99.0,60,55
5108,510824510,DEFROBCS,2025,1,83.7030299,99.0,60,55
5108,510824510,EWS,2025,1,77.583794,99.0,60,55
5108,510824610,GOPENH,2025,1,88.2059917,99.0,60,55
5108,510824610,GSCNH,2025,1,74.8088122,99.0,60,55
5108,510824610,GSTNH,2025,1,21.1739609,99.0,60,55
5108,510824610,GVJS,2025,1,85.0803043,99.0,60,55
5108,510824610,GNT1S,2025,1,83.8560469,99.0,60,55
5108,510824610,GNT2S,2025,1,78.8724264,99.0,60,55
5108,510824610,GNT3S,2025,1,86.8897379,99.0,60,55
5108,510824610,GOBCNH,2025,1,87.4609239,99.0,60,55
5108,510824610,GSEBCS,2025,1,84.3808448,99.0,60,55
5108,510824610,LOPENS,2025,1,89.2656035,99.0,60,55
5108,510824610,LSCS,2025,1,76.7952218,99.0,60,55
5108,510824610,LSTS,2025,1,37.0257103,99.0,60,55
5108,510824610,LVJS,2025,1,85.9106165,99.0,60,55
5108,510824610,LNT2S,2025,1,79.0728986,99.0,60,55
5108,510824610,LNT3S,2025,1,88.2977496,99.0,60,55
5108,510824610,LOBCS,2025,1,88.7592898,99.0,60,55
5108,510824610,LSEBCS,2025,1,86.3032893,99.0,60,55
5108,510824610,PWDOPENS,2025,1,41.7620841,99.0,60,55
5108,510824610,DEFOPENS,2025,1,77.8612083,99.0,60,55
5108,510824610,DEFOBCS,2025,1,70.3444621,99.0,60,55
5108,510824610,TFWS,2025,1,91.512485,99.0,60,55
5108,510824610,DEFRNT3S,2025,1,74.9893249,99.0,60,55
5108,510824610,EWS,2025,1,69.4641016,99.0,60,55
5108,510826310,GOPENH,2025,1,88.2909271,99.0,60,55
5108,510826310,GSCNH,2025,1,74.6853954,99.0,60,55
5108,510826310,GSTNH,2025,1,52.1191375,99.0,60,55
5108,510826310,GVJS,2025,1,84.207639,99.0,60,55
5108,510826310,GNT1S,2025,1,83.0532651,99.0,60,55
5108,510826310,GNT2S,2025,1,80.1708014,99.0,60,55
5108,510826310,GNT3S,2025,1,86.2020083,99.0,60,55
5108,510826310,GOBCNH,2025,1,87.921673,99.0,60,55
5108,510826310,GSEBCS,2025,1,85.239357,99.0,60,55
5108,510826310,LOPENS,2025,1,90.0843448,99.0,60,55
5108,510826310,LSCS,2025,1,77.4501436,99.0,60,55
5108,510826310,LSTS,2025,1,59.8130199,99.0,60,55
5108,510826310,LVJS,2025,1,80.7403032,99.0,60,55
5108,510826310,LNT1S,2025,1,86.7003307,99.0,60,55
5108,510826310,LNT2S,2025,1,85.1550148,99.0,60,55
5108,510826310,LOBCS,2025,1,88.7955476,99.0,60,55
5108,510826310,LSEBCS,2025,1,85.65358,99.0,60,55
5108,510826310,DEFOPENS,2025,1,78.0816199,99.0,60,55
5108,510826310,DEFOBCS,2025,1,72.8027463,99.0,60,55
5108,510826310,TFWS,2025,1,90.9108002,99.0,60,55
5108,510826310,DEFROBCS,2025,1,74.6275026,99.0,60,55
5108,510826310,EWS,2025,1,68.6717464,99.0,60,55
5108,510829310,GOPENH,2025,1,84.1149833,99.0,60,55
5108,510829310,GSCNH,2025,1,68.7336094,99.0,60,55
5108,510829310,GSTNH,2025,1,62.6016833,99.0,60,55
5108,510829310,GVJS,2025,1,75.2153333,99.0,60,55
5108,510829310,GNT2S,2025,1,71.5917775,99.0,60,55
5108,510829310,GOBCNH,2025,1,83.014142,99.0,60,55
5108,510829310,GSEBCS,2025,1,79.4793202,99.0,60,55
5108,510829310,LOPENS,2025,1,85.4732337,99.0,60,55
5108,510829310,LSCS,2025,1,72.3753397,99.0,60,55
5108,510829310,LSTS,2025,1,33.1537425,99.0,60,55
5108,510829310,LNT1S,2025,1,66.5942029,99.0,60,55
5108,510829310,LNT2S,2025,1,70.4215645,99.0,60,55
5108,510829310,LNT3S,2025,1,82.5741649,99.0,60,55
5108,510829310,LOBCS,2025,1,83.73706,99.0,60,55
5108,510829310,LSEBCS,2025,1,77.2289819,99.0,60,55
5108,510829310,DEFOPENS,2025,1,67.1207715,99.0,60,55
5108,510829310,TFWS,2025,1,90.0843448,99.0,60,55
5108,510829310,DEFROBCS,2025,1,51.8020478,99.0,60,55
5108,510829310,EWS,2025,1,50.8385093,99.0,60,55
5108,510837210,GOPENH,2025,1,85.9891185,99.0,60,55
5108,510837210,GSCNH,2025,1,72.5793422,99.0,60,55
5108,510837210,GSTNH,2025,1,46.2039046,99.0,60,55
5108,510837210,GVJS,2025,1,82.5741649,99.0,60,55
5108,510837210,GNT1S,2025,1,77.9303712,99.0,60,55
5108,510837210,GNT2S,2025,1,75.9291421,99.0,60,55
5108,510837210,GNT3S,2025,1,84.2510483,99.0,60,55
5108,510837210,GOBCNH,2025,1,85.4974574,99.0,60,55
5108,510837210,GSEBCS,2025,1,82.5187713,99.0,60,55
5108,510837210,LOPENS,2025,1,88.070986,99.0,60,55
5108,510837210,LSCS,2025,1,75.242318,99.0,60,55
5108,510837210,LSTS,2025,1,77.2289819,99.0,60,55
5108,510837210,LVJS,2025,1,74.9893249,99.0,60,55
5108,510837210,LNT1S,2025,1,75.6051641,99.0,60,55
5108,510837210,LNT2S,2025,1,87.1731352,99.0,60,55
5108,510837210,LOBCS,2025,1,83.1950716,99.0,60,55
5108,510837210,LSEBCS,2025,1,66.4794206,99.0,60,55
5108,510837210,DEFOPENS,2025,1,63.8128892,99.0,60,55
5108,510837210,DEFOBCS,2025,1,89.1852024,99.0,60,55
5108,510837210,TFWS,2025,1,54.9733848,99.0,60,55
5108,510837210,EWS,2025,1,28.7221654,99.0,60,55
5108,510846410,GOPENH,2025,1,80.5383458,99.0,60,55
5108,510846410,GSCNH,2025,1,65.1648234,99.0,60,55
5108,510846410,GSTNH,2025,1,47.8398896,99.0,60,55
5108,510846410,GVJS,2025,1,62.2946352,99.0,60,55
5108,510846410,GNT1S,2025,1,64.087617,99.0,60,55
5108,510846410,GNT2S,2025,1,75.1704646,99.0,60,55
5108,510846410,GOBCNH,2025,1,79.8369603,99.0,60,55
5108,510846410,GSEBCS,2025,1,73.0237189,99.0,60,55
5108,510846410,LOPENS,2025,1,83.2071736,99.0,60,55
5108,510846410,LSCS,2025,1,34.1066887,99.0,60,55
5108,510846410,LVJS,2025,1,74.7351841,99.0,60,55
5108,510846410,LNT3S,2025,1,81.6705255,99.0,60,55
5108,510846410,LOBCS,2025,1,76.5032413,99.0,60,55
5108,510846410,LSEBCS,2025,1,91.1365188,99.0,60,55
5108,510846410,TFWS,2025,1,18.2784396,99.0,60,55
5108,510846410,EWS,2025,1,48.6512524,99.0,60,55
5108,510861210,GOPENH,2025,1,83.1950716,99.0,60,55
5108,510861210,GSCNH,2025,1,66.1911263,99.0,60,55
5108,510861210,GSTNH,2025,1,32.6058557,99.0,60,55
5108,510861210,GVJS,2025,1,68.78733,99.0,60,55
5108,510861210,GNT1S,2025,1,70.4097117,99.0,60,55
5108,510861210,GNT2S,2025,1,70.6970324,99.0,60,55
5108,510861210,GNT3S,2025,1,79.3692556,99.0,60,55
5108,510861210,GOBCNH,2025,1,81.7656352,99.0,60,55
5108,510861210,GSEBCS,2025,1,79.7046663,99.0,60,55
5108,510861210,LOPENS,2025,1,82.190886,99.0,60,55
5108,510861210,LSCS,2025,1,63.5035466,99.0,60,55
5108,510861210,LSTS,2025,1,19.7268589,99.0,60,55
5108,510861210,LNT2S,2025,1,64.1240022,99.0,60,55
5108,510861210,LOBCS,2025,1,80.1749582,99.0,60,55
5108,510861210,LSEBCS,2025,1,73.2109713,99.0,60,55
5108,510861210,DEFOPENS,2025,1,40.4162412,99.0,60,55
5108,510861210,DEFOBCS,2025,1,68.8065641,99.0,60,55
5108,510861210,TFWS,2025,1,86.8897379,99.0,60,55
5108,510861210,EWS,2025,1,50.8920685,99.0,60,55
5108,510891610,GOPENH,2025,1,80.2298047,99.0,60,55
5108,510891610,GSCNH,2025,1,61.2830506,99.0,60,55
5108,510891610,GVJS,2025,1,63.540901,99.0,60,55
5108,510891610,GNT1S,2025,1,76.5235824,99.0,60,55
5108,510891610,GNT2S,2025,1,69.8131691,99.0,60,55
5108,510891610,GNT3S,2025,1,79.0728986,99.0,60,55
5108,510891610,GOBCNH,2025,1,78.890785,99.0,60,55
5108,510891610,GSEBCS,2025,1,68.9346395,99.0,60,55
5108,510891610,LOPENS,2025,1,82.1388599,99.0,60,55
5108,510891610,LSCS,2025,1,62.6016833,99.0,60,55
5108,510891610,LVJS,2025,1,38.2037534,99.0,60,55
5108,510891610,LNT1S,2025,1,81.8599034,99.0,60,55
5108,510891610,LNT2S,2025,1,73.6510161,99.0,60,55
5108,510891610,LNT3S,2025,1,71.4785529,99.0,60,55
5108,510891610,LOBCS,2025,1,81.9137967,99.0,60,55
5108,510891610,LSEBCS,2025,1,71.0421393,99.0,60,55
5108,510891610,DEFOPENS,2025,1,26.4190879,99.0,60,55
5108,510891610,DEFOBCS,2025,1,62.2946352,99.0,60,55
5108,510891610,TFWS,2025,1,86.3037543,99.0,60,55
5108,510891610,EWS,2025,1,11.3079387,99.0,60,55
5109,510919110,GOPENH,2025,1,72.1871837,99.0,60,55
5109,510919110,GSCNH,2025,1,59.5017065,99.0,60,55
5109,510919110,GSTNH,2025,1,52.7200757,99.0,60,55
5109,510919110,GVJS,2025,1,68.6031011,99.0,60,55
5109,510919110,GNT1S,2025,1,46.4182823,99.0,60,55
5109,510919110,GNT2S,2025,1,67.1207715,99.0,60,55
5109,510919110,GNT3S,2025,1,68.6717464,99.0,60,55
5109,510919110,GOBCNH,2025,1,68.063194,99.0,60,55
5109,510919110,GSEBCS,2025,1,68.6717464,99.0,60,55
5109,510919110,LOPENS,2025,1,71.1330463,99.0,60,55
5109,510919110,LSCS,2025,1,59.2443064,99.0,60,55
5109,510919110,LSTS,2025,1,44.1521083,99.0,60,55
5109,510919110,LVJS,2025,1,51.2488599,99.0,60,55
5109,510919110,LNT2S,2025,1,60.5118338,99.0,60,55
5109,510919110,LOBCS,2025,1,66.1311211,99.0,60,55
5109,510919110,LSEBCS,2025,1,47.8398896,99.0,60,55
5109,510919110,TFWS,2025,1,82.190886,99.0,60,55
5109,510919110,EWS,2025,1,6.2948821,99.0,60,55
5109,510924510,GOPENH,2025,1,82.4780187,99.0,60,55
5109,510924510,GSCNH,2025,1,73.3356624,99.0,60,55
5109,510924510,GSTNH,2025,1,49.2473035,99.0,60,55
5109,510924510,GVJS,2025,1,77.9049638,99.0,60,55
5109,510924510,GNT1S,2025,1,80.7403032,99.0,60,55
5109,510924510,GNT2S,2025,1,78.3451044,99.0,60,55
5109,510924510,GNT3S,2025,1,81.3283933,99.0,60,55
5109,510924510,GOBCNH,2025,1,81.6705255,99.0,60,55
5109,510924510,GSEBCS,2025,1,79.9422744,99.0,60,55
5109,510924510,LOPENS,2025,1,83.6630885,99.0,60,55
5109,510924510,LSCS,2025,1,72.5330927,99.0,60,55
5109,510924510,LSTS,2025,1,60.070698,99.0,60,55
5109,510924510,LVJS,2025,1,77.741426,99.0,60,55
5109,510924510,LNT1S,2025,1,78.0816199,99.0,60,55
5109,510924510,LNT2S,2025,1,79.0264353,99.0,60,55
5109,510924510,LNT3S,2025,1,78.8983322,99.0,60,55
5109,510924510,LOBCS,2025,1,82.5792479,99.0,60,55
5109,510924510,LSEBCS,2025,1,78.8983322,99.0,60,55
5109,510924510,DEFOPENS,2025,1,48.8664194,99.0,60,55
5109,510924510,DEFOBCS,2025,1,41.153186,99.0,60,55
5109,510924510,TFWS,2025,1,87.2636301,99.0,60,55
5109,510924510,DEFRNT1S,2025,1,37.8097183,99.0,60,55
5109,510924510,EWS,2025,1,49.9737275,99.0,60,55
5109,510924610,GOPENH,2025,1,80.5595655,99.0,60,55
5109,510924610,GSCNH,2025,1,70.8903389,99.0,60,55
5109,510924610,GSTNH,2025,1,16.1702768,99.0,60,55
5109,510924610,GVJS,2025,1,76.2591061,99.0,60,55
5109,510924610,GNT1S,2025,1,74.6217331,99.0,60,55
5109,510924610,GNT2S,2025,1,77.8612083,99.0,60,55
5109,510924610,GNT3S,2025,1,79.4793202,99.0,60,55
5109,510924610,GOBCNH,2025,1,79.9864621,99.0,60,55
5109,510924610,GSEBCS,2025,1,77.4128766,99.0,60,55
5109,510924610,LOPENS,2025,1,80.7004831,99.0,60,55
5109,510924610,LSCS,2025,1,71.4142775,99.0,60,55
5109,510924610,LSTS,2025,1,43.2614932,99.0,60,55
5109,510924610,LNT2S,2025,1,73.5651108,99.0,60,55
5109,510924610,LOBCS,2025,1,80.4293972,99.0,60,55
5109,510924610,LSEBCS,2025,1,78.8983322,99.0,60,55
5109,510924610,DEFOPENS,2025,1,70.3402566,99.0,60,55
5109,510924610,TFWS,2025,1,85.1182895,99.0,60,55
5109,510924610,DEFROBCS,2025,1,18.3316683,99.0,60,55
5109,510924610,EWS,2025,1,52.4918222,99.0,60,55
5109,510929310,GOPENH,2025,1,75.2153333,99.0,60,55
5109,510929310,GSCNH,2025,1,55.7542662,99.0,60,55
5109,510929310,GSTNH,2025,1,35.5420211,99.0,60,55
5109,510929310,GVJS,2025,1,62.4995214,99.0,60,55
5109,510929310,GNT1S,2025,1,64.1499185,99.0,60,55
5109,510929310,GNT2S,2025,1,73.2041877,99.0,60,55
5109,510929310,GOBCNH,2025,1,72.5022286,99.0,60,55
5109,510929310,GSEBCS,2025,1,61.9042106,99.0,60,55
5109,510929310,LOPENS,2025,1,69.8303637,99.0,60,55
5109,510929310,LSCS,2025,1,47.8219396,99.0,60,55
5109,510929310,LSTS,2025,1,17.0157534,99.0,60,55
5109,510929310,LVJS,2025,1,42.6120917,99.0,60,55
5109,510929310,LNT2S,2025,1,61.5912113,99.0,60,55
5109,510929310,LNT3S,2025,1,67.967082,99.0,60,55
5109,510929310,LOBCS,2025,1,68.6031011,99.0,60,55
5109,510929310,LSEBCS,2025,1,61.9398096,99.0,60,55
5109,510929310,TFWS,2025,1,79.0728986,99.0,60,55
5109,510929310,EWS,2025,1,35.5866115,99.0,60,55
5109,510937210,GOPENH,2025,1,77.550585,99.0,60,55
5109,510937210,GSCNH,2025,1,65.2933256,99.0,60,55
5109,510937210,GSTNH,2025,1,8.3226583,99.0,60,55
5109,510937210,GVJS,2025,1,73.9021728,99.0,60,55
5109,510937210,GNT1S,2025,1,69.4641016,99.0,60,55
5109,510937210,GNT2S,2025,1,74.6516923,99.0,60,55
5109,510937210,GNT3S,2025,1,76.5235824,99.0,60,55
5109,510937210,GOBCNH,2025,1,76.5995199,99.0,60,55
5109,510937210,GSEBCS,2025,1,73.0844718,99.0,60,55
5109,510937210,LOPENS,2025,1,78.9956692,99.0,60,55
5109,510937210,LSCS,2025,1,59.5499981,99.0,60,55
5109,510937210,LVJS,2025,1,71.4142775,99.0,60,55
5109,510937210,LNT1S,2025,1,63.003413,99.0,60,55
5109,510937210,LNT2S,2025,1,74.7351841,99.0,60,55
5109,510937210,LOBCS,2025,1,78.0816199,99.0,60,55
5109,510937210,LSEBCS,2025,1,72.9249982,99.0,60,55
5109,510937210,DEFOPENS,2025,1,38.0740533,99.0,60,55
5109,510937210,TFWS,2025,1,82.7018873,99.0,60,55
5109,510937210,EWS,2025,1,61.7346759,99.0,60,55
5109,510956610,GOPENH,2025,1,85.2566749,99.0,60,55
5109,510956610,GSCNH,2025,1,73.2860799,99.0,60,55
5109,510956610,GSTNH,2025,1,51.8020478,99.0,60,55
5109,510956610,GVJS,2025,1,83.7986478,99.0,60,55
5109,510956610,GNT2S,2025,1,80.5383458,99.0,60,55
5109,510956610,GOBCNH,2025,1,82.7777778,99.0,60,55
5109,510956610,GSEBCS,2025,1,81.9381769,99.0,60,55
5109,510956610,LOPENS,2025,1,82.9763421,99.0,60,55
5109,510956610,LSCS,2025,1,77.8890571,99.0,60,55
5109,510956610,LSTS,2025,1,22.0653604,99.0,60,55
5109,510956610,LNT1S,2025,1,72.6740126,99.0,60,55
5109,510956610,LNT3S,2025,1,78.1913582,99.0,60,55
5109,510956610,LOBCS,2025,1,80.7035589,99.0,60,55
5109,510956610,LSEBCS,2025,1,80.7910924,99.0,60,55
5109,510956610,DEFOPENS,2025,1,70.9390112,99.0,60,55
5109,510956610,TFWS,2025,1,92.4095563,99.0,60,55
5109,510956610,DEFROBCS,2025,1,54.873582,99.0,60,55
5109,510956610,EWS,2025,1,62.9339383,99.0,60,55
5109,510961210,GOPENH,2025,1,73.2041877,99.0,60,55
5109,510961210,GSCNH,2025,1,53.1999725,99.0,60,55
5109,510961210,GSTNH,2025,1,5.0477816,99.0,60,55
5109,510961210,GVJS,2025,1,62.9339383,99.0,60,55
5109,510961210,GNT1S,2025,1,63.4757967,99.0,60,55
5109,510961210,GNT2S,2025,1,68.063194,99.0,60,55
5109,510961210,GNT3S,2025,1,69.9192754,99.0,60,55
5109,510961210,GOBCNH,2025,1,70.3901803,99.0,60,55
5109,510961210,GSEBCS,2025,1,60.5843098,99.0,60,55
5109,510961210,LOPENS,2025,1,67.931377,99.0,60,55
5109,510961210,LSCS,2025,1,45.4941917,99.0,60,55
5109,510961210,LSTS,2025,1,31.7722006,99.0,60,55
5109,510961210,LVJS,2025,1,24.7436032,99.0,60,55
5109,510961210,LNT1S,2025,1,52.8560653,99.0,60,55
5109,510961210,LNT2S,2025,1,53.1039032,99.0,60,55
5109,510961210,LOBCS,2025,1,66.0549811,99.0,60,55
5109,510961210,LSEBCS,2025,1,54.7674174,99.0,60,55
5109,510961210,DEFOPENS,2025,1,51.2488599,99.0,60,55
5109,510961210,TFWS,2025,1,75.1493199,99.0,60,55
5109,510961210,EWS,2025,1,2.0776843,99.0,60,55
5109,510991610,GOPENH,2025,1,69.8303637,99.0,60,55
5109,510991610,GSCNH,2025,1,47.7838912,99.0,60,55
5109,510991610,GVJS,2025,1,63.552865,99.0,60,55
5109,510991610,GNT1S,2025,1,61.7346759,99.0,60,55
5109,510991610,GNT2S,2025,1,63.2367632,99.0,60,55
5109,510991610,GNT3S,2025,1,68.8065641,99.0,60,55
5109,510991610,GOBCNH,2025,1,66.5496835,99.0,60,55
5109,510991610,GSEBCS,2025,1,56.6825649,99.0,60,55
5109,510991610,LOPENS,2025,1,72.9249982,99.0,60,55
5109,510991610,LSCS,2025,1,55.7542662,99.0,60,55
5109,510991610,LVJS,2025,1,55.7542662,99.0,60,55
5109,510991610,LNT2S,2025,1,59.3625359,99.0,60,55
5109,510991610,LNT3S,2025,1,71.4142775,99.0,60,55
5109,510991610,LOBCS,2025,1,67.967082,99.0,60,55
5109,510991610,LSEBCS,2025,1,60.7738415,99.0,60,55
5109,510991610,TFWS,2025,1,72.9249982,99.0,60,55
5109,510991610,EWS,2025,1,13.5260767,99.0,60,55
5109,510992110,GOPENH,2025,1,82.1648735,99.0,60,55
5109,510992110,GSCNH,2025,1,70.9390112,99.0,60,55
5109,510992110,GSTNH,2025,1,53.1039032,99.0,60,55
5109,510992110,GVJS,2025,1,77.4128766,99.0,60,55
5109,510992110,GNT1S,2025,1,80.7004831,99.0,60,55
5109,510992110,GNT2S,2025,1,72.5022286,99.0,60,55
5109,510992110,GNT3S,2025,1,78.0816199,99.0,60,55
5109,510992110,GOBCNH,2025,1,81.3089554,99.0,60,55
5109,510992110,GSEBCS,2025,1,79.3692556,99.0,60,55
5109,510992110,LOPENS,2025,1,81.5934486,99.0,60,55
5109,510992110,LSCS,2025,1,76.973775,99.0,60,55
5109,510992110,LSTS,2025,1,73.2908824,99.0,60,55
5109,510992110,LVJS,2025,1,75.242318,99.0,60,55
5109,510992110,LNT1S,2025,1,80.4944215,99.0,60,55
5109,510992110,LOBCS,2025,1,76.5995199,99.0,60,55
5109,510992110,LSEBCS,2025,1,67.1207715,99.0,60,55
5109,510992110,DEFOPENS,2025,1,64.1240022,99.0,60,55
5109,510992110,DEFOBCS,2025,1,90.2558184,99.0,60,55
5109,510992110,TFWS,2025,1,64.087617,99.0,60,55
5109,510992110,DEFROBCS,2025,1,52.0988164,99.0,60,55
5109,510992110,EWS,2025,1,50.5512969,99.0,60,55
5109,510999510,GOPENH,2025,1,81.2365306,99.0,60,55
5109,510999510,GSCNH,2025,1,69.1748413,99.0,60,55
5109,510999510,GSTNH,2025,1,40.4581492,99.0,60,55
5109,510999510,GVJS,2025,1,77.8890571,99.0,60,55
5109,510999510,GNT1S,2025,1,78.0816199,99.0,60,55
5109,510999510,GNT2S,2025,1,78.1913582,99.0,60,55
5109,510999510,GNT3S,2025,1,77.7384664,99.0,60,55
5109,510999510,GOBCNH,2025,1,79.9864621,99.0,60,55
5109,510999510,GSEBCS,2025,1,77.022977,99.0,60,55
5109,510999510,LOPENS,2025,1,82.9459739,99.0,60,55
5109,510999510,LSCS,2025,1,72.3753397,99.0,60,55
5109,510999510,LSTS,2025,1,50.9743237,99.0,60,55
5109,510999510,LVJS,2025,1,72.4223602,99.0,60,55
5109,510999510,LNT2S,2025,1,70.4858678,99.0,60,55
5109,510999510,LNT3S,2025,1,77.9049638,99.0,60,55
5109,510999510,LOBCS,2025,1,80.5383458,99.0,60,55
5109,510999510,LSEBCS,2025,1,80.5595655,99.0,60,55
5109,510999510,DEFOPENS,2025,1,37.9825825,99.0,60,55
5109,510999510,DEFOBCS,2025,1,66.3432235,99.0,60,55
5109,510999510,TFWS,2025,1,85.3954204,99.0,60,55
5109,510999510,EWS,2025,1,49.7711098,99.0,60,55
5121,512119110,GOPENH,2025,1,87.7305257,99.0,60,55
5121,512119110,GSCNH,2025,1,77.741426,99.0,60,55
5121,512119110,GSTNH,2025,1,75.4489132,99.0,60,55
5121,512119110,GVJS,2025,1,81.8599034,99.0,60,55
5121,512119110,GNT1S,2025,1,80.0260591,99.0,60,55
5121,512119110,GNT2S,2025,1,82.5792479,99.0,60,55
5121,512119110,GNT3S,2025,1,85.6921506,99.0,60,55
5121,512119110,GOBCNH,2025,1,86.3505412,99.0,60,55
5121,512119110,GSEBCS,2025,1,84.2510483,99.0,60,55
5121,512119110,LOPENS,2025,1,87.921673,99.0,60,55
5121,512119110,LSCS,2025,1,83.73706,99.0,60,55
5121,512119110,LSTS,2025,1,80.1749582,99.0,60,55
5121,512119110,LNT1S,2025,1,72.4223602,99.0,60,55
5121,512119110,LNT2S,2025,1,83.9283276,99.0,60,55
5121,512119110,LOBCS,2025,1,85.0307561,99.0,60,55
5121,512119110,LSEBCS,2025,1,86.3037543,99.0,60,55
5121,512119110,PWDOPENS,2025,1,28.2298995,99.0,60,55
5121,512119110,DEFOPENS,2025,1,58.3262891,99.0,60,55
5121,512119110,DEFSCS,2025,1,42.1633326,99.0,60,55
5121,512119110,DEFOBCS,2025,1,52.1652563,99.0,60,55
5121,512119110,TFWS,2025,1,91.7505571,99.0,60,55
5121,512119110,EWS,2025,1,50.5512969,99.0,60,55
5121,512121910,GOPENH,2025,1,90.9612775,99.0,60,55
5121,512121910,GSCNH,2025,1,82.8318522,99.0,60,55
5121,512121910,GSTNH,2025,1,38.0901752,99.0,60,55
5121,512121910,GVJS,2025,1,82.3454058,99.0,60,55
5121,512121910,GNT1S,2025,1,87.6167151,99.0,60,55
5121,512121910,GNT2S,2025,1,87.5726309,99.0,60,55
5121,512121910,GOBCNH,2025,1,90.0963693,99.0,60,55
5121,512121910,GSEBCS,2025,1,87.7305257,99.0,60,55
5121,512121910,LOPENS,2025,1,91.6804693,99.0,60,55
5121,512121910,LSCS,2025,1,82.9708753,99.0,60,55
5121,512121910,LSTS,2025,1,60.1814551,99.0,60,55
5121,512121910,LVJS,2025,1,91.1718238,99.0,60,55
5121,512121910,LNT1S,2025,1,85.3954204,99.0,60,55
5121,512121910,LNT2S,2025,1,85.2987504,99.0,60,55
5121,512121910,LNT3S,2025,1,82.9459739,99.0,60,55
5121,512121910,LOBCS,2025,1,91.1518015,99.0,60,55
5121,512121910,LSEBCS,2025,1,82.7018873,99.0,60,55
5121,512121910,DEFOPENS,2025,1,73.262321,99.0,60,55
5121,512121910,DEFOBCS,2025,1,54.9986599,99.0,60,55
5121,512121910,TFWS,2025,1,92.5267651,99.0,60,55
5121,512121910,EWS,2025,1,77.6220509,99.0,60,55
5121,512124510,GOPENH,2025,1,95.937512,99.0,60,55
5121,512124510,GSCNH,2025,1,91.8268053,99.0,60,55
5121,512124510,GSTNH,2025,1,81.7199,99.0,60,55
5121,512124510,GVJS,2025,1,92.7160749,99.0,60,55
5121,512124510,GNT1S,2025,1,92.4575883,99.0,60,55
5121,512124510,GNT2S,2025,1,93.4464908,99.0,60,55
5121,512124510,GNT3S,2025,1,94.5074586,99.0,60,55
5121,512124510,GOBCNH,2025,1,95.4986174,99.0,60,55
5121,512124510,GSEBCS,2025,1,95.3805594,99.0,60,55
5121,512124510,LOPENS,2025,1,96.8737201,99.0,60,55
5121,512124510,LSCS,2025,1,91.2552493,99.0,60,55
5121,512124510,LSTS,2025,1,85.1550148,99.0,60,55
5121,512124510,LVJS,2025,1,90.9144237,99.0,60,55
5121,512124510,LNT2S,2025,1,95.6826425,99.0,60,55
5121,512124510,LOBCS,2025,1,96.0287137,99.0,60,55
5121,512124510,LSEBCS,2025,1,96.2707087,99.0,60,55
5121,512124510,PWDOPENS,2025,1,56.5580532,99.0,60,55
5121,512124510,PWDSCS,2025,1,46.9424901,99.0,60,55
5121,512124510,PWDOBCS,2025,1,48.401775,99.0,60,55
5121,512124510,DEFOPENS,2025,1,94.3470195,99.0,60,55
5121,512124510,DEFSCS,2025,1,62.6016833,99.0,60,55
5121,512124510,DEFOBCS,2025,1,92.7564924,99.0,60,55
5121,512124510,TFWS,2025,1,97.225256,99.0,60,55
5121,512124510,EWS,2025,1,92.1789653,99.0,60,55
5121,512124610,GOPENH,2025,1,94.6049213,99.0,60,55
5121,512124610,GSCNH,2025,1,88.7955476,99.0,60,55
5121,512124610,GSTNH,2025,1,76.7952218,99.0,60,55
5121,512124610,GVJS,2025,1,89.6934787,99.0,60,55
5121,512124610,GNT1S,2025,1,91.563328,99.0,60,55
5121,512124610,GNT2S,2025,1,93.3747412,99.0,60,55
5121,512124610,GNT3S,2025,1,93.737776,99.0,60,55
5121,512124610,GOBCNH,2025,1,94.3811959,99.0,60,55
5121,512124610,GSEBCS,2025,1,93.9889579,99.0,60,55
5121,512124610,LOPENS,2025,1,94.7105213,99.0,60,55
5121,512124610,LSCS,2025,1,89.2656035,99.0,60,55
5121,512124610,LSTS,2025,1,63.003413,99.0,60,55
5121,512124610,LVJS,2025,1,88.1968791,99.0,60,55
5121,512124610,LNT1S,2025,1,92.0078173,99.0,60,55
5121,512124610,LOBCS,2025,1,94.4264691,99.0,60,55
5121,512124610,LSEBCS,2025,1,93.5645877,99.0,60,55
5121,512124610,PWDOPENS,2025,1,35.8191126,99.0,60,55
5121,512124610,PWDOBCS,2025,1,34.1022162,99.0,60,55
5121,512124610,DEFOPENS,2025,1,86.0742045,99.0,60,55
5121,512124610,DEFOBCS,2025,1,91.3672693,99.0,60,55
5121,512124610,TFWS,2025,1,96.3335144,99.0,60,55
5121,512124610,EWS,2025,1,89.6830085,99.0,60,55
5121,512125710,GOPENH,2025,1,93.4220277,99.0,60,55
5121,512125710,GSCNH,2025,1,87.4609239,99.0,60,55
5121,512125710,GSTNH,2025,1,63.9535342,99.0,60,55
5121,512125710,GVJS,2025,1,88.8464637,99.0,60,55
5121,512125710,GNT1S,2025,1,90.0843448,99.0,60,55
5121,512125710,GNT2S,2025,1,91.8567404,99.0,60,55
5121,512125710,GNT3S,2025,1,92.8766596,99.0,60,55
5121,512125710,GOBCNH,2025,1,92.9404101,99.0,60,55
5121,512125710,GSEBCS,2025,1,91.8375201,99.0,60,55
5121,512125710,LOPENS,2025,1,93.5072524,99.0,60,55
5121,512125710,LSCS,2025,1,88.7627999,99.0,60,55
5121,512125710,LSTS,2025,1,69.0271267,99.0,60,55
5121,512125710,LNT2S,2025,1,91.6272372,99.0,60,55
5121,512125710,LNT3S,2025,1,90.5704062,99.0,60,55
5121,512125710,LOBCS,2025,1,93.1944731,99.0,60,55
5121,512125710,LSEBCS,2025,1,92.6293219,99.0,60,55
5121,512125710,PWDOPENS,2025,1,37.1379111,99.0,60,55
5121,512125710,DEFOPENS,2025,1,83.988979,99.0,60,55
5121,512125710,DEFSCS,2025,1,52.8745002,99.0,60,55
5121,512125710,DEFOBCS,2025,1,83.7431799,99.0,60,55
5121,512125710,TFWS,2025,1,94.4750524,99.0,60,55
5121,512125710,EWS,2025,1,86.3482671,99.0,60,55
5121,512129310,GOPENH,2025,1,90.9200385,99.0,60,55
5121,512129310,GSCNH,2025,1,80.7403032,99.0,60,55
5121,512129310,GSTNH,2025,1,71.1330463,99.0,60,55
5121,512129310,GVJS,2025,1,90.8566407,99.0,60,55
5121,512129310,GNT1S,2025,1,89.5539769,99.0,60,55
5121,512129310,GNT2S,2025,1,84.4790806,99.0,60,55
5121,512129310,GNT3S,2025,1,90.5491967,99.0,60,55
5121,512129310,GOBCNH,2025,1,89.364907,99.0,60,55
5121,512129310,GSEBCS,2025,1,87.6167151,99.0,60,55
5121,512129310,LOPENS,2025,1,90.5704062,99.0,60,55
5121,512129310,LSCS,2025,1,78.9492107,99.0,60,55
5121,512129310,LSTS,2025,1,70.9482593,99.0,60,55
5121,512129310,LVJS,2025,1,73.9021728,99.0,60,55
5121,512129310,LNT1S,2025,1,80.7035589,99.0,60,55
5121,512129310,LNT2S,2025,1,85.3469357,99.0,60,55
5121,512129310,LOBCS,2025,1,89.6568852,99.0,60,55
5121,512129310,LSEBCS,2025,1,87.609626,99.0,60,55
5121,512129310,DEFOPENS,2025,1,74.6217331,99.0,60,55
5121,512129310,DEFOBCS,2025,1,68.2993965,99.0,60,55
5121,512129310,TFWS,2025,1,92.9443952,99.0,60,55
5121,512129310,EWS,2025,1,76.4346337,99.0,60,55
5121,512137210,GOPENH,2025,1,93.48002,99.0,60,55
5121,512137210,GSCNH,2025,1,85.225256,99.0,60,55
5121,512137210,GSTNH,2025,1,77.0914416,99.0,60,55
5121,512137210,GVJS,2025,1,88.1968791,99.0,60,55
5121,512137210,GNT1S,2025,1,89.0368294,99.0,60,55
5121,512137210,GNT2S,2025,1,92.8705176,99.0,60,55
5121,512137210,GNT3S,2025,1,93.4491576,99.0,60,55
5121,512137210,GOBCNH,2025,1,93.0716724,99.0,60,55
5121,512137210,GSEBCS,2025,1,92.6318737,99.0,60,55
5121,512137210,LOPENS,2025,1,93.3747412,99.0,60,55
5121,512137210,LSCS,2025,1,84.4137833,99.0,60,55
5121,512137210,LSTS,2025,1,56.5580532,99.0,60,55
5121,512137210,LNT1S,2025,1,89.8845123,99.0,60,55
5121,512137210,LNT2S,2025,1,90.8571649,99.0,60,55
5121,512137210,LNT3S,2025,1,89.5272602,99.0,60,55
5121,512137210,LOBCS,2025,1,93.0716724,99.0,60,55
5121,512137210,LSEBCS,2025,1,89.6934787,99.0,60,55
5121,512137210,DEFOPENS,2025,1,82.9464759,99.0,60,55
5121,512137210,DEFSCS,2025,1,49.1980067,99.0,60,55
5121,512137210,DEFOBCS,2025,1,88.5024155,99.0,60,55
5121,512137210,TFWS,2025,1,95.022244,99.0,60,55
5121,512137210,EWS,2025,1,70.9390112,99.0,60,55
5121,512150710,GOPENH,2025,1,88.0315567,99.0,60,55
5121,512150710,GSCNH,2025,1,75.1493199,99.0,60,55
5121,512150710,GSTNH,2025,1,27.147084,99.0,60,55
5121,512150710,GVJS,2025,1,83.8560469,99.0,60,55
5121,512150710,GNT1S,2025,1,80.5383458,99.0,60,55
5121,512150710,GNT2S,2025,1,81.1271398,99.0,60,55
5121,512150710,GNT3S,2025,1,85.0307561,99.0,60,55
5121,512150710,GOBCNH,2025,1,86.2729883,99.0,60,55
5121,512150710,GSEBCS,2025,1,82.0388536,99.0,60,55
5121,512150710,LOPENS,2025,1,86.8632708,99.0,60,55
5121,512150710,LSCS,2025,1,76.6875679,99.0,60,55
5121,512150710,LSTS,2025,1,58.4262318,99.0,60,55
5121,512150710,LVJS,2025,1,72.9916849,99.0,60,55
5121,512150710,LOBCS,2025,1,84.9063828,99.0,60,55
5121,512150710,LSEBCS,2025,1,84.5857013,99.0,60,55
5121,512150710,PWDOPENS,2025,1,24.2423208,99.0,60,55
5121,512150710,DEFOPENS,2025,1,50.8385093,99.0,60,55
5121,512150710,TFWS,2025,1,90.5728815,99.0,60,55
5121,512150710,DEFROBCS,2025,1,44.5569356,99.0,60,55
5121,512150710,EWS,2025,1,66.3432235,99.0,60,55
5121,512161210,GOPENH,2025,1,91.3216011,99.0,60,55
5121,512161210,GSCNH,2025,1,82.7777778,99.0,60,55
5121,512161210,GSTNH,2025,1,66.7193141,99.0,60,55
5121,512161210,GVJS,2025,1,87.4032298,99.0,60,55
5121,512161210,GNT1S,2025,1,82.4592501,99.0,60,55
5121,512161210,GNT2S,2025,1,89.5592458,99.0,60,55
5121,512161210,GOBCNH,2025,1,90.112628,99.0,60,55
5121,512161210,GSEBCS,2025,1,85.819156,99.0,60,55
5121,512161210,LOPENS,2025,1,89.4497168,99.0,60,55
5121,512161210,LSCS,2025,1,77.8612083,99.0,60,55
5121,512161210,LSTS,2025,1,57.8685189,99.0,60,55
5121,512161210,LVJS,2025,1,80.0260591,99.0,60,55
5121,512161210,LNT2S,2025,1,76.468112,99.0,60,55
5121,512161210,LNT3S,2025,1,84.2510483,99.0,60,55
5121,512161210,LOBCS,2025,1,88.2583444,99.0,60,55
5121,512161210,LSEBCS,2025,1,86.9322985,99.0,60,55
5121,512161210,PWDOPENS,2025,1,34.7115718,99.0,60,55
5121,512161210,DEFOPENS,2025,1,76.2668468,99.0,60,55
5121,512161210,DEFOBCS,2025,1,69.1748413,99.0,60,55
5121,512161210,TFWS,2025,1,93.0414085,99.0,60,55
5121,512161210,EWS,2025,1,74.6516923,99.0,60,55
5121,512199510,GOPENH,2025,1,94.5553041,99.0,60,55
5121,512199510,GSCNH,2025,1,89.106913,99.0,60,55
5121,512199510,GSTNH,2025,1,79.4793202,99.0,60,55
5121,512199510,GVJS,2025,1,90.5659048,99.0,60,55
5121,512199510,GNT1S,2025,1,91.9326024,99.0,60,55
5121,512199510,GNT2S,2025,1,93.0903303,99.0,60,55
5121,512199510,GNT3S,2025,1,93.6609837,99.0,60,55
5121,512199510,GOBCNH,2025,1,94.2038061,99.0,60,55
5121,512199510,GSEBCS,2025,1,93.3529772,99.0,60,55
5121,512199510,LOPENS,2025,1,94.6508434,99.0,60,55
5121,512199510,LSCS,2025,1,89.0033044,99.0,60,55
5121,512199510,LSTS,2025,1,78.2850242,99.0,60,55
5121,512199510,LNT1S,2025,1,90.3271341,99.0,60,55
5121,512199510,LNT2S,2025,1,91.6804693,99.0,60,55
5121,512199510,LOBCS,2025,1,94.3811959,99.0,60,55
5121,512199510,LSEBCS,2025,1,93.9120113,99.0,60,55
5121,512199510,PWDOPENS,2025,1,49.4593034,99.0,60,55
5121,512199510,PWDOBCS,2025,1,22.6197993,99.0,60,55
5121,512199510,DEFOPENS,2025,1,85.3230758,99.0,60,55
5121,512199510,DEFSCS,2025,1,43.0034494,99.0,60,55
5121,512199510,DEFOBCS,2025,1,83.9283276,99.0,60,55
5121,512199510,TFWS,2025,1,95.9558175,99.0,60,55
5121,512199510,EWS,2025,1,89.935711,99.0,60,55
5124,512419110,GOPENH,2025,1,53.1039032,99.0,60,55
5124,512419110,GSCNH,2025,1,11.0148558,99.0,60,55
5124,512419110,GSTNH,2025,1,15.6344619,99.0,60,55
5124,512419110,GVJS,2025,1,45.457039,99.0,60,55
5124,512419110,GNT1S,2025,1,38.215662,99.0,60,55
5124,512419110,GNT2S,2025,1,30.8808364,99.0,60,55
5124,512419110,GNT3S,2025,1,49.6322266,99.0,60,55
5124,512419110,GOBCNH,2025,1,48.1318449,99.0,60,55
5124,512419110,GSEBCS,2025,1,35.8191126,99.0,60,55
5124,512419110,LOPENS,2025,1,52.1496391,99.0,60,55
5124,512419110,LSCS,2025,1,40.4599724,99.0,60,55
5124,512419110,LSTS,2025,1,21.1739609,99.0,60,55
5124,512419110,LVJS,2025,1,15.4472393,99.0,60,55
5124,512419110,LOBCS,2025,1,50.5512969,99.0,60,55
5124,512419110,LSEBCS,2025,1,28.7221654,99.0,60,55
5124,512419110,TFWS,2025,1,66.0625569,99.0,60,55
5124,512419110,EWS,2025,1,59.2124434,99.0,60,55
5124,512424510,GOPENH,2025,1,68.1448034,99.0,60,55
5124,512424510,GSCNH,2025,1,46.9424901,99.0,60,55
5124,512424510,GVJS,2025,1,63.8128892,99.0,60,55
5124,512424510,GNT1S,2025,1,67.3167917,99.0,60,55
5124,512424510,GNT2S,2025,1,60.4816409,99.0,60,55
5124,512424510,GNT3S,2025,1,66.1311211,99.0,60,55
5124,512424510,GOBCNH,2025,1,62.965955,99.0,60,55
5124,512424510,GSEBCS,2025,1,62.9339383,99.0,60,55
5124,512424510,LOPENS,2025,1,70.4097117,99.0,60,55
5124,512424510,LSCS,2025,1,49.6322266,99.0,60,55
5124,512424510,LVJS,2025,1,44.6087422,99.0,60,55
5124,512424510,LNT1S,2025,1,47.8219396,99.0,60,55
5124,512424510,LNT2S,2025,1,66.1911263,99.0,60,55
5124,512424510,LNT3S,2025,1,69.3105802,99.0,60,55
5124,512424510,LOBCS,2025,1,66.1911263,99.0,60,55
5124,512424510,LSEBCS,2025,1,68.6498934,99.0,60,55
5124,512424510,TFWS,2025,1,73.9021728,99.0,60,55
5124,512424510,EWS,2025,1,13.1614654,99.0,60,55
5124,512424610,GOPENH,2025,1,61.5912113,99.0,60,55
5124,512424610,GSCNH,2025,1,29.2374051,99.0,60,55
5124,512424610,GVJS,2025,1,52.8560653,99.0,60,55
5124,512424610,GNT1S,2025,1,52.8745002,99.0,60,55
5124,512424610,GNT2S,2025,1,61.2830506,99.0,60,55
5124,512424610,GNT3S,2025,1,60.5843098,99.0,60,55
5124,512424610,GOBCNH,2025,1,60.5843098,99.0,60,55
5124,512424610,GSEBCS,2025,1,56.1183815,99.0,60,55
5124,512424610,LOPENS,2025,1,71.9146758,99.0,60,55
5124,512424610,LSCS,2025,1,34.0389056,99.0,60,55
5124,512424610,LNT1S,2025,1,41.0952232,99.0,60,55
5124,512424610,LNT2S,2025,1,55.7277177,99.0,60,55
5124,512424610,LOBCS,2025,1,62.8386652,99.0,60,55
5124,512424610,LSEBCS,2025,1,57.502776,99.0,60,55
5124,512424610,TFWS,2025,1,71.4785529,99.0,60,55
5124,512429310,GOPENH,2025,1,58.1324148,99.0,60,55
5124,512429310,GSCNH,2025,1,20.9290709,99.0,60,55
5124,512429310,GVJS,2025,1,5.2389769,99.0,60,55
5124,512429310,GNT1S,2025,1,0.9633236,99.0,60,55
5124,512429310,GNT2S,2025,1,45.6611497,99.0,60,55
5124,512429310,GNT3S,2025,1,51.0139791,99.0,60,55
5124,512429310,GOBCNH,2025,1,50.9743237,99.0,60,55
5124,512429310,GSEBCS,2025,1,39.9867632,99.0,60,55
5124,512429310,LOPENS,2025,1,63.8128892,99.0,60,55
5124,512429310,LSCS,2025,1,18.2784396,99.0,60,55
5124,512429310,LNT2S,2025,1,53.7405107,99.0,60,55
5124,512429310,LNT3S,2025,1,55.6712077,99.0,60,55
5124,512429310,LOBCS,2025,1,55.6712077,99.0,60,55
5124,512429310,LSEBCS,2025,1,30.1917921,99.0,60,55
5124,512429310,TFWS,2025,1,71.9146758,99.0,60,55
5124,512461210,GOPENH,2025,1,63.8128892,99.0,60,55
5124,512461210,GSCNH,2025,1,17.5005248,99.0,60,55
5124,512461210,GVJS,2025,1,59.5017065,99.0,60,55
5124,512461210,GNT1S,2025,1,52.016058,99.0,60,55
5124,512461210,GNT2S,2025,1,59.0801845,99.0,60,55
5124,512461210,GNT3S,2025,1,56.1183815,99.0,60,55
5124,512461210,GOBCNH,2025,1,59.5017065,99.0,60,55
5124,512461210,GSEBCS,2025,1,44.6246246,99.0,60,55
5124,512461210,LOPENS,2025,1,56.2435713,99.0,60,55
5124,512461210,LSCS,2025,1,20.4040793,99.0,60,55
5124,512461210,LOBCS,2025,1,52.1058919,99.0,60,55
5124,512461210,LSEBCS,2025,1,33.4150899,99.0,60,55
5124,512461210,TFWS,2025,1,77.741426,99.0,60,55
5124,512461210,EWS,2025,1,45.035095,99.0,60,55
5124,512462410,GOPENH,2025,1,56.5182885,99.0,60,55
5124,512462410,GNT1S,2025,1,52.1191375,99.0,60,55
5124,512462410,GNT2S,2025,1,45.9819894,99.0,60,55
5124,512462410,GOBCNH,2025,1,52.016058,99.0,60,55
5124,512462410,GSEBCS,2025,1,41.3533547,99.0,60,55
5124,512462410,LOPENS,2025,1,55.7703505,99.0,60,55
5124,512462410,LNT1S,2025,1,28.3220209,99.0,60,55
5124,512462410,LNT2S,2025,1,53.864934,99.0,60,55
5124,512462410,LNT3S,2025,1,52.8560653,99.0,60,55
5124,512462410,LOBCS,2025,1,37.2578704,99.0,60,55
5124,512462410,LSEBCS,2025,1,59.2474828,99.0,60,55
5124,512462410,TFWS,2025,1,60.5843098,99.0,60,55
5124,512462410,EWS,2025,1,47.7838912,99.0,60,55
5124,512484410,GOPENH,2025,1,57.9680585,99.0,60,55
5124,512484410,GNT1S,2025,1,44.6246246,99.0,60,55
5124,512484410,GNT2S,2025,1,50.8385093,99.0,60,55
5124,512484410,GNT3S,2025,1,57.0044084,99.0,60,55
5124,512484410,GOBCNH,2025,1,52.1585439,99.0,60,55
5124,512484410,GSEBCS,2025,1,47.8398896,99.0,60,55
5124,512484410,LOPENS,2025,1,60.010721,99.0,60,55
5124,512484410,LNT2S,2025,1,55.4914407,99.0,60,55
5124,512484410,LOBCS,2025,1,52.8560653,99.0,60,55
5124,512484410,LSEBCS,2025,1,41.7943409,99.0,60,55
5124,512484410,TFWS,2025,1,58.4294088,99.0,60,55
5124,512499510,GOPENH,2025,1,68.8065641,99.0,60,55
5124,512499510,GSCNH,2025,1,55.2387338,99.0,60,55
5124,512499510,GSTNH,2025,1,38.215662,99.0,60,55
5124,512499510,GNT2S,2025,1,67.967082,99.0,60,55
5124,512499510,GNT3S,2025,1,59.2474828,99.0,60,55
5124,512499510,GOBCNH,2025,1,63.5303851,99.0,60,55
5124,512499510,GSEBCS,2025,1,50.5512969,99.0,60,55
5124,512499510,LOPENS,2025,1,76.099588,99.0,60,55
5124,512499510,LSCS,2025,1,63.003413,99.0,60,55
5124,512499510,LNT1S,2025,1,72.3753397,99.0,60,55
5124,512499510,LOBCS,2025,1,59.4665021,99.0,60,55
5124,512499510,LSEBCS,2025,1,68.4225402,99.0,60,55
5124,512499510,TFWS,2025,1,17.7235495,99.0,60,55
5124,512499510,EWS,2025,1,53.7405107,99.0,60,55
5125,512524510,TFWS,2025,1,76.2668468,99.0,60,55
5125,512524510,EWS,2025,1,54.1426021,99.0,60,55
5125,512550710,TFWS,2025,1,65.2933256,99.0,60,55
5125,512550710,EWS,2025,1,52.8560653,99.0,60,55
5130,513024510,TFWS,2025,1,73.676029,99.0,60,55
5130,513024510,EWS,2025,1,27.84396,99.0,60,55
5139,513919110,GOPENH,2025,1,72.9906413,99.0,60,55
5139,513919110,GSCNH,2025,1,40.7074872,99.0,60,55
5139,513919110,GSTNH,2025,1,49.8699585,99.0,60,55
5139,513919110,GVJS,2025,1,53.1039032,99.0,60,55
5139,513919110,GNT1S,2025,1,52.1191375,99.0,60,55
5139,513919110,GNT2S,2025,1,67.2980865,99.0,60,55
5139,513919110,GNT3S,2025,1,71.5917775,99.0,60,55
5139,513919110,GOBCNH,2025,1,71.4785529,99.0,60,55
5139,513919110,GSEBCS,2025,1,61.8012422,99.0,60,55
5139,513919110,LOPENS,2025,1,74.6275026,99.0,60,55
5139,513919110,LSCS,2025,1,43.7064846,99.0,60,55
5139,513919110,LSTS,2025,1,63.540901,99.0,60,55
5139,513919110,LNT2S,2025,1,73.3487346,99.0,60,55
5139,513919110,LOBCS,2025,1,59.0801845,99.0,60,55
5139,513919110,LSEBCS,2025,1,80.78157,99.0,60,55
5139,513919110,TFWS,2025,1,43.578754,99.0,60,55
5139,513924510,GOPENH,2025,1,84.9389417,99.0,60,55
5139,513924510,GSCNH,2025,1,71.4142775,99.0,60,55
5139,513924510,GSTNH,2025,1,27.0109031,99.0,60,55
5139,513924510,GVJS,2025,1,76.6875679,99.0,60,55
5139,513924510,GNT1S,2025,1,76.099588,99.0,60,55
5139,513924510,GNT2S,2025,1,82.3454058,99.0,60,55
5139,513924510,GNT3S,2025,1,81.7199,99.0,60,55
5139,513924510,GOBCNH,2025,1,83.7030299,99.0,60,55
5139,513924510,GSEBCS,2025,1,82.4592501,99.0,60,55
5139,513924510,LOPENS,2025,1,88.2583444,99.0,60,55
5139,513924510,LSCS,2025,1,74.1334872,99.0,60,55
5139,513924510,LVJS,2025,1,61.2510322,99.0,60,55
5139,513924510,LNT1S,2025,1,80.0260591,99.0,60,55
5139,513924510,LNT3S,2025,1,80.5595655,99.0,60,55
5139,513924510,LOBCS,2025,1,86.7003307,99.0,60,55
5139,513924510,LSEBCS,2025,1,84.3183057,99.0,60,55
5139,513924510,DEFOPENS,2025,1,69.8131691,99.0,60,55
5139,513924510,DEFOBCS,2025,1,22.546494,99.0,60,55
5139,513924510,TFWS,2025,1,89.5592458,99.0,60,55
5139,513924510,EWS,2025,1,43.578754,99.0,60,55
5139,513924610,GOPENH,2025,1,78.9956692,99.0,60,55
5139,513924610,GSCNH,2025,1,62.4995214,99.0,60,55
5139,513924610,GVJS,2025,1,74.0786749,99.0,60,55
5139,513924610,GNT1S,2025,1,71.4142775,99.0,60,55
5139,513924610,GNT2S,2025,1,74.75684,99.0,60,55
5139,513924610,GNT3S,2025,1,77.741426,99.0,60,55
5139,513924610,GOBCNH,2025,1,77.8890571,99.0,60,55
5139,513924610,GSEBCS,2025,1,75.4489132,99.0,60,55
5139,513924610,LOPENS,2025,1,81.2737812,99.0,60,55
5139,513924610,LSCS,2025,1,65.6970807,99.0,60,55
5139,513924610,LVJS,2025,1,71.1330463,99.0,60,55
5139,513924610,LNT2S,2025,1,75.1704646,99.0,60,55
5139,513924610,LNT3S,2025,1,78.7121389,99.0,60,55
5139,513924610,LOBCS,2025,1,80.5383458,99.0,60,55
5139,513924610,LSEBCS,2025,1,80.7035589,99.0,60,55
5139,513924610,DEFOPENS,2025,1,57.8685189,99.0,60,55
5139,513924610,TFWS,2025,1,85.239357,99.0,60,55
5139,513924610,EWS,2025,1,1.2541954,99.0,60,55
5139,513937210,GOPENH,2025,1,78.3451044,99.0,60,55
5139,513937210,GSCNH,2025,1,53.864934,99.0,60,55
5139,513937210,GVJS,2025,1,60.5118338,99.0,60,55
5139,513937210,GNT3S,2025,1,77.583794,99.0,60,55
5139,513937210,GOBCNH,2025,1,77.583794,99.0,60,55
5139,513937210,GSEBCS,2025,1,74.9893249,99.0,60,55
5139,513937210,LOPENS,2025,1,81.9275869,99.0,60,55
5139,513937210,LSCS,2025,1,53.1999725,99.0,60,55
5139,513937210,LNT1S,2025,1,69.7766245,99.0,60,55
5139,513937210,LNT2S,2025,1,72.0579403,99.0,60,55
5139,513937210,LOBCS,2025,1,80.5383458,99.0,60,55
5139,513937210,LSEBCS,2025,1,79.8369603,99.0,60,55
5139,513937210,DEFOPENS,2025,1,39.9867632,99.0,60,55
5139,513937210,TFWS,2025,1,81.9381769,99.0,60,55
5139,513937210,DEFROBCS,2025,1,67.9203695,99.0,60,55
5139,513937210,EWS,2025,1,13.1538992,99.0,60,55
5139,513946410,GOPENH,2025,1,73.2908824,99.0,60,55
5139,513946410,GSCNH,2025,1,41.0952232,99.0,60,55
5139,513946410,GNT1S,2025,1,69.3105802,99.0,60,55
5139,513946410,GNT2S,2025,1,66.0549811,99.0,60,55
5139,513946410,GNT3S,2025,1,67.967082,99.0,60,55
5139,513946410,GOBCNH,2025,1,69.8131691,99.0,60,55
5139,513946410,GSEBCS,2025,1,63.9535342,99.0,60,55
5139,513946410,LOPENS,2025,1,73.9721817,99.0,60,55
5139,513946410,LSCS,2025,1,48.6512524,99.0,60,55
5139,513946410,LVJS,2025,1,71.7479911,99.0,60,55
5139,513946410,LOBCS,2025,1,68.5042436,99.0,60,55
5139,513946410,LSEBCS,2025,1,83.4251983,99.0,60,55
5139,513946410,TFWS,2025,1,38.0740533,99.0,60,55
5139,513950710,GOPENH,2025,1,73.2908824,99.0,60,55
5139,513950710,GSCNH,2025,1,46.9424901,99.0,60,55
5139,513950710,GVJS,2025,1,64.1240022,99.0,60,55
5139,513950710,GNT1S,2025,1,70.4215645,99.0,60,55
5139,513950710,GNT2S,2025,1,71.5294662,99.0,60,55
5139,513950710,GOBCNH,2025,1,71.4377156,99.0,60,55
5139,513950710,GSEBCS,2025,1,66.2459959,99.0,60,55
5139,513950710,LOPENS,2025,1,75.9291421,99.0,60,55
5139,513950710,LSCS,2025,1,69.7621466,99.0,60,55
5139,513950710,LNT2S,2025,1,66.1311211,99.0,60,55
5139,513950710,LNT3S,2025,1,68.58833,99.0,60,55
5139,513950710,LOBCS,2025,1,73.3487346,99.0,60,55
5139,513950710,LSEBCS,2025,1,55.3743463,99.0,60,55
5139,513950710,DEFOPENS,2025,1,52.1191375,99.0,60,55
5139,513950710,TFWS,2025,1,81.2365306,99.0,60,55
5139,513950710,EWS,2025,1,20.4073236,99.0,60,55
5139,513961210,GOPENH,2025,1,78.9025471,99.0,60,55
5139,513961210,GSCNH,2025,1,53.1039032,99.0,60,55
5139,513961210,GNT1S,2025,1,72.3753397,99.0,60,55
5139,513961210,GNT2S,2025,1,72.4223602,99.0,60,55
5139,513961210,GNT3S,2025,1,75.4489132,99.0,60,55
5139,513961210,GOBCNH,2025,1,77.741426,99.0,60,55
5139,513961210,GSEBCS,2025,1,70.4215645,99.0,60,55
5139,513961210,LOPENS,2025,1,77.3511663,99.0,60,55
5139,513961210,LSCS,2025,1,44.3667268,99.0,60,55
5139,513961210,LVJS,2025,1,30.647462,99.0,60,55
5139,513961210,LNT1S,2025,1,47.8532423,99.0,60,55
5139,513961210,LOBCS,2025,1,76.468112,99.0,60,55
5139,513961210,LSEBCS,2025,1,75.8548894,99.0,60,55
5139,513961210,DEFOPENS,2025,1,80.7004831,99.0,60,55
5139,513961210,TFWS,2025,1,81.6705255,99.0,60,55
5139,513984410,GOPENH,2025,1,76.3172626,99.0,60,55
5139,513984410,GSCNH,2025,1,56.92563,99.0,60,55
5139,513984410,GVJS,2025,1,58.3262891,99.0,60,55
5139,513984410,GNT1S,2025,1,63.5035466,99.0,60,55
5139,513984410,GNT3S,2025,1,74.7351841,99.0,60,55
5139,513984410,GOBCNH,2025,1,75.242318,99.0,60,55
5139,513984410,GSEBCS,2025,1,74.6516923,99.0,60,55
5139,513984410,LOPENS,2025,1,76.973775,99.0,60,55
5139,513984410,LSCS,2025,1,61.8012422,99.0,60,55
5139,513984410,LNT2S,2025,1,70.9390112,99.0,60,55
5139,513984410,LOBCS,2025,1,76.5032413,99.0,60,55
5139,513984410,LSEBCS,2025,1,73.3487346,99.0,60,55
5139,513984410,TFWS,2025,1,78.8262695,99.0,60,55
5139,513991610,GOPENH,2025,1,74.8112584,99.0,60,55
5139,513991610,GSCNH,2025,1,44.1937857,99.0,60,55
5139,513991610,GVJS,2025,1,57.5477401,99.0,60,55
5139,513991610,GNT2S,2025,1,66.4794206,99.0,60,55
5139,513991610,GNT3S,2025,1,71.9146758,99.0,60,55
5139,513991610,GOBCNH,2025,1,74.4163823,99.0,60,55
5139,513991610,GSEBCS,2025,1,63.4876968,99.0,60,55
5139,513991610,LOPENS,2025,1,75.242318,99.0,60,55
5139,513991610,LSCS,2025,1,48.1318449,99.0,60,55
5139,513991610,LNT1S,2025,1,54.2626684,99.0,60,55
5139,513991610,LOBCS,2025,1,74.9893249,99.0,60,55
5139,513991610,LSEBCS,2025,1,71.4785529,99.0,60,55
5139,513991610,TFWS,2025,1,76.2591061,99.0,60,55
5139,513991610,EWS,2025,1,66.0913492,99.0,60,55
5139,513999510,GOPENH,2025,1,81.6127789,99.0,60,55
5139,513999510,GSCNH,2025,1,59.950946,99.0,60,55
5139,513999510,GVJS,2025,1,80.4293972,99.0,60,55
5139,513999510,GNT1S,2025,1,70.8903389,99.0,60,55
5139,513999510,GNT2S,2025,1,79.379989,99.0,60,55
5139,513999510,GOBCNH,2025,1,80.7055032,99.0,60,55
5139,513999510,GSEBCS,2025,1,76.2668468,99.0,60,55
5139,513999510,LOPENS,2025,1,83.769652,99.0,60,55
5139,513999510,LSCS,2025,1,62.3077731,99.0,60,55
5139,513999510,LVJS,2025,1,66.5496835,99.0,60,55
5139,513999510,LNT2S,2025,1,80.78157,99.0,60,55
5139,513999510,LNT3S,2025,1,77.3511663,99.0,60,55
5139,513999510,LOBCS,2025,1,82.8318522,99.0,60,55
5139,513999510,LSEBCS,2025,1,77.9589871,99.0,60,55
5139,513999510,DEFOPENS,2025,1,22.546494,99.0,60,55
5139,513999510,DEFOBCS,2025,1,73.2908824,99.0,60,55
5139,513999510,TFWS,2025,1,87.0343086,99.0,60,55
5139,513999510,EWS,2025,1,6.7769925,99.0,60,55
5151,515119110,DEFOPENS,2025,1,32.5421636,99.0,60,55
5151,515119110,TFWS,2025,1,81.7199,99.0,60,55
5151,515119110,DEFROBCS,2025,1,23.9884494,99.0,60,55
5151,515119110,EWS,2025,1,25.0611389,99.0,60,55
5151,515124510,DEFOPENS,2025,1,68.9409579,99.0,60,55
5151,515124510,DEFOBCS,2025,1,68.6717464,99.0,60,55
5151,515124510,TFWS,2025,1,90.5659048,99.0,60,55
5151,515124510,EWS,2025,1,80.7403032,99.0,60,55
5151,515124610,DEFOPENS,2025,1,61.9042106,99.0,60,55
5151,515124610,DEFOBCS,2025,1,66.3432235,99.0,60,55
5151,515124610,TFWS,2025,1,88.1968791,99.0,60,55
5151,515124610,EWS,2025,1,65.814611,99.0,60,55
5151,515129310,DEFOPENS,2025,1,42.3488094,99.0,60,55
5151,515129310,TFWS,2025,1,85.9212092,99.0,60,55
5151,515129310,EWS,2025,1,39.9385666,99.0,60,55
5151,515137210,DEFOPENS,2025,1,79.6966406,99.0,60,55
5151,515137210,TFWS,2025,1,85.9241674,99.0,60,55
5151,515137210,EWS,2025,1,59.4665021,99.0,60,55
5151,515161210,DEFOPENS,2025,1,39.4647165,99.0,60,55
5151,515161210,DEFOBCS,2025,1,31.7722006,99.0,60,55
5151,515161210,TFWS,2025,1,84.3396689,99.0,60,55
5151,515161210,EWS,2025,1,32.6058557,99.0,60,55
5151,515184410,DEFOPENS,2025,1,43.2614932,99.0,60,55
5151,515184410,TFWS,2025,1,85.6921506,99.0,60,55
5151,515184410,EWS,2025,1,37.2578704,99.0,60,55
5151,515199510,DEFOPENS,2025,1,55.6597249,99.0,60,55
5151,515199510,DEFOBCS,2025,1,54.9986599,99.0,60,55
5151,515199510,TFWS,2025,1,89.6934787,99.0,60,55
5151,515199510,EWS,2025,1,73.3487346,99.0,60,55
5152,515219110,GOPENH,2025,1,52.1058919,99.0,60,55
5152,515219110,LOPENS,2025,1,52.8745002,99.0,60,55
5152,515219110,TFWS,2025,1,12.6169055,99.0,60,55
5152,515224210,GOPENH,2025,1,70.4858678,99.0,60,55
5152,515224210,LOPENS,2025,1,72.5793422,99.0,60,55
5152,515224210,TFWS,2025,1,7.223771,99.0,60,55
5152,515224610,GOPENH,2025,1,69.3900327,99.0,60,55
5152,515224610,LOPENS,2025,1,71.2894525,99.0,60,55
5152,515224610,TFWS,2025,1,71.5917775,99.0,60,55
5152,515229310,GOPENH,2025,1,58.1924692,99.0,60,55
5152,515229310,LOPENS,2025,1,59.2443064,99.0,60,55
5152,515229310,TFWS,2025,1,64.5293156,99.0,60,55
5152,515237210,GOPENH,2025,1,67.2460619,99.0,60,55
5152,515237210,LOPENS,2025,1,69.4641016,99.0,60,55
5152,515237210,TFWS,2025,1,37.5813241,99.0,60,55
5152,515261210,GOPENH,2025,1,56.92563,99.0,60,55
5152,515261210,LOPENS,2025,1,57.502776,99.0,60,55
5152,515261210,TFWS,2025,1,74.4163823,99.0,60,55
5152,515291110,GOPENH,2025,1,74.6275026,99.0,60,55
5152,515291110,LOPENS,2025,1,73.9021728,99.0,60,55
5152,515291110,TFWS,2025,1,19.4445432,99.0,60,55
5152,515291210,GOPENH,2025,1,68.9346395,99.0,60,55
5152,515291210,LOPENS,2025,1,69.9192754,99.0,60,55
5152,515291210,TFWS,2025,1,75.2153333,99.0,60,55
5152,515291310,GOPENH,2025,1,71.7544603,99.0,60,55
5152,515291310,LOPENS,2025,1,70.3402566,99.0,60,55
5152,515291310,TFWS,2025,1,47.8755661,99.0,60,55
5160,516019110,GOPENH,2025,1,82.1648735,99.0,60,55
5160,516019110,GSCNH,2025,1,66.561551,99.0,60,55
5160,516019110,GSTNH,2025,1,50.8385093,99.0,60,55
5160,516019110,GVJS,2025,1,77.9303712,99.0,60,55
5160,516019110,GNT1S,2025,1,79.379989,99.0,60,55
5160,516019110,GNT2S,2025,1,75.6280193,99.0,60,55
5160,516019110,GNT3S,2025,1,81.6705255,99.0,60,55
5160,516019110,GOBCNH,2025,1,80.78157,99.0,60,55
5160,516019110,GSEBCS,2025,1,77.1955616,99.0,60,55
5160,516019110,LOPENS,2025,1,84.207639,99.0,60,55
5160,516019110,LSCS,2025,1,64.7164682,99.0,60,55
5160,516019110,LSTS,2025,1,19.7268589,99.0,60,55
5160,516019110,LVJS,2025,1,75.6051641,99.0,60,55
5160,516019110,LNT1S,2025,1,67.2460619,99.0,60,55
5160,516019110,LNT2S,2025,1,75.110975,99.0,60,55
5160,516019110,LOBCS,2025,1,82.3704723,99.0,60,55
5160,516019110,LSEBCS,2025,1,78.9956692,99.0,60,55
5160,516019110,DEFOPENS,2025,1,41.1906024,99.0,60,55
5160,516019110,DEFOBCS,2025,1,30.1917921,99.0,60,55
5160,516019110,TFWS,2025,1,84.5795651,99.0,60,55
5160,516019110,EWS,2025,1,77.1955616,99.0,60,55
5160,516024510,GOPENH,2025,1,94.5074586,99.0,60,55
5160,516024510,GSCNH,2025,1,85.4974574,99.0,60,55
5160,516024510,GSTNH,2025,1,58.4262318,99.0,60,55
5160,516024510,GVJS,2025,1,89.8801547,99.0,60,55
5160,516024510,GNT1S,2025,1,89.1791812,99.0,60,55
5160,516024510,GNT2S,2025,1,91.8455822,99.0,60,55
5160,516024510,GOBCNH,2025,1,94.0729324,99.0,60,55
5160,516024510,GSEBCS,2025,1,93.8884805,99.0,60,55
5160,516024510,LOPENS,2025,1,95.6991467,99.0,60,55
5160,516024510,LSCS,2025,1,85.1689875,99.0,60,55
5160,516024510,LSTS,2025,1,58.4262318,99.0,60,55
5160,516024510,LVJS,2025,1,89.8845123,99.0,60,55
5160,516024510,LNT2S,2025,1,93.1944731,99.0,60,55
5160,516024510,LNT3S,2025,1,93.442623,99.0,60,55
5160,516024510,LOBCS,2025,1,94.7610231,99.0,60,55
5160,516024510,LSEBCS,2025,1,94.0949981,99.0,60,55
5160,516024510,PWDOPENS,2025,1,44.1521083,99.0,60,55
5160,516024510,DEFOPENS,2025,1,84.6586561,99.0,60,55
5160,516024510,DEFSCS,2025,1,78.0816199,99.0,60,55
5160,516024510,DEFOBCS,2025,1,82.7018873,99.0,60,55
5160,516024510,TFWS,2025,1,96.7120842,99.0,60,55
5160,516024510,EWS,2025,1,87.089825,99.0,60,55
5160,516024610,GOPENH,2025,1,92.9404101,99.0,60,55
5160,516024610,GSCNH,2025,1,83.7030299,99.0,60,55
5160,516024610,GSTNH,2025,1,37.5813241,99.0,60,55
5160,516024610,GVJS,2025,1,86.3037543,99.0,60,55
5160,516024610,GNT1S,2025,1,89.1014047,99.0,60,55
5160,516024610,GNT2S,2025,1,91.563328,99.0,60,55
5160,516024610,GNT3S,2025,1,92.3740511,99.0,60,55
5160,516024610,GOBCNH,2025,1,92.5664772,99.0,60,55
5160,516024610,GSEBCS,2025,1,91.8347853,99.0,60,55
5160,516024610,LOPENS,2025,1,93.1261047,99.0,60,55
5160,516024610,LSCS,2025,1,80.1708014,99.0,60,55
5160,516024610,LSTS,2025,1,68.7336094,99.0,60,55
5160,516024610,LNT1S,2025,1,85.65358,99.0,60,55
5160,516024610,LNT2S,2025,1,91.1552725,99.0,60,55
5160,516024610,LOBCS,2025,1,92.8110351,99.0,60,55
5160,516024610,LSEBCS,2025,1,92.8822002,99.0,60,55
5160,516024610,PWDOPENS,2025,1,72.5330927,99.0,60,55
5160,516024610,DEFOPENS,2025,1,81.6127789,99.0,60,55
5160,516024610,DEFOBCS,2025,1,80.7883659,99.0,60,55
5160,516024610,TFWS,2025,1,94.4790428,99.0,60,55
5160,516024610,EWS,2025,1,29.4122187,99.0,60,55
5160,516029310,GOPENH,2025,1,85.9891185,99.0,60,55
5160,516029310,GSCNH,2025,1,68.8065641,99.0,60,55
5160,516029310,GSTNH,2025,1,37.9825825,99.0,60,55
5160,516029310,GVJS,2025,1,82.7777778,99.0,60,55
5160,516029310,GNT1S,2025,1,77.8612083,99.0,60,55
5160,516029310,GNT2S,2025,1,81.9381769,99.0,60,55
5160,516029310,GNT3S,2025,1,85.1996728,99.0,60,55
5160,516029310,GOBCNH,2025,1,85.2566749,99.0,60,55
5160,516029310,GSEBCS,2025,1,84.1149833,99.0,60,55
5160,516029310,LOPENS,2025,1,88.7231708,99.0,60,55
5160,516029310,LSCS,2025,1,70.9482593,99.0,60,55
5160,516029310,LVJS,2025,1,77.2143105,99.0,60,55
5160,516029310,LNT1S,2025,1,68.9409579,99.0,60,55
5160,516029310,LNT2S,2025,1,79.4627847,99.0,60,55
5160,516029310,LNT3S,2025,1,84.4463229,99.0,60,55
5160,516029310,LOBCS,2025,1,85.6921506,99.0,60,55
5160,516029310,LSEBCS,2025,1,84.4790806,99.0,60,55
5160,516029310,DEFOPENS,2025,1,58.1324148,99.0,60,55
5160,516029310,DEFOBCS,2025,1,49.1980067,99.0,60,55
5160,516029310,TFWS,2025,1,90.5728815,99.0,60,55
5160,516029310,EWS,2025,1,59.2124434,99.0,60,55
5160,516061210,GOPENH,2025,1,87.8970321,99.0,60,55
5160,516061210,GSCNH,2025,1,74.2209832,99.0,60,55
5160,516061210,GVJS,2025,1,77.4501436,99.0,60,55
5160,516061210,GNT1S,2025,1,82.9459739,99.0,60,55
5160,516061210,GNT2S,2025,1,86.7003307,99.0,60,55
5160,516061210,GNT3S,2025,1,85.1996728,99.0,60,55
5160,516061210,GOBCNH,2025,1,85.2987504,99.0,60,55
5160,516061210,GSEBCS,2025,1,84.3808448,99.0,60,55
5160,516061210,LOPENS,2025,1,86.3482671,99.0,60,55
5160,516061210,LSCS,2025,1,69.3105802,99.0,60,55
5160,516061210,LVJS,2025,1,85.129786,99.0,60,55
5160,516061210,LNT2S,2025,1,81.2187812,99.0,60,55
5160,516061210,LOBCS,2025,1,84.3183057,99.0,60,55
5160,516061210,LSEBCS,2025,1,83.1821207,99.0,60,55
5160,516061210,DEFOPENS,2025,1,68.7336094,99.0,60,55
5160,516061210,DEFOBCS,2025,1,81.6705255,99.0,60,55
5160,516061210,DEFSEBCS,2025,1,43.1094862,99.0,60,55
5160,516061210,TFWS,2025,1,94.1913399,99.0,60,55
5160,516061210,DEFRNT2S,2025,1,61.7346759,99.0,60,55
5160,516061210,EWS,2025,1,55.6712077,99.0,60,55
5160,516062410,GOPENH,2025,1,87.730083,99.0,60,55
5160,516062410,GSCNH,2025,1,74.8210845,99.0,60,55
5160,516062410,GSTNH,2025,1,68.1448034,99.0,60,55
5160,516062410,GVJS,2025,1,82.1268327,99.0,60,55
5160,516062410,GNT1S,2025,1,81.7199,99.0,60,55
5160,516062410,GNT2S,2025,1,85.819156,99.0,60,55
5160,516062410,GNT3S,2025,1,85.819156,99.0,60,55
5160,516062410,GOBCNH,2025,1,86.7003307,99.0,60,55
5160,516062410,GSEBCS,2025,1,84.6586561,99.0,60,55
5160,516062410,LOPENS,2025,1,89.2347783,99.0,60,55
5160,516062410,LSCS,2025,1,79.0264353,99.0,60,55
5160,516062410,LVJS,2025,1,69.9192754,99.0,60,55
5160,516062410,LNT1S,2025,1,86.3943435,99.0,60,55
5160,516062410,LNT2S,2025,1,80.1708014,99.0,60,55
5160,516062410,LNT3S,2025,1,87.9735649,99.0,60,55
5160,516062410,LOBCS,2025,1,85.1689875,99.0,60,55
5160,516062410,LSEBCS,2025,1,75.2153333,99.0,60,55
5160,516062410,DEFOPENS,2025,1,56.5182885,99.0,60,55
5160,516062410,DEFOBCS,2025,1,92.9026198,99.0,60,55
5160,516062410,TFWS,2025,1,35.8191126,99.0,60,55
5160,516062410,EWS,2025,1,63.8128892,99.0,60,55
5160,516084410,GOPENH,2025,1,91.6438644,99.0,60,55
5160,516084410,GSCNH,2025,1,76.5032413,99.0,60,55
5160,516084410,GSTNH,2025,1,73.2908824,99.0,60,55
5160,516084410,GVJS,2025,1,85.239357,99.0,60,55
5160,516084410,GNT1S,2025,1,83.9990684,99.0,60,55
5160,516084410,GNT2S,2025,1,91.53248,99.0,60,55
5160,516084410,GOBCNH,2025,1,91.244949,99.0,60,55
5160,516084410,GSEBCS,2025,1,90.0843448,99.0,60,55
5160,516084410,LOPENS,2025,1,92.0615223,99.0,60,55
5160,516084410,LSCS,2025,1,76.2668468,99.0,60,55
5160,516084410,LOBCS,2025,1,91.8461716,99.0,60,55
5160,516084410,LSEBCS,2025,1,91.9525714,99.0,60,55
5160,516084410,DEFOPENS,2025,1,80.1749582,99.0,60,55
5160,516084410,TFWS,2025,1,93.4296473,99.0,60,55
5160,516084410,DEFROBCS,2025,1,77.3787188,99.0,60,55
5160,516084410,EWS,2025,1,80.7403032,99.0,60,55
5160,516091510,GOPENH,2025,1,77.2289819,99.0,60,55
5160,516091510,GSCNH,2025,1,52.1585439,99.0,60,55
5160,516091510,GNT2S,2025,1,73.2908824,99.0,60,55
5160,516091510,GNT3S,2025,1,75.6051641,99.0,60,55
5160,516091510,GOBCNH,2025,1,76.5032413,99.0,60,55
5160,516091510,GSEBCS,2025,1,74.6516923,99.0,60,55
5160,516091510,LOPENS,2025,1,80.4992916,99.0,60,55
5160,516091510,LSCS,2025,1,53.8067479,99.0,60,55
5160,516091510,LVJS,2025,1,78.4699621,99.0,60,55
5160,516091510,LNT1S,2025,1,67.1207715,99.0,60,55
5160,516091510,LNT2S,2025,1,78.9956692,99.0,60,55
5160,516091510,LOBCS,2025,1,76.973775,99.0,60,55
5160,516091510,LSEBCS,2025,1,81.6705255,99.0,60,55
5160,516091510,TFWS,2025,1,15.4472393,99.0,60,55
5160,516091510,EWS,2025,1,11.4456589,99.0,60,55
5161,516124510,DEFOPENS,2025,1,16.8210201,99.0,60,55
5161,516124510,TFWS,2025,1,87.0084871,99.0,60,55
5161,516124510,EWS,2025,1,53.7405107,99.0,60,55
5161,516124610,DEFOPENS,2025,1,74.9818126,99.0,60,55
5161,516124610,TFWS,2025,1,80.7055032,99.0,60,55
5161,516124610,EWS,2025,1,28.3220209,99.0,60,55
5161,516125710,TFWS,2025,1,76.5032413,99.0,60,55
5161,516125710,EWS,2025,1,12.394569,99.0,60,55
5161,516129310,DEFOPENS,2025,1,55.3743463,99.0,60,55
5161,516129310,TFWS,2025,1,80.5383458,99.0,60,55
5161,516129310,EWS,2025,1,35.5420211,99.0,60,55
5161,516137210,DEFOPENS,2025,1,44.1937857,99.0,60,55
5161,516137210,TFWS,2025,1,74.4163823,99.0,60,55
5161,516137210,EWS,2025,1,27.2101033,99.0,60,55
5161,516137810,TFWS,2025,1,63.5035466,99.0,60,55
5161,516137810,EWS,2025,1,39.9385666,99.0,60,55
5161,516161210,DEFOPENS,2025,1,44.5569356,99.0,60,55
5161,516161210,TFWS,2025,1,79.4627847,99.0,60,55
5161,516161210,EWS,2025,1,49.1097752,99.0,60,55
5161,516199510,DEFOPENS,2025,1,58.1324148,99.0,60,55
5161,516199510,TFWS,2025,1,83.769652,99.0,60,55
5161,516199510,DEFRSCS,2025,1,25.3041937,99.0,60,55
5161,516199510,EWS,2025,1,59.0801845,99.0,60,55
5162,516219110,GOPENH,2025,1,79.3692556,99.0,60,55
5162,516219110,GSCNH,2025,1,51.7178644,99.0,60,55
5162,516219110,GSTNH,2025,1,61.2510322,99.0,60,55
5162,516219110,GVJS,2025,1,46.7838981,99.0,60,55
5162,516219110,GNT1S,2025,1,52.4918222,99.0,60,55
5162,516219110,GNT2S,2025,1,71.4785529,99.0,60,55
5162,516219110,GNT3S,2025,1,78.7121389,99.0,60,55
5162,516219110,GOBCNH,2025,1,77.8612083,99.0,60,55
5162,516219110,GSEBCS,2025,1,73.7754477,99.0,60,55
5162,516219110,LOPENS,2025,1,80.7004831,99.0,60,55
5162,516219110,LSCS,2025,1,47.7548586,99.0,60,55
5162,516219110,LSTS,2025,1,60.268127,99.0,60,55
5162,516219110,LVJS,2025,1,37.5813241,99.0,60,55
5162,516219110,LNT2S,2025,1,75.9743237,99.0,60,55
5162,516219110,LNT3S,2025,1,77.8612083,99.0,60,55
5162,516219110,LOBCS,2025,1,80.1749582,99.0,60,55
5162,516219110,LSEBCS,2025,1,76.468112,99.0,60,55
5162,516219110,DEFOPENS,2025,1,20.7106482,99.0,60,55
5162,516219110,DEFOBCS,2025,1,10.7179688,99.0,60,55
5162,516219110,TFWS,2025,1,85.2566749,99.0,60,55
5162,516219110,EWS,2025,1,30.74803,99.0,60,55
5162,516224510,GOPENH,2025,1,92.2148897,99.0,60,55
5162,516224510,GSCNH,2025,1,83.7431799,99.0,60,55
5162,516224510,GSTNH,2025,1,50.8920685,99.0,60,55
5162,516224510,GVJS,2025,1,89.5119454,99.0,60,55
5162,516224510,GNT1S,2025,1,88.8686273,99.0,60,55
5162,516224510,GNT2S,2025,1,90.0621118,99.0,60,55
5162,516224510,GNT3S,2025,1,91.6505265,99.0,60,55
5162,516224510,GOBCNH,2025,1,91.5582428,99.0,60,55
5162,516224510,GSEBCS,2025,1,91.0668866,99.0,60,55
5162,516224510,LOPENS,2025,1,93.7616003,99.0,60,55
5162,516224510,LSCS,2025,1,85.1996728,99.0,60,55
5162,516224510,LSTS,2025,1,74.5525612,99.0,60,55
5162,516224510,LNT1S,2025,1,85.9425358,99.0,60,55
5162,516224510,LNT2S,2025,1,91.5631399,99.0,60,55
5162,516224510,LOBCS,2025,1,92.4858168,99.0,60,55
5162,516224510,LSEBCS,2025,1,91.4174744,99.0,60,55
5162,516224510,PWDOPENS,2025,1,56.2435713,99.0,60,55
5162,516224510,DEFOPENS,2025,1,87.7370373,99.0,60,55
5162,516224510,DEFOBCS,2025,1,81.5934486,99.0,60,55
5162,516224510,TFWS,2025,1,94.5733788,99.0,60,55
5162,516224510,EWS,2025,1,77.3511663,99.0,60,55
5162,516224610,GOPENH,2025,1,89.364907,99.0,60,55
5162,516224610,GSCNH,2025,1,77.583794,99.0,60,55
5162,516224610,GSTNH,2025,1,26.591875,99.0,60,55
5162,516224610,GVJS,2025,1,82.4850758,99.0,60,55
5162,516224610,GNT1S,2025,1,81.9314642,99.0,60,55
5162,516224610,GNT2S,2025,1,87.7359574,99.0,60,55
5162,516224610,GNT3S,2025,1,89.0615554,99.0,60,55
5162,516224610,GOBCNH,2025,1,88.7592898,99.0,60,55
5162,516224610,GSEBCS,2025,1,87.730083,99.0,60,55
5162,516224610,LOPENS,2025,1,90.5194308,99.0,60,55
5162,516224610,LSCS,2025,1,78.1913582,99.0,60,55
5162,516224610,LSTS,2025,1,25.0523784,99.0,60,55
5162,516224610,LVJS,2025,1,83.8560469,99.0,60,55
5162,516224610,LNT1S,2025,1,81.6705255,99.0,60,55
5162,516224610,LNT2S,2025,1,89.5119454,99.0,60,55
5162,516224610,LNT3S,2025,1,87.746137,99.0,60,55
5162,516224610,LOBCS,2025,1,90.112628,99.0,60,55
5162,516224610,LSEBCS,2025,1,89.6497245,99.0,60,55
5162,516224610,DEFOPENS,2025,1,76.7952218,99.0,60,55
5162,516224610,DEFOBCS,2025,1,74.9893249,99.0,60,55
5162,516224610,TFWS,2025,1,91.5631399,99.0,60,55
5162,516224610,EWS,2025,1,70.4215645,99.0,60,55
5162,516229310,GOPENH,2025,1,82.5187713,99.0,60,55
5162,516229310,GSCNH,2025,1,58.4262318,99.0,60,55
5162,516229310,GSTNH,2025,1,47.8755661,99.0,60,55
5162,516229310,GVJS,2025,1,65.1648234,99.0,60,55
5162,516229310,GNT1S,2025,1,74.5525612,99.0,60,55
5162,516229310,GNT2S,2025,1,80.2462012,99.0,60,55
5162,516229310,GNT3S,2025,1,79.7671884,99.0,60,55
5162,516229310,GOBCNH,2025,1,81.9137967,99.0,60,55
5162,516229310,GSEBCS,2025,1,77.9303712,99.0,60,55
5162,516229310,LOPENS,2025,1,83.7030299,99.0,60,55
5162,516229310,LSCS,2025,1,49.4593034,99.0,60,55
5162,516229310,LVJS,2025,1,56.4419991,99.0,60,55
5162,516229310,LOBCS,2025,1,82.7777778,99.0,60,55
5162,516229310,LSEBCS,2025,1,78.890785,99.0,60,55
5162,516229310,DEFOPENS,2025,1,66.0956881,99.0,60,55
5162,516229310,DEFOBCS,2025,1,46.7128425,99.0,60,55
5162,516229310,TFWS,2025,1,86.0742045,99.0,60,55
5162,516229310,EWS,2025,1,18.2769061,99.0,60,55
5162,516237210,GOPENH,2025,1,86.8334686,99.0,60,55
5162,516237210,GSCNH,2025,1,69.3105802,99.0,60,55
5162,516237210,GVJS,2025,1,71.5294662,99.0,60,55
5162,516237210,GNT1S,2025,1,81.9314642,99.0,60,55
5162,516237210,GNT2S,2025,1,82.5187713,99.0,60,55
5162,516237210,GOBCNH,2025,1,86.0457957,99.0,60,55
5162,516237210,GSEBCS,2025,1,85.0853734,99.0,60,55
5162,516237210,LOPENS,2025,1,88.542227,99.0,60,55
5162,516237210,LSCS,2025,1,71.4864246,99.0,60,55
5162,516237210,LVJS,2025,1,72.9916849,99.0,60,55
5162,516237210,LNT1S,2025,1,77.8890571,99.0,60,55
5162,516237210,LNT2S,2025,1,86.8832732,99.0,60,55
5162,516237210,LNT3S,2025,1,85.2824124,99.0,60,55
5162,516237210,LOBCS,2025,1,88.0941637,99.0,60,55
5162,516237210,LSEBCS,2025,1,85.0307561,99.0,60,55
5162,516237210,DEFOPENS,2025,1,61.9398096,99.0,60,55
5162,516237210,DEFOBCS,2025,1,56.6825649,99.0,60,55
5162,516237210,TFWS,2025,1,90.1398917,99.0,60,55
5162,516237210,EWS,2025,1,32.0852596,99.0,60,55
5162,516261210,GOPENH,2025,1,84.4852349,99.0,60,55
5162,516261210,GSCNH,2025,1,65.9070599,99.0,60,55
5162,516261210,GSTNH,2025,1,18.015086,99.0,60,55
5162,516261210,GVJS,2025,1,69.3105802,99.0,60,55
5162,516261210,GNT1S,2025,1,74.75684,99.0,60,55
5162,516261210,GNT2S,2025,1,78.9956692,99.0,60,55
5162,516261210,GNT3S,2025,1,82.5187713,99.0,60,55
5162,516261210,GOBCNH,2025,1,83.1707575,99.0,60,55
5162,516261210,GSEBCS,2025,1,80.1766472,99.0,60,55
5162,516261210,LOPENS,2025,1,83.1481862,99.0,60,55
5162,516261210,LSCS,2025,1,63.2367632,99.0,60,55
5162,516261210,LSTS,2025,1,32.0852596,99.0,60,55
5162,516261210,LNT2S,2025,1,78.1871974,99.0,60,55
5162,516261210,LOBCS,2025,1,81.8599034,99.0,60,55
5162,516261210,LSEBCS,2025,1,78.685137,99.0,60,55
5162,516261210,DEFOPENS,2025,1,57.0044084,99.0,60,55
5162,516261210,TFWS,2025,1,89.5522919,99.0,60,55
5162,516261210,EWS,2025,1,17.7235495,99.0,60,55
5162,516284410,GOPENH,2025,1,85.9212092,99.0,60,55
5162,516284410,GSCNH,2025,1,66.0956881,99.0,60,55
5162,516284410,GVJS,2025,1,74.9893249,99.0,60,55
5162,516284410,GNT1S,2025,1,78.1913582,99.0,60,55
5162,516284410,GNT2S,2025,1,83.988979,99.0,60,55
5162,516284410,GOBCNH,2025,1,85.2566749,99.0,60,55
5162,516284410,GSEBCS,2025,1,83.6630885,99.0,60,55
5162,516284410,LOPENS,2025,1,87.5957229,99.0,60,55
5162,516284410,LSCS,2025,1,66.1169676,99.0,60,55
5162,516284410,LVJS,2025,1,78.2850242,99.0,60,55
5162,516284410,LNT1S,2025,1,62.6016833,99.0,60,55
5162,516284410,LNT2S,2025,1,84.4852349,99.0,60,55
5162,516284410,LNT3S,2025,1,87.3937627,99.0,60,55
5162,516284410,LOBCS,2025,1,86.8632708,99.0,60,55
5162,516284410,LSEBCS,2025,1,85.791852,99.0,60,55
5162,516284410,DEFOPENS,2025,1,76.5032413,99.0,60,55
5162,516284410,DEFOBCS,2025,1,67.967082,99.0,60,55
5162,516284410,TFWS,2025,1,88.0941637,99.0,60,55
5162,516284410,EWS,2025,1,13.1846958,99.0,60,55
5162,516291610,GOPENH,2025,1,81.5923479,99.0,60,55
5162,516291610,GSCNH,2025,1,59.5499981,99.0,60,55
5162,516291610,GVJS,2025,1,71.2894525,99.0,60,55
5162,516291610,GNT1S,2025,1,68.9409579,99.0,60,55
5162,516291610,GNT2S,2025,1,77.9589871,99.0,60,55
5162,516291610,GNT3S,2025,1,80.9705409,99.0,60,55
5162,516291610,GOBCNH,2025,1,80.7055032,99.0,60,55
5162,516291610,GSEBCS,2025,1,76.5995199,99.0,60,55
5162,516291610,LOPENS,2025,1,83.5707404,99.0,60,55
5162,516291610,LSCS,2025,1,56.5580532,99.0,60,55
5162,516291610,LVJS,2025,1,70.9482593,99.0,60,55
5162,516291610,LNT1S,2025,1,55.6712077,99.0,60,55
5162,516291610,LNT2S,2025,1,75.242318,99.0,60,55
5162,516291610,LOBCS,2025,1,81.9137967,99.0,60,55
5162,516291610,LSEBCS,2025,1,80.7055032,99.0,60,55
5162,516291610,DEFOPENS,2025,1,15.6344619,99.0,60,55
5162,516291610,DEFOBCS,2025,1,76.2591061,99.0,60,55
5162,516291610,TFWS,2025,1,87.9627325,99.0,60,55
5162,516291610,EWS,2025,1,20.4073236,99.0,60,55
5162,516299510,GOPENH,2025,1,89.2174843,99.0,60,55
5162,516299510,GSCNH,2025,1,76.7952218,99.0,60,55
5162,516299510,GSTNH,2025,1,46.4953181,99.0,60,55
5162,516299510,GVJS,2025,1,83.9283276,99.0,60,55
5162,516299510,GNT1S,2025,1,83.1461103,99.0,60,55
5162,516299510,GNT2S,2025,1,87.2379152,99.0,60,55
5162,516299510,GNT3S,2025,1,88.986683,99.0,60,55
5162,516299510,GOBCNH,2025,1,88.7231708,99.0,60,55
5162,516299510,GSEBCS,2025,1,86.4436823,99.0,60,55
5162,516299510,LOPENS,2025,1,90.9144237,99.0,60,55
5162,516299510,LSCS,2025,1,80.1708014,99.0,60,55
5162,516299510,LSTS,2025,1,84.0342981,99.0,60,55
5162,516299510,LVJS,2025,1,88.0866426,99.0,60,55
5162,516299510,LNT2S,2025,1,88.7955476,99.0,60,55
5162,516299510,LNT3S,2025,1,89.2375447,99.0,60,55
5162,516299510,LOBCS,2025,1,86.8832732,99.0,60,55
5162,516299510,LSEBCS,2025,1,81.3089554,99.0,60,55
5162,516299510,DEFOPENS,2025,1,31.2469386,99.0,60,55
5162,516299510,DEFSCS,2025,1,78.975446,99.0,60,55
5162,516299510,DEFOBCS,2025,1,92.4480361,99.0,60,55
5162,516299510,TFWS,2025,1,71.2894525,99.0,60,55
5162,516299510,EWS,2025,1,34.2796407,99.0,60,55
5168,516824510,TFWS,2025,1,50.9743237,99.0,60,55
5168,516824510,EWS,2025,1,21.5915263,99.0,60,55
5169,516919110,TFWS,2025,1,49.0487536,99.0,60,55
5169,516919110,EWS,2025,1,40.5616465,99.0,60,55
5169,516924510,TFWS,2025,1,53.1039032,99.0,60,55
5169,516924510,EWS,2025,1,28.3220209,99.0,60,55
5170,517019110,GOPENH,2025,1,24.9635504,99.0,60,55
5170,517019110,LOPENS,2025,1,34.2796407,99.0,60,55
5170,517024210,GOPENH,2025,1,42.1633326,99.0,60,55
5170,517024210,LOPENS,2025,1,58.1150221,99.0,60,55
5170,517024210,TFWS,2025,1,11.5237873,99.0,60,55
5170,517026310,GOPENH,2025,1,52.9701068,99.0,60,55
5170,517026310,LOPENS,2025,1,63.9397326,99.0,60,55
5170,517026310,TFWS,2025,1,64.087617,99.0,60,55
5170,517029310,GOPENH,2025,1,10.3857148,99.0,60,55
5170,517029310,LOPENS,2025,1,12.6169055,99.0,60,55
5170,517037210,GOPENH,2025,1,18.7740682,99.0,60,55
5170,517037210,LOPENS,2025,1,19.4445432,99.0,60,55
5170,517061210,GOPENH,2025,1,24.7436032,99.0,60,55
5170,517061210,LOPENS,2025,1,22.8294494,99.0,60,55
5170,517091210,GOPENH,2025,1,28.2298995,99.0,60,55
5170,517091210,LOPENS,2025,1,39.9867632,99.0,60,55
5170,517091210,TFWS,2025,1,3.2332168,99.0,60,55
5171,517124510,GOPENH,2025,1,56.4419991,99.0,60,55
5171,517124510,GSCNH,2025,1,11.1244146,99.0,60,55
5171,517124510,GSTNH,2025,1,24.7436032,99.0,60,55
5171,517124510,GVJS,2025,1,53.1999725,99.0,60,55
5171,517124510,GNT1S,2025,1,51.0139791,99.0,60,55
5171,517124510,GNT2S,2025,1,43.578754,99.0,60,55
5171,517124510,GNT3S,2025,1,24.78221,99.0,60,55
5171,517124510,GOBCNH,2025,1,52.8560653,99.0,60,55
5171,517124510,LOPENS,2025,1,61.5912113,99.0,60,55
5171,517124510,LSCS,2025,1,22.1683213,99.0,60,55
5171,517124510,LSTS,2025,1,15.2676469,99.0,60,55
5171,517124510,LVJS,2025,1,58.1924692,99.0,60,55
5171,517124510,LNT1S,2025,1,45.035095,99.0,60,55
5171,517124510,LNT2S,2025,1,43.1094862,99.0,60,55
5171,517124510,LOBCS,2025,1,57.5392085,99.0,60,55
5171,517124510,LSEBCS,2025,1,20.9078498,99.0,60,55
5171,517124510,TFWS,2025,1,64.5293156,99.0,60,55
5171,517124510,EWS,2025,1,17.4168914,99.0,60,55
5171,517126310,GOPENH,2025,1,59.950946,99.0,60,55
5171,517126310,GSCNH,2025,1,8.0477816,99.0,60,55
5171,517126310,GSTNH,2025,1,0.07043,99.0,60,55
5171,517126310,GVJS,2025,1,52.7016685,99.0,60,55
5171,517126310,GNT1S,2025,1,51.8020478,99.0,60,55
5171,517126310,GNT2S,2025,1,59.3625359,99.0,60,55
5171,517126310,GOBCNH,2025,1,55.4914407,99.0,60,55
5171,517126310,GSEBCS,2025,1,44.1937857,99.0,60,55
5171,517126310,LOPENS,2025,1,64.2198294,99.0,60,55
5171,517126310,LSCS,2025,1,1.5752309,99.0,60,55
5171,517126310,LSTS,2025,1,55.7703505,99.0,60,55
5171,517126310,LVJS,2025,1,34.8005502,99.0,60,55
5171,517126310,LOBCS,2025,1,59.2443064,99.0,60,55
5171,517126310,LSEBCS,2025,1,60.4816409,99.0,60,55
5171,517126310,TFWS,2025,1,69.8131691,99.0,60,55
5171,517126310,EWS,2025,1,50.9743237,99.0,60,55
5171,517129310,GOPENH,2025,1,43.1094862,99.0,60,55
5171,517129310,GSCNH,2025,1,16.1702768,99.0,60,55
5171,517129310,GSTNH,2025,1,21.3588155,99.0,60,55
5171,517129310,GVJS,2025,1,35.8191126,99.0,60,55
5171,517129310,GNT1S,2025,1,20.4040793,99.0,60,55
5171,517129310,GNT2S,2025,1,27.8805461,99.0,60,55
5171,517129310,GOBCNH,2025,1,38.0740533,99.0,60,55
5171,517129310,LOPENS,2025,1,43.6823105,99.0,60,55
5171,517129310,LSCS,2025,1,30.6281286,99.0,60,55
5171,517129310,LNT2S,2025,1,41.153186,99.0,60,55
5171,517129310,LOBCS,2025,1,50.8385093,99.0,60,55
5171,517129310,TFWS,2025,1,49.4593034,99.0,60,55
5171,517129310,EWS,2025,1,9.2107074,99.0,60,55
5171,517137210,GOPENH,2025,1,55.7277177,99.0,60,55
5171,517137210,GSCNH,2025,1,10.3857148,99.0,60,55
5171,517137210,GVJS,2025,1,33.7141758,99.0,60,55
5171,517137210,GNT2S,2025,1,35.8191126,99.0,60,55
5171,517137210,GOBCNH,2025,1,52.8745002,99.0,60,55
5171,517137210,LOPENS,2025,1,52.1652563,99.0,60,55
5171,517137210,LSCS,2025,1,20.9880869,99.0,60,55
5171,517137210,LNT1S,2025,1,2.6973062,99.0,60,55
5171,517137210,LNT2S,2025,1,41.1906024,99.0,60,55
5171,517137210,LNT3S,2025,1,51.5429844,99.0,60,55
5171,517137210,LOBCS,2025,1,63.5303851,99.0,60,55
5171,517137210,TFWS,2025,1,47.4563898,99.0,60,55
5171,517137210,EWS,2025,1,30.9042114,99.0,60,55
5171,517161210,GOPENH,2025,1,37.0257103,99.0,60,55
5171,517161210,GSCNH,2025,1,6.1768785,99.0,60,55
5171,517161210,GVJS,2025,1,19.9986005,99.0,60,55
5171,517161210,GNT1S,2025,1,17.5485857,99.0,60,55
5171,517161210,GNT2S,2025,1,31.2469386,99.0,60,55
5171,517161210,GOBCNH,2025,1,34.1022162,99.0,60,55
5171,517161210,LOPENS,2025,1,28.3323489,99.0,60,55
5171,517161210,LNT2S,2025,1,23.214079,99.0,60,55
5171,517161210,LOBCS,2025,1,29.2374051,99.0,60,55
5172,517219110,GOPENH,2025,1,69.8303637,99.0,60,55
5172,517219110,LOPENS,2025,1,69.8131691,99.0,60,55
5172,517219110,TFWS,2025,1,80.78157,99.0,60,55
5172,517224510,GOPENH,2025,1,87.609626,99.0,60,55
5172,517224510,LOPENS,2025,1,90.0196524,99.0,60,55
5172,517224510,TFWS,2025,1,33.8928203,99.0,60,55
5172,517224610,GOPENH,2025,1,83.1030453,99.0,60,55
5172,517224610,LOPENS,2025,1,84.0343736,99.0,60,55
5172,517224610,TFWS,2025,1,46.3536656,99.0,60,55
5172,517229310,GOPENH,2025,1,75.4489132,99.0,60,55
5172,517229310,LOPENS,2025,1,78.685137,99.0,60,55
5172,517229310,TFWS,2025,1,84.9389417,99.0,60,55
5172,517237210,GOPENH,2025,1,81.2737812,99.0,60,55
5172,517237210,LOPENS,2025,1,82.3548238,99.0,60,55
5172,517237210,TFWS,2025,1,85.65358,99.0,60,55
5172,517261210,GOPENH,2025,1,74.75684,99.0,60,55
5172,517261210,LOPENS,2025,1,74.8210845,99.0,60,55
5172,517261210,TFWS,2025,1,42.6120917,99.0,60,55
5172,517291210,GOPENH,2025,1,83.014142,99.0,60,55
5172,517291210,LOPENS,2025,1,83.1821207,99.0,60,55
5172,517291210,TFWS,2025,1,69.3105802,99.0,60,55
5172,517292110,GOPENH,2025,1,86.5743412,99.0,60,55
5172,517292110,LOPENS,2025,1,90.0451538,99.0,60,55
5172,517292110,TFWS,2025,1,64.7164682,99.0,60,55
5172,517299510,GOPENH,2025,1,83.1481862,99.0,60,55
5172,517299510,LOPENS,2025,1,84.4852349,99.0,60,55
5172,517299510,TFWS,2025,1,48.8548541,99.0,60,55
5173,517319110,GOPENH,2025,1,68.6254044,99.0,60,55
5173,517319110,LOPENS,2025,1,71.4864246,99.0,60,55
5173,517319110,TFWS,2025,1,0.9528933,99.0,60,55
5173,517324510,GOPENH,2025,1,79.3794141,99.0,60,55
5173,517324510,LOPENS,2025,1,81.0159708,99.0,60,55
5173,517324510,TFWS,2025,1,0.7902001,99.0,60,55
5173,517337210,GOPENH,2025,1,77.741426,99.0,60,55
5173,517337210,LOPENS,2025,1,77.583794,99.0,60,55
5173,517337210,TFWS,2025,1,15.4472393,99.0,60,55
5173,517361210,GOPENH,2025,1,71.7660957,99.0,60,55
5173,517361210,LOPENS,2025,1,73.3487346,99.0,60,55
5173,517361210,TFWS,2025,1,75.8548894,99.0,60,55
5173,517399510,GOPENH,2025,1,78.0816199,99.0,60,55
5173,517399510,LOPENS,2025,1,80.4944215,99.0,60,55
5173,517399510,TFWS,2025,1,1.7104655,99.0,60,55
5177,517719110,GOPENH,2025,1,64.2198294,99.0,60,55
5177,517719110,GSCNH,2025,1,34.0389056,99.0,60,55
5177,517719110,GSTNH,2025,1,55.3743463,99.0,60,55
5177,517719110,GVJS,2025,1,49.0487536,99.0,60,55
5177,517719110,GNT2S,2025,1,59.8130199,99.0,60,55
5177,517719110,GNT3S,2025,1,62.8284912,99.0,60,55
5177,517719110,GOBCNH,2025,1,59.5499981,99.0,60,55
5177,517719110,GSEBCS,2025,1,37.9825825,99.0,60,55
5177,517719110,LOPENS,2025,1,68.6498934,99.0,60,55
5177,517719110,LSCS,2025,1,9.0217275,99.0,60,55
5177,517719110,LSTS,2025,1,59.0801845,99.0,60,55
5177,517719110,LNT1S,2025,1,68.2993965,99.0,60,55
5177,517719110,LOBCS,2025,1,50.9743237,99.0,60,55
5177,517719110,LSEBCS,2025,1,68.9346395,99.0,60,55
5177,517719110,TFWS,2025,1,52.8560653,99.0,60,55
5177,517724510,GOPENH,2025,1,74.9893249,99.0,60,55
5177,517724510,GSCNH,2025,1,60.4816409,99.0,60,55
5177,517724510,GSTNH,2025,1,24.0353914,99.0,60,55
5177,517724510,GVJS,2025,1,68.2993965,99.0,60,55
5177,517724510,GNT1S,2025,1,64.4305882,99.0,60,55
5177,517724510,GNT2S,2025,1,69.8131691,99.0,60,55
5177,517724510,GNT3S,2025,1,70.8903389,99.0,60,55
5177,517724510,GOBCNH,2025,1,73.2109713,99.0,60,55
5177,517724510,GSEBCS,2025,1,70.3901803,99.0,60,55
5177,517724510,LOPENS,2025,1,76.3384255,99.0,60,55
5177,517724510,LSCS,2025,1,66.0549811,99.0,60,55
5177,517724510,LSTS,2025,1,25.8331579,99.0,60,55
5177,517724510,LVJS,2025,1,66.0625569,99.0,60,55
5177,517724510,LNT1S,2025,1,68.063194,99.0,60,55
5177,517724510,LNT2S,2025,1,72.5022286,99.0,60,55
5177,517724510,LNT3S,2025,1,72.1871837,99.0,60,55
5177,517724510,LOBCS,2025,1,74.8088122,99.0,60,55
5177,517724510,LSEBCS,2025,1,74.6853954,99.0,60,55
5177,517724510,DEFOPENS,2025,1,4.2388251,99.0,60,55
5177,517724510,TFWS,2025,1,79.4793202,99.0,60,55
5177,517724510,EWS,2025,1,25.8055428,99.0,60,55
5177,517724610,GOPENH,2025,1,71.2894525,99.0,60,55
5177,517724610,GSCNH,2025,1,54.96898,99.0,60,55
5177,517724610,GSTNH,2025,1,41.153186,99.0,60,55
5177,517724610,GVJS,2025,1,66.0549811,99.0,60,55
5177,517724610,GNT1S,2025,1,66.0549811,99.0,60,55
5177,517724610,GNT2S,2025,1,66.1911263,99.0,60,55
5177,517724610,GNT3S,2025,1,66.4794206,99.0,60,55
5177,517724610,GOBCNH,2025,1,70.4858678,99.0,60,55
5177,517724610,GSEBCS,2025,1,60.4816409,99.0,60,55
5177,517724610,LOPENS,2025,1,72.9916849,99.0,60,55
5177,517724610,LSCS,2025,1,49.1668381,99.0,60,55
5177,517724610,LVJS,2025,1,45.4941917,99.0,60,55
5177,517724610,LNT2S,2025,1,68.58833,99.0,60,55
5177,517724610,LNT3S,2025,1,71.0421393,99.0,60,55
5177,517724610,LOBCS,2025,1,71.5294662,99.0,60,55
5177,517724610,LSEBCS,2025,1,63.5901214,99.0,60,55
5177,517724610,TFWS,2025,1,72.4223602,99.0,60,55
5177,517724610,EWS,2025,1,39.966573,99.0,60,55
5177,517729310,GOPENH,2025,1,66.1911263,99.0,60,55
5177,517729310,GSCNH,2025,1,24.78221,99.0,60,55
5177,517729310,GSTNH,2025,1,49.3545528,99.0,60,55
5177,517729310,GVJS,2025,1,58.1924692,99.0,60,55
5177,517729310,GNT2S,2025,1,52.0988164,99.0,60,55
5177,517729310,GNT3S,2025,1,66.0549811,99.0,60,55
5177,517729310,GOBCNH,2025,1,65.6970807,99.0,60,55
5177,517729310,GSEBCS,2025,1,52.1652563,99.0,60,55
5177,517729310,LOPENS,2025,1,66.0913492,99.0,60,55
5177,517729310,LSCS,2025,1,27.6982865,99.0,60,55
5177,517729310,LVJS,2025,1,30.647462,99.0,60,55
5177,517729310,LNT1S,2025,1,29.7556282,99.0,60,55
5177,517729310,LOBCS,2025,1,66.0625569,99.0,60,55
5177,517729310,LSEBCS,2025,1,26.3181412,99.0,60,55
5177,517729310,DEFOPENS,2025,1,14.6839821,99.0,60,55
5177,517729310,TFWS,2025,1,71.4864246,99.0,60,55
5177,517729310,EWS,2025,1,13.9341445,99.0,60,55
5177,517737210,GOPENH,2025,1,69.1748413,99.0,60,55
5177,517737210,GSCNH,2025,1,51.5429844,99.0,60,55
5177,517737210,GSTNH,2025,1,18.0880939,99.0,60,55
5177,517737210,GVJS,2025,1,64.1499185,99.0,60,55
5177,517737210,GNT1S,2025,1,65.1614878,99.0,60,55
5177,517737210,GNT2S,2025,1,59.3625359,99.0,60,55
5177,517737210,GNT3S,2025,1,66.2459959,99.0,60,55
5177,517737210,GOBCNH,2025,1,68.2993965,99.0,60,55
5177,517737210,GSEBCS,2025,1,59.8130199,99.0,60,55
5177,517737210,LOPENS,2025,1,71.1120286,99.0,60,55
5177,517737210,LSCS,2025,1,47.8398896,99.0,60,55
5177,517737210,LSTS,2025,1,9.0317643,99.0,60,55
5177,517737210,LVJS,2025,1,55.4914407,99.0,60,55
5177,517737210,LNT1S,2025,1,52.8745002,99.0,60,55
5177,517737210,LNT2S,2025,1,60.7556304,99.0,60,55
5177,517737210,LOBCS,2025,1,69.8418157,99.0,60,55
5177,517737210,LSEBCS,2025,1,63.8128892,99.0,60,55
5177,517737210,TFWS,2025,1,71.4377156,99.0,60,55
5177,517737210,EWS,2025,1,47.7548586,99.0,60,55
5177,517761210,GOPENH,2025,1,66.0913492,99.0,60,55
5177,517761210,GSCNH,2025,1,28.7105475,99.0,60,55
5177,517761210,GSTNH,2025,1,43.1236655,99.0,60,55
5177,517761210,GVJS,2025,1,45.035095,99.0,60,55
5177,517761210,GNT1S,2025,1,60.9758938,99.0,60,55
5177,517761210,GNT2S,2025,1,61.114444,99.0,60,55
5177,517761210,GNT3S,2025,1,66.0913492,99.0,60,55
5177,517761210,GOBCNH,2025,1,63.5901214,99.0,60,55
5177,517761210,GSEBCS,2025,1,54.9986599,99.0,60,55
5177,517761210,LOPENS,2025,1,60.268127,99.0,60,55
5177,517761210,LSCS,2025,1,17.7299217,99.0,60,55
5177,517761210,LNT2S,2025,1,56.92563,99.0,60,55
5177,517761210,LNT3S,2025,1,58.4294088,99.0,60,55
5177,517761210,LOBCS,2025,1,57.5477401,99.0,60,55
5177,517761210,LSEBCS,2025,1,69.1748413,99.0,60,55
5177,517761210,TFWS,2025,1,27.8805461,99.0,60,55
5177,517761210,EWS,2025,1,55.6597249,99.0,60,55
5177,517784410,GOPENH,2025,1,59.2443064,99.0,60,55
5177,517784410,GSCNH,2025,1,23.5097171,99.0,60,55
5177,517784410,GVJS,2025,1,54.1426021,99.0,60,55
5177,517784410,GNT1S,2025,1,45.4941917,99.0,60,55
5177,517784410,GNT2S,2025,1,49.0487536,99.0,60,55
5177,517784410,GNT3S,2025,1,50.5512969,99.0,60,55
5177,517784410,GOBCNH,2025,1,57.0044084,99.0,60,55
5177,517784410,GSEBCS,2025,1,36.1833289,99.0,60,55
5177,517784410,LOPENS,2025,1,64.2926156,99.0,60,55
5177,517784410,LVJS,2025,1,11.1302155,99.0,60,55
5177,517784410,LNT1S,2025,1,31.8464164,99.0,60,55
5177,517784410,LNT2S,2025,1,60.9758938,99.0,60,55
5177,517784410,LOBCS,2025,1,60.4816409,99.0,60,55
5177,517784410,LSEBCS,2025,1,47.8398896,99.0,60,55
5177,517784410,TFWS,2025,1,66.0549811,99.0,60,55
5177,517799510,GOPENH,2025,1,72.9906413,99.0,60,55
5177,517799510,GSCNH,2025,1,57.4188806,99.0,60,55
5177,517799510,GVJS,2025,1,64.4305882,99.0,60,55
5177,517799510,GNT1S,2025,1,71.9146758,99.0,60,55
5177,517799510,GNT2S,2025,1,67.500481,99.0,60,55
5177,517799510,GNT3S,2025,1,70.3444621,99.0,60,55
5177,517799510,GOBCNH,2025,1,72.1871837,99.0,60,55
5177,517799510,GSEBCS,2025,1,62.4995214,99.0,60,55
5177,517799510,LOPENS,2025,1,74.9893249,99.0,60,55
5177,517799510,LSCS,2025,1,50.184431,99.0,60,55
5177,517799510,LSTS,2025,1,23.214079,99.0,60,55
5177,517799510,LVJS,2025,1,52.1256716,99.0,60,55
5177,517799510,LNT1S,2025,1,43.578754,99.0,60,55
5177,517799510,LNT2S,2025,1,72.0579403,99.0,60,55
5177,517799510,LNT3S,2025,1,72.4223602,99.0,60,55
5177,517799510,LOBCS,2025,1,73.0844718,99.0,60,55
5177,517799510,LSEBCS,2025,1,65.814611,99.0,60,55
5177,517799510,DEFOPENS,2025,1,27.0109031,99.0,60,55
5177,517799510,TFWS,2025,1,74.8112584,99.0,60,55
5177,517799510,EWS,2025,1,16.8210201,99.0,60,55
5179,517924510,DEFOPENS,2025,1,11.6952156,99.0,60,55
5179,517924510,TFWS,2025,1,54.9733848,99.0,60,55
5179,517924510,EWS,2025,1,30.8808364,99.0,60,55
5179,517926310,DEFOPENS,2025,1,33.7141758,99.0,60,55
5179,517926310,TFWS,2025,1,60.9157012,99.0,60,55
5179,517926310,EWS,2025,1,25.432546,99.0,60,55
5179,517929310,EWS,2025,1,16.6253199,99.0,60,55
5179,517961210,EWS,2025,1,40.369284,99.0,60,55
5181,518119110,TFWS,2025,1,73.676029,99.0,60,55
5181,518119110,EWS,2025,1,7.6400322,99.0,60,55
5181,518124510,DEFOPENS,2025,1,50.8920685,99.0,60,55
5181,518124510,DEFOBCS,2025,1,32.7909025,99.0,60,55
5181,518124510,TFWS,2025,1,84.4790806,99.0,60,55
5181,518124510,EWS,2025,1,61.9398096,99.0,60,55
5181,518129310,DEFOPENS,2025,1,44.7174641,99.0,60,55
5181,518129310,TFWS,2025,1,75.6051641,99.0,60,55
5181,518129310,EWS,2025,1,6.4081601,99.0,60,55
5181,518137210,TFWS,2025,1,80.4716144,99.0,60,55
5181,518137210,EWS,2025,1,5.6844832,99.0,60,55
5181,518161210,TFWS,2025,1,75.9743237,99.0,60,55
5181,518161210,EWS,2025,1,13.7926161,99.0,60,55
5181,518199510,DEFOPENS,2025,1,20.9290709,99.0,60,55
5181,518199510,TFWS,2025,1,82.8318522,99.0,60,55
5181,518199510,EWS,2025,1,65.6313822,99.0,60,55
5182,518224510,TFWS,2025,1,75.2331528,99.0,60,55
5182,518224510,EWS,2025,1,9.0317643,99.0,60,55
5182,518226310,DEFOPENS,2025,1,49.4593034,99.0,60,55
5182,518226310,TFWS,2025,1,72.4223602,99.0,60,55
5182,518226310,EWS,2025,1,1.6499107,99.0,60,55
5182,518229310,TFWS,2025,1,60.6803919,99.0,60,55
5182,518229310,EWS,2025,1,8.0477816,99.0,60,55
5182,518237210,TFWS,2025,1,61.5912113,99.0,60,55
5182,518237210,EWS,2025,1,31.8317161,99.0,60,55
5223,522324510,TFWS,2025,1,80.0260591,99.0,60,55
5223,522324510,EWS,2025,1,7.223771,99.0,60,55
5244,524424210,DEFOPENS,2025,1,75.9291421,99.0,60,55
5244,524424210,TFWS,2025,1,89.3655049,99.0,60,55
5244,524424210,DEFROBCS,2025,1,55.6712077,99.0,60,55
5244,524424210,EWS,2025,1,48.6512524,99.0,60,55
5244,524425710,DEFOPENS,2025,1,42.3488094,99.0,60,55
5244,524425710,TFWS,2025,1,83.3956241,99.0,60,55
5244,524425710,EWS,2025,1,35.508346,99.0,60,55
5244,524429710,TFWS,2025,1,74.5525612,99.0,60,55
5244,524429710,EWS,2025,1,47.8755661,99.0,60,55
5244,524491610,DEFOPENS,2025,1,16.6253199,99.0,60,55
5244,524491610,TFWS,2025,1,79.3766715,99.0,60,55
5244,524491610,EWS,2025,1,24.3359483,99.0,60,55
5244,524492210,DEFOPENS,2025,1,43.7064846,99.0,60,55
5244,524492210,TFWS,2025,1,60.9758938,99.0,60,55
5244,524492210,EWS,2025,1,44.3667268,99.0,60,55
5249,524924510,EWS,2025,1,66.3432235,99.0,60,55
5256,525624510,EWS,2025,1,41.7943409,99.0,60,55
5263,526324510,TFWS,2025,1,66.1311211,99.0,60,55
5263,526324510,EWS,2025,1,47.0872596,99.0,60,55
5263,526329310,TFWS,2025,1,53.1039032,99.0,60,55
5263,526329310,EWS,2025,1,19.3259851,99.0,60,55
5303,530319110,TFWS,2025,1,65.4837825,99.0,60,55
5303,530319110,EWS,2025,1,35.5866115,99.0,60,55
5303,530324510,DEFOPENS,2025,1,51.8020478,99.0,60,55
5303,530324510,TFWS,2025,1,76.3286018,99.0,60,55
5303,530324510,EWS,2025,1,25.6909658,99.0,60,55
5303,530384410,TFWS,2025,1,63.9535342,99.0,60,55
5303,530384410,EWS,2025,1,75.8548894,99.0,60,55
5303,530399510,TFWS,2025,1,80.7035589,99.0,60,55
5303,530399510,EWS,2025,1,59.2124434,99.0,60,55
5330,533024510,DEFOPENS,2025,1,61.8012422,99.0,60,55
5330,533024510,DEFOBCS,2025,1,41.1906024,99.0,60,55
5330,533024510,DEFSEBCS,2025,1,90.112628,99.0,60,55
5330,533024510,TFWS,2025,1,91.9625508,99.0,60,55
5330,533024510,EWS,2025,1,47.8398896,99.0,60,55
5330,533024610,DEFOPENS,2025,1,39.9385666,99.0,60,55
5330,533024610,TFWS,2025,1,83.7045586,99.0,60,55
5330,533024610,EWS,2025,1,13.2183243,99.0,60,55
5330,533037210,DEFOPENS,2025,1,53.864934,99.0,60,55
5330,533037210,TFWS,2025,1,81.9137967,99.0,60,55
5330,533037210,EWS,2025,1,69.9192754,99.0,60,55
5330,533061210,DEFOPENS,2025,1,67.2980865,99.0,60,55
5330,533061210,TFWS,2025,1,73.6510161,99.0,60,55
5330,533061210,EWS,2025,1,1.6464705,99.0,60,55
5330,533099510,DEFOPENS,2025,1,14.9547816,99.0,60,55
5330,533099510,TFWS,2025,1,83.7045586,99.0,60,55
5330,533099510,EWS,2025,1,30.9042114,99.0,60,55
5331,533124510,DEFOPENS,2025,1,39.9385666,99.0,60,55
5331,533124510,DEFSEBCS,2025,1,70.4858678,99.0,60,55
5331,533124510,TFWS,2025,1,81.7199,99.0,60,55
5331,533124510,EWS,2025,1,19.5229257,99.0,60,55
5331,533124610,DEFOPENS,2025,1,48.8548541,99.0,60,55
5331,533124610,DEFOBCS,2025,1,50.8920685,99.0,60,55
5331,533124610,TFWS,2025,1,80.1766472,99.0,60,55
5331,533124610,EWS,2025,1,16.8509884,99.0,60,55
5331,533129310,TFWS,2025,1,71.9146758,99.0,60,55
5331,533129310,EWS,2025,1,73.2109713,99.0,60,55
5331,533137210,TFWS,2025,1,76.468112,99.0,60,55
5331,533137210,EWS,2025,1,15.4623879,99.0,60,55
5331,533191610,TFWS,2025,1,70.3901803,99.0,60,55
5331,533191610,EWS,2025,1,24.3359483,99.0,60,55
5331,533199510,DEFOPENS,2025,1,61.114444,99.0,60,55
5331,533199510,TFWS,2025,1,82.5187713,99.0,60,55
5331,533199510,DEFROBCS,2025,1,33.0737389,99.0,60,55
5331,533199510,EWS,2025,1,54.9733848,99.0,60,55
5370,537029310,EWS,2025,1,0.1433447,99.0,60,55
5370,537061210,TFWS,2025,1,26.6925382,99.0,60,55
5370,537061210,EWS,2025,1,0.9696342,99.0,60,55
5380,538019110,DEFOPENS,2025,1,49.1980067,99.0,60,55
5380,538019110,TFWS,2025,1,63.5303851,99.0,60,55
5380,538019110,EWS,2025,1,58.1924692,99.0,60,55
5380,538024510,DEFOPENS,2025,1,36.1833289,99.0,60,55
5380,538024510,TFWS,2025,1,57.0070614,99.0,60,55
5380,538024510,EWS,2025,1,4.8374702,99.0,60,55
5380,538024610,TFWS,2025,1,43.2614932,99.0,60,55
5380,538024610,EWS,2025,1,22.1683213,99.0,60,55
5380,538037210,TFWS,2025,1,61.5912113,99.0,60,55
5380,538037210,EWS,2025,1,16.7388465,99.0,60,55
5380,538061210,DEFOPENS,2025,1,66.4794206,99.0,60,55
5380,538061210,TFWS,2025,1,72.6740126,99.0,60,55
5380,538061210,EWS,2025,1,54.873582,99.0,60,55
5380,538099510,TFWS,2025,1,55.7277177,99.0,60,55
5380,538099510,EWS,2025,1,27.84396,99.0,60,55
5381,538119110,EWS,2025,1,19.5229257,99.0,60,55
5381,538124210,TFWS,2025,1,61.9042106,99.0,60,55
5381,538124210,EWS,2025,1,36.1833289,99.0,60,55
5381,538129310,TFWS,2025,1,64.1499185,99.0,60,55
5381,538129310,EWS,2025,1,9.0115153,99.0,60,55
5381,538161210,EWS,2025,1,56.5505021,99.0,60,55
5381,538199510,TFWS,2025,1,73.2109713,99.0,60,55
5381,538199510,EWS,2025,1,6.6790098,99.0,60,55
5382,538224510,DEFOPENS,2025,1,58.1924692,99.0,60,55
5382,538224510,TFWS,2025,1,73.676029,99.0,60,55
5382,538224510,EWS,2025,1,15.8646734,99.0,60,55
5382,538226310,DEFOPENS,2025,1,83.1481862,99.0,60,55
5382,538226310,TFWS,2025,1,59.8130199,99.0,60,55
5382,538226310,EWS,2025,1,53.8067479,99.0,60,55
5382,538261210,DEFOPENS,2025,1,53.8067479,99.0,60,55
5382,538261210,TFWS,2025,1,73.676029,99.0,60,55
5382,538261210,EWS,2025,1,28.3220209,99.0,60,55
5390,539024510,DEFOPENS,2025,1,58.1324148,99.0,60,55
5390,539024510,TFWS,2025,1,79.3692556,99.0,60,55
5390,539024510,EWS,2025,1,59.0801845,99.0,60,55
5390,539024610,TFWS,2025,1,69.4641016,99.0,60,55
5390,539024610,EWS,2025,1,34.3896838,99.0,60,55
5390,539092110,DEFOPENS,2025,1,51.4221759,99.0,60,55
5390,539092110,TFWS,2025,1,77.550585,99.0,60,55
5390,539092110,EWS,2025,1,5.8051311,99.0,60,55
5395,539524510,TFWS,2025,1,28.7221654,99.0,60,55
5395,539524510,EWS,2025,1,59.4665021,99.0,60,55
5396,539624510,TFWS,2025,1,75.2153333,99.0,60,55
5396,539624510,EWS,2025,1,24.7436032,99.0,60,55
5396,539629310,EWS,2025,1,63.5303851,99.0,60,55
5396,539661210,TFWS,2025,1,53.7903103,99.0,60,55
5396,539661210,EWS,2025,1,21.1739609,99.0,60,55
5399,539919110,TFWS,2025,1,43.0034494,99.0,60,55
5399,539919110,EWS,2025,1,11.4456589,99.0,60,55
5399,539924510,TFWS,2025,1,76.7952218,99.0,60,55
5399,539924510,EWS,2025,1,53.7405107,99.0,60,55
5399,539929310,TFWS,2025,1,55.4914407,99.0,60,55
5399,539929310,EWS,2025,1,36.1833289,99.0,60,55
5399,539992110,TFWS,2025,1,72.1871837,99.0,60,55
5399,539992110,EWS,2025,1,69.0271267,99.0,60,55
5401,540124510,DEFOPENS,2025,1,56.4419991,99.0,60,55
5401,540124510,TFWS,2025,1,69.8506426,99.0,60,55
5401,540124510,EWS,2025,1,25.2991393,99.0,60,55
5401,540124610,TFWS,2025,1,66.0956881,99.0,60,55
5401,540124610,EWS,2025,1,24.78221,99.0,60,55
5401,540126310,DEFOPENS,2025,1,33.1537425,99.0,60,55
5401,540126310,TFWS,2025,1,63.5901214,99.0,60,55
5401,540126310,EWS,2025,1,27.9000459,99.0,60,55
5401,540191610,TFWS,2025,1,59.2474828,99.0,60,55
5401,540191610,EWS,2025,1,7.0846022,99.0,60,55
5408,540837210,EWS,2025,1,44.3215833,99.0,60,55
5409,540937210,DEFOPENS,2025,1,60.5843098,99.0,60,55
5409,540937210,EWS,2025,1,55.2387338,99.0,60,55
5414,541424510,EWS,2025,1,76.1726079,99.0,60,55
5414,541426310,EWS,2025,1,40.1861311,99.0,60,55
5414,541437210,TFWS,2025,1,22.6197993,99.0,60,55
5414,541437210,EWS,2025,1,28.7105475,99.0,60,55
5418,541819110,TFWS,2025,1,73.5651108,99.0,60,55
5418,541819110,EWS,2025,1,32.7909025,99.0,60,55
5418,541824510,DEFOPENS,2025,1,52.7016685,99.0,60,55
5418,541824510,DEFOBCS,2025,1,45.4941917,99.0,60,55
5418,541824510,TFWS,2025,1,88.0941637,99.0,60,55
5418,541824510,EWS,2025,1,72.6740126,99.0,60,55
5418,541826310,DEFOPENS,2025,1,33.8928203,99.0,60,55
5418,541826310,DEFOBCS,2025,1,9.3008868,99.0,60,55
5418,541826310,TFWS,2025,1,84.0343736,99.0,60,55
5418,541826310,EWS,2025,1,67.500481,99.0,60,55
5418,541829310,DEFOPENS,2025,1,20.4040793,99.0,60,55
5418,541829310,TFWS,2025,1,82.1388599,99.0,60,55
5418,541829310,EWS,2025,1,17.7299217,99.0,60,55
5418,541861210,TFWS,2025,1,84.207639,99.0,60,55
5418,541861210,EWS,2025,1,29.7556282,99.0,60,55
5418,541891610,TFWS,2025,1,77.9049638,99.0,60,55
5418,541891610,EWS,2025,1,53.8067479,99.0,60,55
5497,549724510,EWS,2025,1,37.5813241,99.0,60,55
5497,549761210,EWS,2025,1,25.0523784,99.0,60,55
5509,550999510,EWS,2025,1,17.9468599,99.0,60,55
5513,551319110,EWS,2025,1,43.723793,99.0,60,55
5513,551324510,TFWS,2025,1,48.401775,99.0,60,55
5513,551324510,EWS,2025,1,27.6982865,99.0,60,55
5513,551329310,TFWS,2025,1,64.1499185,99.0,60,55
5513,551329310,EWS,2025,1,67.931377,99.0,60,55
5513,551337210,EWS,2025,1,10.3857148,99.0,60,55
5513,551399510,TFWS,2025,1,37.5813241,99.0,60,55
5513,551399510,EWS,2025,1,24.7436032,99.0,60,55
5597,559724510,EWS,2025,1,30.6903413,99.0,60,55
6004,600419110,DEFOPENS,2025,1,79.4627847,99.0,60,55
6004,600419110,DEFOBCS,2025,1,47.8755661,99.0,60,55
6004,600419110,TFWS,2025,1,91.1313556,99.0,60,55
6004,600419110,DEFRSEBCS,2025,1,75.6280193,99.0,60,55
6004,600419110,EWS,2025,1,74.8210845,99.0,60,55
6004,600424510,DEFOPENS,2025,1,90.651656,99.0,60,55
6004,600424510,DEFOBCS,2025,1,89.683918,99.0,60,55
6004,600424510,TFWS,2025,1,96.8016647,99.0,60,55
6004,600424510,DEFROBCS,2025,1,89.1791812,99.0,60,55
6004,600424510,EWS,2025,1,92.2381205,99.0,60,55
6004,600437210,DEFOPENS,2025,1,92.8705176,99.0,60,55
6004,600437210,DEFOBCS,2025,1,88.2583444,99.0,60,55
6004,600437210,TFWS,2025,1,95.7033017,99.0,60,55
6004,600437210,DEFRSCS,2025,1,66.5942029,99.0,60,55
6004,600437210,EWS,2025,1,89.4554822,99.0,60,55
6004,600446410,DEFOPENS,2025,1,68.1448034,99.0,60,55
6004,600446410,TFWS,2025,1,88.2909271,99.0,60,55
6004,600446410,DEFRSCS,2025,1,31.8464164,99.0,60,55
6004,600446410,EWS,2025,1,52.8560653,99.0,60,55
6004,600460210,DEFOPENS,2025,1,62.5282864,99.0,60,55
6004,600460210,TFWS,2025,1,86.6485431,99.0,60,55
6004,600460210,EWS,2025,1,66.2459959,99.0,60,55
6004,600461210,DEFOPENS,2025,1,84.3808448,99.0,60,55
6004,600461210,DEFOBCS,2025,1,67.9203695,99.0,60,55
6004,600461210,TFWS,2025,1,96.6217418,99.0,60,55
6004,600461210,DEFROBCS,2025,1,79.4793202,99.0,60,55
6004,600461210,EWS,2025,1,83.9283276,99.0,60,55
6005,600519110,GOPENH,2025,1,96.1350237,99.0,60,55
6005,600519110,GSCNH,2025,1,88.7592898,99.0,60,55
6005,600519110,GSTNH,2025,1,87.8873794,99.0,60,55
6005,600519110,GVJS,2025,1,92.0078173,99.0,60,55
6005,600519110,GNT1S,2025,1,93.9551486,99.0,60,55
6005,600519110,GNT2S,2025,1,95.8307555,99.0,60,55
6005,600519110,GNT3S,2025,1,93.9372552,99.0,60,55
6005,600519110,GOBCNH,2025,1,95.3140382,99.0,60,55
6005,600519110,GSEBCS,2025,1,95.7690393,99.0,60,55
6005,600519110,LOPENS,2025,1,95.7279024,99.0,60,55
6005,600519110,LSCS,2025,1,89.451403,99.0,60,55
6005,600519110,LSTS,2025,1,66.5496835,99.0,60,55
6005,600519110,LVJS,2025,1,84.5857013,99.0,60,55
6005,600519110,LNT2S,2025,1,95.6149583,99.0,60,55
6005,600519110,LOBCS,2025,1,95.6149583,99.0,60,55
6005,600519110,LSEBCS,2025,1,95.6189832,99.0,60,55
6005,600519110,PWDOPENS,2025,1,77.4501436,99.0,60,55
6005,600519110,PWDOBCS,2025,1,41.153186,99.0,60,55
6005,600519110,DEFOPENS,2025,1,91.0387255,99.0,60,55
6005,600519110,DEFOBCS,2025,1,80.78157,99.0,60,55
6005,600519110,TFWS,2025,1,97.7924434,99.0,60,55
6005,600519110,PWDROBCS,2025,1,61.7346759,99.0,60,55
6005,600519110,DEFROBCS,2025,1,89.9742931,99.0,60,55
6005,600519110,EWS,2025,1,73.262321,99.0,60,55
6005,600524610,GOPENH,2025,1,97.9285523,99.0,60,55
6005,600524610,GSCNH,2025,1,93.4790313,99.0,60,55
6005,600524610,GSTNH,2025,1,68.9346395,99.0,60,55
6005,600524610,GVJS,2025,1,94.5733788,99.0,60,55
6005,600524610,GNT1S,2025,1,94.3460306,99.0,60,55
6005,600524610,GNT2S,2025,1,97.545444,99.0,60,55
6005,600524610,GOBCNH,2025,1,97.5511952,99.0,60,55
6005,600524610,GSEBCS,2025,1,97.5715826,99.0,60,55
6005,600524610,LOPENS,2025,1,97.5716591,99.0,60,55
6005,600524610,LSCS,2025,1,92.2409094,99.0,60,55
6005,600524610,LSTS,2025,1,72.3251186,99.0,60,55
6005,600524610,LNT1S,2025,1,92.7160749,99.0,60,55
6005,600524610,LNT3S,2025,1,94.5397112,99.0,60,55
6005,600524610,LOBCS,2025,1,96.9836134,99.0,60,55
6005,600524610,LSEBCS,2025,1,97.3163545,99.0,60,55
6005,600524610,PWDOPENS,2025,1,81.9137967,99.0,60,55
6005,600524610,PWDOBCS,2025,1,74.8088122,99.0,60,55
6005,600524610,DEFOPENS,2025,1,96.614828,99.0,60,55
6005,600524610,DEFOBCS,2025,1,93.7276356,99.0,60,55
6005,600524610,TFWS,2025,1,98.435333,99.0,60,55
6005,600524610,PWDROBCS,2025,1,80.7403032,99.0,60,55
6005,600524610,DEFRSEBCS,2025,1,95.4204349,99.0,60,55
6005,600524610,EWS,2025,1,95.978417,99.0,60,55
6005,600529310,GOPENH,2025,1,96.9607316,99.0,60,55
6005,600529310,GSCNH,2025,1,92.4614728,99.0,60,55
6005,600529310,GSTNH,2025,1,77.2289819,99.0,60,55
6005,600529310,GNT1S,2025,1,93.4220277,99.0,60,55
6005,600529310,GNT2S,2025,1,96.5095247,99.0,60,55
6005,600529310,GNT3S,2025,1,94.775364,99.0,60,55
6005,600529310,GOBCNH,2025,1,96.5544399,99.0,60,55
6005,600529310,GSEBCS,2025,1,96.5336351,99.0,60,55
6005,600529310,LOPENS,2025,1,96.9103584,99.0,60,55
6005,600529310,LSCS,2025,1,93.1635295,99.0,60,55
6005,600529310,LSTS,2025,1,74.75684,99.0,60,55
6005,600529310,LVJS,2025,1,84.3786315,99.0,60,55
6005,600529310,LNT2S,2025,1,93.6831704,99.0,60,55
6005,600529310,LOBCS,2025,1,96.4542259,99.0,60,55
6005,600529310,LSEBCS,2025,1,96.7098976,99.0,60,55
6005,600529310,PWDOPENS,2025,1,42.3488094,99.0,60,55
6005,600529310,DEFOPENS,2025,1,93.8884805,99.0,60,55
6005,600529310,DEFOBCS,2025,1,90.3279027,99.0,60,55
6005,600529310,TFWS,2025,1,98.2111945,99.0,60,55
6005,600529310,DEFRSEBCS,2025,1,89.451403,99.0,60,55
6005,600529310,EWS,2025,1,94.4638756,99.0,60,55
6005,600537210,GOPENH,2025,1,97.4360937,99.0,60,55
6005,600537210,GSCNH,2025,1,91.3216011,99.0,60,55
6005,600537210,GSTNH,2025,1,65.1614878,99.0,60,55
6005,600537210,GVJS,2025,1,92.4614728,99.0,60,55
6005,600537210,GNT1S,2025,1,94.7789294,99.0,60,55
6005,600537210,GNT2S,2025,1,97.3163545,99.0,60,55
6005,600537210,GOBCNH,2025,1,96.8036058,99.0,60,55
6005,600537210,GSEBCS,2025,1,96.9526275,99.0,60,55
6005,600537210,LOPENS,2025,1,96.882885,99.0,60,55
6005,600537210,LSCS,2025,1,91.6272372,99.0,60,55
6005,600537210,LSTS,2025,1,59.950946,99.0,60,55
6005,600537210,LNT1S,2025,1,90.9612775,99.0,60,55
6005,600537210,LNT2S,2025,1,95.2958925,99.0,60,55
6005,600537210,LNT3S,2025,1,93.0414085,99.0,60,55
6005,600537210,LOBCS,2025,1,96.6907341,99.0,60,55
6005,600537210,LSEBCS,2025,1,96.787533,99.0,60,55
6005,600537210,PWDOPENS,2025,1,63.5901214,99.0,60,55
6005,600537210,DEFOPENS,2025,1,93.9637286,99.0,60,55
6005,600537210,DEFOBCS,2025,1,93.6609837,99.0,60,55
6005,600537210,TFWS,2025,1,97.7845891,99.0,60,55
6005,600537210,DEFRSEBCS,2025,1,93.1944731,99.0,60,55
6005,600537210,EWS,2025,1,95.7931795,99.0,60,55
6005,600561210,GOPENH,2025,1,97.0945243,99.0,60,55
6005,600561210,GSCNH,2025,1,92.3536394,99.0,60,55
6005,600561210,GSTNH,2025,1,69.8303637,99.0,60,55
6005,600561210,GVJS,2025,1,91.9792268,99.0,60,55
6005,600561210,GNT1S,2025,1,93.462703,99.0,60,55
6005,600561210,GNT2S,2025,1,96.1569533,99.0,60,55
6005,600561210,GNT3S,2025,1,96.4542259,99.0,60,55
6005,600561210,GOBCNH,2025,1,96.5565559,99.0,60,55
6005,600561210,GSEBCS,2025,1,96.7675378,99.0,60,55
6005,600561210,LOPENS,2025,1,96.1046695,99.0,60,55
6005,600561210,LSCS,2025,1,90.266876,99.0,60,55
6005,600561210,LSTS,2025,1,63.5901214,99.0,60,55
6005,600561210,LVJS,2025,1,83.5707404,99.0,60,55
6005,600561210,LOBCS,2025,1,95.2933057,99.0,60,55
6005,600561210,LSEBCS,2025,1,95.7836954,99.0,60,55
6005,600561210,PWDOPENS,2025,1,68.5042436,99.0,60,55
6005,600561210,DEFOPENS,2025,1,95.5042277,99.0,60,55
6005,600561210,DEFOBCS,2025,1,89.1450013,99.0,60,55
6005,600561210,TFWS,2025,1,97.545444,99.0,60,55
6005,600561210,DEFROBCS,2025,1,90.0962861,99.0,60,55
6005,600561210,EWS,2025,1,60.010721,99.0,60,55
6007,600719110,GOPENH,2025,1,98.2626354,99.0,60,55
6007,600719110,GSCNH,2025,1,94.772118,99.0,60,55
6007,600719110,GSTNH,2025,1,88.118041,99.0,60,55
6007,600719110,GVJS,2025,1,95.2933057,99.0,60,55
6007,600719110,GNT1S,2025,1,97.3276451,99.0,60,55
6007,600719110,GNT2S,2025,1,98.1143788,99.0,60,55
6007,600719110,GNT3S,2025,1,96.9618772,99.0,60,55
6007,600719110,GOBCNH,2025,1,98.044541,99.0,60,55
6007,600719110,GSEBCS,2025,1,98.242524,99.0,60,55
6007,600719110,LOPENS,2025,1,97.6794304,99.0,60,55
6007,600719110,LSCS,2025,1,93.1635295,99.0,60,55
6007,600719110,LSTS,2025,1,84.539834,99.0,60,55
6007,600719110,LVJS,2025,1,92.5267651,99.0,60,55
6007,600719110,LNT2S,2025,1,97.1546136,99.0,60,55
6007,600719110,LOBCS,2025,1,97.2937644,99.0,60,55
6007,600719110,LSEBCS,2025,1,97.6794304,99.0,60,55
6007,600719110,PWDOPENS,2025,1,95.9544923,99.0,60,55
6007,600719110,PWDOBCS,2025,1,70.6987601,99.0,60,55
6007,600719110,DEFOPENS,2025,1,74.6217331,99.0,60,55
6007,600719110,DEFOBCS,2025,1,90.9727817,99.0,60,55
6007,600719110,TFWS,2025,1,98.302867,99.0,60,55
6007,600719110,PWDRSEBCS,2025,1,85.9106165,99.0,60,55
6007,600719110,DEFROBCS,2025,1,92.2738405,99.0,60,55
6007,600719110,EWS,2025,1,84.3786315,99.0,60,55
6007,600719110,GOPENH,2025,1,99.0598676,99.0,60,55
6007,600719110,GSCNH,2025,1,95.5792202,99.0,60,55
6007,600719110,GSTNH,2025,1,83.9283276,99.0,60,55
6007,600719110,GVJS,2025,1,96.433947,99.0,60,55
6007,600719110,GNT2S,2025,1,97.5416581,99.0,60,55
6007,600719110,GNT3S,2025,1,98.1483638,99.0,60,55
6007,600719110,GOBCNH,2025,1,98.9616221,99.0,60,55
6007,600719110,GSEBCS,2025,1,98.8995873,99.0,60,55
6007,600719110,LOPENS,2025,1,98.3776334,99.0,60,55
6007,600719110,LSCS,2025,1,94.9173586,99.0,60,55
6007,600719110,LSTS,2025,1,74.5525612,99.0,60,55
6007,600719110,LNT1S,2025,1,95.1933808,99.0,60,55
6007,600719110,LOBCS,2025,1,98.2385756,99.0,60,55
6007,600719110,LSEBCS,2025,1,98.1483638,99.0,60,55
6007,600719110,PWDOPENS,2025,1,78.5981492,99.0,60,55
6007,600719110,PWDOBCS,2025,1,57.4188806,99.0,60,55
6007,600719110,DEFOPENS,2025,1,97.9857027,99.0,60,55
6007,600719110,DEFOBCS,2025,1,94.5936573,99.0,60,55
6007,600719110,TFWS,2025,1,99.1425468,99.0,60,55
6007,600719110,PWDROBCS,2025,1,76.2591061,99.0,60,55
6007,600719110,DEFRSEBCS,2025,1,97.0317477,99.0,60,55
6007,600719110,EWS,2025,1,97.8054608,99.0,60,55
6007,600724210,GOPENH,2025,1,99.5871181,99.0,60,55
6007,600724210,GSCNH,2025,1,98.0628957,99.0,60,55
6007,600724210,GSTNH,2025,1,91.6505265,99.0,60,55
6007,600724210,GVJS,2025,1,98.5909613,99.0,60,55
6007,600724210,GNT1S,2025,1,98.9619853,99.0,60,55
6007,600724210,GNT2S,2025,1,99.1918414,99.0,60,55
6007,600724210,GNT3S,2025,1,99.4772864,99.0,60,55
6007,600724210,GOBCNH,2025,1,99.5350803,99.0,60,55
6007,600724210,GSEBCS,2025,1,99.4867045,99.0,60,55
6007,600724210,LOPENS,2025,1,99.2190806,99.0,60,55
6007,600724210,LSCS,2025,1,96.6659792,99.0,60,55
6007,600724210,LSTS,2025,1,89.1852024,99.0,60,55
6007,600724210,LNT2S,2025,1,98.7235067,99.0,60,55
6007,600724210,LNT3S,2025,1,98.5168677,99.0,60,55
6007,600724210,LOBCS,2025,1,98.991977,99.0,60,55
6007,600724210,LSEBCS,2025,1,99.0970568,99.0,60,55
6007,600724210,PWDOPENS,2025,1,90.966814,99.0,60,55
6007,600724210,PWDSCS,2025,1,66.561551,99.0,60,55
6007,600724210,PWDOBCS,2025,1,88.2909271,99.0,60,55
6007,600724210,DEFOPENS,2025,1,67.1207715,99.0,60,55
6007,600724210,DEFSCS,2025,1,93.6609837,99.0,60,55
6007,600724210,DEFOBCS,2025,1,98.2122465,99.0,60,55
6007,600724210,TFWS,2025,1,99.727478,99.0,60,55
6007,600724210,EWS,2025,1,96.0092361,99.0,60,55
6007,600724210,GOPENH,2025,1,99.4889566,99.0,60,55
6007,600724210,GSCNH,2025,1,97.7383653,99.0,60,55
6007,600724210,GSTNH,2025,1,87.8970321,99.0,60,55
6007,600724210,GVJS,2025,1,98.4296784,99.0,60,55
6007,600724210,GNT1S,2025,1,99.059847,99.0,60,55
6007,600724210,GNT2S,2025,1,99.1530508,99.0,60,55
6007,600724210,GNT3S,2025,1,99.2048201,99.0,60,55
6007,600724210,GOBCNH,2025,1,99.4451773,99.0,60,55
6007,600724210,GSEBCS,2025,1,99.3515358,99.0,60,55
6007,600724210,LOPENS,2025,1,98.9616221,99.0,60,55
6007,600724210,LSCS,2025,1,96.5386733,99.0,60,55
6007,600724210,LSTS,2025,1,81.643697,99.0,60,55
6007,600724210,LVJS,2025,1,97.8775349,99.0,60,55
6007,600724210,LNT1S,2025,1,98.3419888,99.0,60,55
6007,600724210,LNT2S,2025,1,98.7476321,99.0,60,55
6007,600724210,LOBCS,2025,1,98.8515144,99.0,60,55
6007,600724210,LSEBCS,2025,1,98.8270624,99.0,60,55
6007,600724210,PWDOPENS,2025,1,86.0457957,99.0,60,55
6007,600724210,PWDOBCS,2025,1,84.4852349,99.0,60,55
6007,600724210,DEFOPENS,2025,1,98.1582562,99.0,60,55
6007,600724210,DEFSCS,2025,1,90.3279027,99.0,60,55
6007,600724210,DEFOBCS,2025,1,97.6978518,99.0,60,55
6007,600724210,TFWS,2025,1,99.5328194,99.0,60,55
6007,600724210,EWS,2025,1,59.2474828,99.0,60,55
6007,600724610,GOPENH,2025,1,99.4157162,99.0,60,55
6007,600724610,GSCNH,2025,1,97.1170545,99.0,60,55
6007,600724610,GSTNH,2025,1,89.9552166,99.0,60,55
6007,600724610,GVJS,2025,1,98.291758,99.0,60,55
6007,600724610,GNT1S,2025,1,98.7857913,99.0,60,55
6007,600724610,GNT2S,2025,1,99.1183262,99.0,60,55
6007,600724610,GOBCNH,2025,1,99.398859,99.0,60,55
6007,600724610,GSEBCS,2025,1,99.3045416,99.0,60,55
6007,600724610,LOPENS,2025,1,98.8650296,99.0,60,55
6007,600724610,LSCS,2025,1,96.1741748,99.0,60,55
6007,600724610,LSTS,2025,1,85.9765355,99.0,60,55
6007,600724610,LVJS,2025,1,97.5715826,99.0,60,55
6007,600724610,LNT2S,2025,1,98.4278063,99.0,60,55
6007,600724610,LNT3S,2025,1,98.0547198,99.0,60,55
6007,600724610,LOBCS,2025,1,98.8016073,99.0,60,55
6007,600724610,LSEBCS,2025,1,98.7920188,99.0,60,55
6007,600724610,PWDOPENS,2025,1,89.4256012,99.0,60,55
6007,600724610,PWDOBCS,2025,1,84.3786315,99.0,60,55
6007,600724610,DEFOPENS,2025,1,59.5499981,99.0,60,55
6007,600724610,DEFOBCS,2025,1,97.3253913,99.0,60,55
6007,600724610,TFWS,2025,1,99.398859,99.0,60,55
6007,600724610,PWDROBCS,2025,1,87.8605935,99.0,60,55
6007,600724610,DEFRSEBCS,2025,1,98.0357905,99.0,60,55
6007,600724610,EWS,2025,1,81.3607995,99.0,60,55
6007,600724610,GOPENH,2025,1,99.3226862,99.0,60,55
6007,600724610,GSCNH,2025,1,96.8391244,99.0,60,55
6007,600724610,GSTNH,2025,1,85.2566749,99.0,60,55
6007,600724610,GVJS,2025,1,98.1143788,99.0,60,55
6007,600724610,GNT1S,2025,1,98.6002947,99.0,60,55
6007,600724610,GNT2S,2025,1,98.8193489,99.0,60,55
6007,600724610,GNT3S,2025,1,98.8923623,99.0,60,55
6007,600724610,GOBCNH,2025,1,99.3004769,99.0,60,55
6007,600724610,GSEBCS,2025,1,99.2177086,99.0,60,55
6007,600724610,LOPENS,2025,1,98.7815884,99.0,60,55
6007,600724610,LSCS,2025,1,95.6584155,99.0,60,55
6007,600724610,LNT1S,2025,1,97.9005056,99.0,60,55
6007,600724610,LOBCS,2025,1,98.7223398,99.0,60,55
6007,600724610,LSEBCS,2025,1,98.6607658,99.0,60,55
6007,600724610,PWDOPENS,2025,1,86.8005513,99.0,60,55
6007,600724610,PWDOBCS,2025,1,83.1707575,99.0,60,55
6007,600724610,DEFOPENS,2025,1,98.4143652,99.0,60,55
6007,600724610,DEFOBCS,2025,1,96.6956121,99.0,60,55
6007,600724610,TFWS,2025,1,99.3729563,99.0,60,55
6007,600724610,PWDROBCS,2025,1,83.1821207,99.0,60,55
6007,600724610,DEFRSEBCS,2025,1,97.8346051,99.0,60,55
6007,600724610,EWS,2025,1,51.5429844,99.0,60,55
6007,600729310,GOPENH,2025,1,99.0024152,99.0,60,55
6007,600729310,GSCNH,2025,1,96.1046695,99.0,60,55
6007,600729310,GSTNH,2025,1,88.2603909,99.0,60,55
6007,600729310,GVJS,2025,1,97.6121663,99.0,60,55
6007,600729310,GNT1S,2025,1,98.0628957,99.0,60,55
6007,600729310,GNT2S,2025,1,98.0780781,99.0,60,55
6007,600729310,GNT3S,2025,1,98.4914374,99.0,60,55
6007,600729310,GOBCNH,2025,1,98.8209363,99.0,60,55
6007,600729310,GSEBCS,2025,1,98.9208633,99.0,60,55
6007,600729310,LOPENS,2025,1,98.1780538,99.0,60,55
6007,600729310,LSCS,2025,1,93.9724337,99.0,60,55
6007,600729310,LSTS,2025,1,74.0786749,99.0,60,55
6007,600729310,LVJS,2025,1,94.4454247,99.0,60,55
6007,600729310,LNT2S,2025,1,96.6907341,99.0,60,55
6007,600729310,LOBCS,2025,1,97.9274077,99.0,60,55
6007,600729310,LSEBCS,2025,1,97.8881988,99.0,60,55
6007,600729310,PWDOPENS,2025,1,74.8210845,99.0,60,55
6007,600729310,PWDOBCS,2025,1,61.7346759,99.0,60,55
6007,600729310,DEFOPENS,2025,1,96.4449717,99.0,60,55
6007,600729310,DEFOBCS,2025,1,95.3963666,99.0,60,55
6007,600729310,TFWS,2025,1,99.0804687,99.0,60,55
6007,600729310,PWDROBCS,2025,1,71.9146758,99.0,60,55
6007,600729310,DEFRSEBCS,2025,1,95.022244,99.0,60,55
6007,600729310,EWS,2025,1,49.1668381,99.0,60,55
6007,600737610,GOPENH,2025,1,99.2267861,99.0,60,55
6007,600737610,GSCNH,2025,1,96.6907341,99.0,60,55
6007,600737610,GSTNH,2025,1,84.5795651,99.0,60,55
6007,600737610,GVJS,2025,1,97.0798432,99.0,60,55
6007,600737610,GNT1S,2025,1,98.7815884,99.0,60,55
6007,600737610,GNT2S,2025,1,98.6208828,99.0,60,55
6007,600737610,GNT3S,2025,1,98.6186186,99.0,60,55
6007,600737610,GOBCNH,2025,1,99.1440399,99.0,60,55
6007,600737610,GSEBCS,2025,1,99.1388387,99.0,60,55
6007,600737610,LOPENS,2025,1,98.6166496,99.0,60,55
6007,600737610,LSCS,2025,1,95.1406289,99.0,60,55
6007,600737610,LSTS,2025,1,72.5022286,99.0,60,55
6007,600737610,LNT1S,2025,1,95.7033017,99.0,60,55
6007,600737610,LNT2S,2025,1,97.624379,99.0,60,55
6007,600737610,LNT3S,2025,1,96.8737201,99.0,60,55
6007,600737610,LOBCS,2025,1,98.3966019,99.0,60,55
6007,600737610,LSEBCS,2025,1,98.5196099,99.0,60,55
6007,600737610,PWDOPENS,2025,1,80.0260591,99.0,60,55
6007,600737610,PWDOBCS,2025,1,68.6254044,99.0,60,55
6007,600737610,DEFOPENS,2025,1,97.4288016,99.0,60,55
6007,600737610,DEFOBCS,2025,1,96.4352588,99.0,60,55
6007,600737610,TFWS,2025,1,99.2799835,99.0,60,55
6007,600737610,PWDRVJS,2025,1,69.7621466,99.0,60,55
6007,600737610,DEFRSEBCS,2025,1,97.2913667,99.0,60,55
6007,600737610,EWS,2025,1,45.9819894,99.0,60,55
6007,600737610,GOPENH,2025,1,98.4399761,99.0,60,55
6007,600737610,GSCNH,2025,1,93.4180802,99.0,60,55
6007,600737610,GSTNH,2025,1,73.9021728,99.0,60,55
6007,600737610,GVJS,2025,1,96.9615697,99.0,60,55
6007,600737610,GNT1S,2025,1,96.2409787,99.0,60,55
6007,600737610,GNT2S,2025,1,97.4460796,99.0,60,55
6007,600737610,GNT3S,2025,1,96.8804098,99.0,60,55
6007,600737610,GOBCNH,2025,1,98.2111945,99.0,60,55
6007,600737610,GSEBCS,2025,1,98.0593407,99.0,60,55
6007,600737610,LOPENS,2025,1,97.5715826,99.0,60,55
6007,600737610,LSCS,2025,1,88.9649575,99.0,60,55
6007,600737610,LSTS,2025,1,96.8479282,99.0,60,55
6007,600737610,LNT1S,2025,1,97.0945243,99.0,60,55
6007,600737610,LOBCS,2025,1,96.8737201,99.0,60,55
6007,600737610,LSEBCS,2025,1,74.8210845,99.0,60,55
6007,600737610,PWDOPENS,2025,1,23.7839084,99.0,60,55
6007,600737610,PWDOBCS,2025,1,94.4638756,99.0,60,55
6007,600737610,DEFOPENS,2025,1,94.0733176,99.0,60,55
6007,600737610,DEFOBCS,2025,1,98.6729671,99.0,60,55
6007,600737610,TFWS,2025,1,94.4264691,99.0,60,55
6007,600737610,DEFRNT2S,2025,1,96.6453344,99.0,60,55
6007,600737610,EWS,2025,1,63.9397326,99.0,60,55
6007,600761210,GOPENH,2025,1,99.0471853,99.0,60,55
6007,600761210,GSCNH,2025,1,95.7033017,99.0,60,55
6007,600761210,GSTNH,2025,1,84.3786315,99.0,60,55
6007,600761210,GNT1S,2025,1,97.0317477,99.0,60,55
6007,600761210,GNT2S,2025,1,98.2385756,99.0,60,55
6007,600761210,GNT3S,2025,1,97.5556558,99.0,60,55
6007,600761210,GOBCNH,2025,1,98.781718,99.0,60,55
6007,600761210,GSEBCS,2025,1,98.7772214,99.0,60,55
6007,600761210,LOPENS,2025,1,98.1780538,99.0,60,55
6007,600761210,LSCS,2025,1,93.3993174,99.0,60,55
6007,600761210,LSTS,2025,1,72.3251186,99.0,60,55
6007,600761210,LVJS,2025,1,89.302917,99.0,60,55
6007,600761210,LOBCS,2025,1,97.7035859,99.0,60,55
6007,600761210,LSEBCS,2025,1,97.8130223,99.0,60,55
6007,600761210,PWDOPENS,2025,1,73.9021728,99.0,60,55
6007,600761210,PWDOBCS,2025,1,65.9070599,99.0,60,55
6007,600761210,DEFOPENS,2025,1,96.8479282,99.0,60,55
6007,600761210,DEFOBCS,2025,1,95.3140382,99.0,60,55
6007,600761210,TFWS,2025,1,99.0240529,99.0,60,55
6007,600761210,PWDROBCS,2025,1,68.063194,99.0,60,55
6007,600761210,DEFRSEBCS,2025,1,96.4373935,99.0,60,55
6007,600761210,EWS,2025,1,41.7620841,99.0,60,55
6007,600761210,GOPENH,2025,1,99.3520602,99.0,60,55
6007,600761210,GSCNH,2025,1,97.0532519,99.0,60,55
6007,600761210,GSTNH,2025,1,86.3943435,99.0,60,55
6007,600761210,GVJS,2025,1,97.8699465,99.0,60,55
6007,600761210,GNT1S,2025,1,98.4599733,99.0,60,55
6007,600761210,GNT2S,2025,1,98.976603,99.0,60,55
6007,600761210,GNT3S,2025,1,99.0639786,99.0,60,55
6007,600761210,GOBCNH,2025,1,99.3101241,99.0,60,55
6007,600761210,GSEBCS,2025,1,99.3225882,99.0,60,55
6007,600761210,LOPENS,2025,1,98.9480174,99.0,60,55
6007,600761210,LSCS,2025,1,95.9447134,99.0,60,55
6007,600761210,LSTS,2025,1,89.364907,99.0,60,55
6007,600761210,LOBCS,2025,1,98.7189844,99.0,60,55
6007,600761210,LSEBCS,2025,1,98.7279709,99.0,60,55
6007,600761210,PWDOPENS,2025,1,84.4412567,99.0,60,55
6007,600761210,PWDOBCS,2025,1,78.1913582,99.0,60,55
6007,600761210,DEFOPENS,2025,1,98.0447413,99.0,60,55
6007,600761210,DEFOBCS,2025,1,96.8091806,99.0,60,55
6007,600761210,TFWS,2025,1,99.4306893,99.0,60,55
6007,600761210,PWDROBCS,2025,1,78.8262695,99.0,60,55
6007,600761210,DEFRSEBCS,2025,1,97.5446034,99.0,60,55
6007,600761210,EWS,2025,1,53.7903103,99.0,60,55
6028,602819110,DEFOPENS,2025,1,50.8920685,99.0,60,55
6028,602819110,TFWS,2025,1,77.1955616,99.0,60,55
6028,602819110,EWS,2025,1,16.2056174,99.0,60,55
6028,602825410,DEFOPENS,2025,1,66.5942029,99.0,60,55
6028,602825410,TFWS,2025,1,90.5659048,99.0,60,55
6028,602825410,EWS,2025,1,71.7660957,99.0,60,55
6028,602837210,DEFOPENS,2025,1,69.4641016,99.0,60,55
6028,602837210,TFWS,2025,1,84.4137833,99.0,60,55
6028,602837210,DEFRSEBCS,2025,1,15.1948779,99.0,60,55
6028,602837210,EWS,2025,1,66.4794206,99.0,60,55
6028,602850310,DEFOPENS,2025,1,93.9617023,99.0,60,55
6028,602850310,DEFOBCS,2025,1,71.8444878,99.0,60,55
6028,602850310,TFWS,2025,1,97.5149994,99.0,60,55
6028,602850310,EWS,2025,1,77.5016244,99.0,60,55
6028,602850710,DEFOPENS,2025,1,29.2374051,99.0,60,55
6028,602850710,TFWS,2025,1,75.4489132,99.0,60,55
6028,602850710,EWS,2025,1,52.1256716,99.0,60,55
6028,602861210,DEFOPENS,2025,1,84.0342981,99.0,60,55
6028,602861210,TFWS,2025,1,78.890785,99.0,60,55
6028,602861210,DEFROBCS,2025,1,21.0617426,99.0,60,55
6028,602861210,EWS,2025,1,40.4681495,99.0,60,55
6036,603624210,DEFOPENS,2025,1,89.1450013,99.0,60,55
6036,603624210,DEFOBCS,2025,1,75.242318,99.0,60,55
6036,603624210,TFWS,2025,1,94.963529,99.0,60,55
6036,603624210,DEFRSEBCS,2025,1,76.5235824,99.0,60,55
6036,603624210,EWS,2025,1,90.1045888,99.0,60,55
6036,603626310,DEFOPENS,2025,1,84.4651484,99.0,60,55
6036,603626310,DEFOBCS,2025,1,44.5569356,99.0,60,55
6036,603626310,TFWS,2025,1,93.0651077,99.0,60,55
6036,603626310,DEFROBCS,2025,1,65.8087807,99.0,60,55
6036,603626310,EWS,2025,1,87.921673,99.0,60,55
6036,603629310,DEFOPENS,2025,1,77.583794,99.0,60,55
6036,603629310,DEFOBCS,2025,1,66.2459959,99.0,60,55
6036,603629310,TFWS,2025,1,92.6489748,99.0,60,55
6036,603629310,EWS,2025,1,71.4864246,99.0,60,55
6036,603637210,DEFOPENS,2025,1,82.7018873,99.0,60,55
6036,603637210,DEFOBCS,2025,1,57.0044084,99.0,60,55
6036,603637210,TFWS,2025,1,92.9541398,99.0,60,55
6036,603637210,DEFROBCS,2025,1,63.8128892,99.0,60,55
6036,603637210,EWS,2025,1,85.6921506,99.0,60,55
6036,603661510,DEFOPENS,2025,1,66.1169676,99.0,60,55
6036,603661510,TFWS,2025,1,82.9464759,99.0,60,55
6036,603661510,EWS,2025,1,61.9398096,99.0,60,55
6041,604108210,TFWS,2025,1,97.8034635,99.0,60,55
6041,604108210,EWS,2025,1,91.0868577,99.0,60,55
6041,604125210,TFWS,2025,1,74.1899324,99.0,60,55
6041,604125210,EWS,2025,1,51.5429844,99.0,60,55
6041,604150310,TFWS,2025,1,94.2622611,99.0,60,55
6041,604150310,EWS,2025,1,80.7422798,99.0,60,55
6041,604191710,TFWS,2025,1,39.199832,99.0,60,55
6041,604191710,EWS,2025,1,51.7178644,99.0,60,55
6041,604192110,TFWS,2025,1,75.1704646,99.0,60,55
6041,604192110,EWS,2025,1,30.9042114,99.0,60,55
6122,612219110,TFWS,2025,1,80.5793663,99.0,60,55
6122,612219110,EWS,2025,1,34.2796407,99.0,60,55
6122,612224510,DEFOPENS,2025,1,72.0579403,99.0,60,55
6122,612224510,DEFOBCS,2025,1,71.2894525,99.0,60,55
6122,612224510,DEFSEBCS,2025,1,82.7777778,99.0,60,55
6122,612224510,TFWS,2025,1,90.4512103,99.0,60,55
6122,612224510,DEFRSEBCS,2025,1,67.967082,99.0,60,55
6122,612224510,EWS,2025,1,71.5917775,99.0,60,55
6122,612237210,DEFOPENS,2025,1,60.010721,99.0,60,55
6122,612237210,DEFOBCS,2025,1,37.2578704,99.0,60,55
6122,612237210,DEFSEBCS,2025,1,23.5136803,99.0,60,55
6122,612237210,TFWS,2025,1,87.609626,99.0,60,55
6122,612237210,EWS,2025,1,55.2387338,99.0,60,55
6122,612261210,DEFOPENS,2025,1,60.6803919,99.0,60,55
6122,612261210,TFWS,2025,1,80.4992916,99.0,60,55
6122,612261210,EWS,2025,1,11.1302155,99.0,60,55
6122,612291210,DEFOPENS,2025,1,70.3402566,99.0,60,55
6122,612291210,DEFOBCS,2025,1,59.3625359,99.0,60,55
6122,612291210,TFWS,2025,1,88.8881114,99.0,60,55
6122,612291210,EWS,2025,1,64.5293156,99.0,60,55
6138,613819110,TFWS,2025,1,71.1330463,99.0,60,55
6138,613819110,EWS,2025,1,19.4445432,99.0,60,55
6138,613824510,DEFOPENS,2025,1,82.6245527,99.0,60,55
6138,613824510,DEFOBCS,2025,1,57.6578681,99.0,60,55
6138,613824510,TFWS,2025,1,85.65358,99.0,60,55
6138,613824510,EWS,2025,1,64.1499185,99.0,60,55
6138,613824610,DEFOPENS,2025,1,52.1496391,99.0,60,55
6138,613824610,TFWS,2025,1,83.73706,99.0,60,55
6138,613824610,EWS,2025,1,55.6597249,99.0,60,55
6138,613826310,DEFOPENS,2025,1,50.184431,99.0,60,55
6138,613826310,DEFOBCS,2025,1,71.0421393,99.0,60,55
6138,613826310,TFWS,2025,1,84.4790806,99.0,60,55
6138,613826310,EWS,2025,1,39.966573,99.0,60,55
6138,613837210,DEFOPENS,2025,1,79.379989,99.0,60,55
6138,613837210,TFWS,2025,1,82.6530612,99.0,60,55
6138,613837210,EWS,2025,1,39.1300992,99.0,60,55
6138,613861210,EWS,2025,1,26.3181412,99.0,60,55
6139,613924210,GOPENH,2025,1,95.5320057,99.0,60,55
6139,613924210,GSCNH,2025,1,89.2347783,99.0,60,55
6139,613924210,GSTNH,2025,1,70.6970324,99.0,60,55
6139,613924210,GVJS,2025,1,91.7858261,99.0,60,55
6139,613924210,GNT1S,2025,1,94.1950375,99.0,60,55
6139,613924210,GNT2S,2025,1,94.5074586,99.0,60,55
6139,613924210,GOBCNH,2025,1,95.073949,99.0,60,55
6139,613924210,GSEBCS,2025,1,94.9780988,99.0,60,55
6139,613924210,LOPENS,2025,1,95.4702014,99.0,60,55
6139,613924210,LSCS,2025,1,89.6618256,99.0,60,55
6139,613924210,LSTS,2025,1,76.1726079,99.0,60,55
6139,613924210,LVJS,2025,1,92.4575883,99.0,60,55
6139,613924210,LNT1S,2025,1,92.2402421,99.0,60,55
6139,613924210,LNT2S,2025,1,94.7735192,99.0,60,55
6139,613924210,LNT3S,2025,1,93.603531,99.0,60,55
6139,613924210,LOBCS,2025,1,95.1406289,99.0,60,55
6139,613924210,LSEBCS,2025,1,95.3795495,99.0,60,55
6139,613924210,DEFOPENS,2025,1,88.6855305,99.0,60,55
6139,613924210,DEFSCS,2025,1,55.7542662,99.0,60,55
6139,613924210,DEFOBCS,2025,1,88.5540762,99.0,60,55
6139,613924210,TFWS,2025,1,95.8883843,99.0,60,55
6139,613924210,EWS,2025,1,91.0694792,99.0,60,55
6139,613924510,GOPENH,2025,1,95.4397519,99.0,60,55
6139,613924510,GSCNH,2025,1,89.5119454,99.0,60,55
6139,613924510,GSTNH,2025,1,52.1585439,99.0,60,55
6139,613924510,GVJS,2025,1,91.9525714,99.0,60,55
6139,613924510,GNT1S,2025,1,92.4965846,99.0,60,55
6139,613924510,GNT2S,2025,1,94.2326904,99.0,60,55
6139,613924510,GNT3S,2025,1,94.6962055,99.0,60,55
6139,613924510,GOBCNH,2025,1,95.1933808,99.0,60,55
6139,613924510,GSEBCS,2025,1,94.963529,99.0,60,55
6139,613924510,LOPENS,2025,1,95.5773573,99.0,60,55
6139,613924510,LSCS,2025,1,88.8232797,99.0,60,55
6139,613924510,LSTS,2025,1,46.4953181,99.0,60,55
6139,613924510,LVJS,2025,1,88.6855305,99.0,60,55
6139,613924510,LNT1S,2025,1,92.7868473,99.0,60,55
6139,613924510,LNT2S,2025,1,93.757466,99.0,60,55
6139,613924510,LNT3S,2025,1,94.1913399,99.0,60,55
6139,613924510,LOBCS,2025,1,95.3026007,99.0,60,55
6139,613924510,LSEBCS,2025,1,94.8861284,99.0,60,55
6139,613924510,PWDOPENS,2025,1,8.3226583,99.0,60,55
6139,613924510,DEFOPENS,2025,1,88.070986,99.0,60,55
6139,613924510,DEFSCS,2025,1,49.1668381,99.0,60,55
6139,613924510,DEFOBCS,2025,1,87.9735649,99.0,60,55
6139,613924510,DEFSEBCS,2025,1,87.1731352,99.0,60,55
6139,613924510,TFWS,2025,1,95.5928687,99.0,60,55
6139,613924510,DEFRNT3S,2025,1,87.7305257,99.0,60,55
6139,613924510,DEFROBCS,2025,1,87.73995,99.0,60,55
6139,613924510,EWS,2025,1,90.7559146,99.0,60,55
6139,613929310,GOPENH,2025,1,91.3734349,99.0,60,55
6139,613929310,GSCNH,2025,1,83.9283276,99.0,60,55
6139,613929310,GSTNH,2025,1,30.191544,99.0,60,55
6139,613929310,GVJS,2025,1,82.9464759,99.0,60,55
6139,613929310,GNT1S,2025,1,88.4177906,99.0,60,55
6139,613929310,GNT2S,2025,1,89.4554822,99.0,60,55
6139,613929310,GNT3S,2025,1,88.7299064,99.0,60,55
6139,613929310,GOBCNH,2025,1,90.7025504,99.0,60,55
6139,613929310,GSEBCS,2025,1,90.1004135,99.0,60,55
6139,613929310,LOPENS,2025,1,91.8347853,99.0,60,55
6139,613929310,LSCS,2025,1,79.5928226,99.0,60,55
6139,613929310,LSTS,2025,1,45.457039,99.0,60,55
6139,613929310,LVJS,2025,1,84.4137833,99.0,60,55
6139,613929310,LNT1S,2025,1,83.9561363,99.0,60,55
6139,613929310,LNT2S,2025,1,89.4256012,99.0,60,55
6139,613929310,LNT3S,2025,1,79.4663048,99.0,60,55
6139,613929310,LOBCS,2025,1,90.9200385,99.0,60,55
6139,613929310,LSEBCS,2025,1,90.9612775,99.0,60,55
6139,613929310,DEFOPENS,2025,1,59.2474828,99.0,60,55
6139,613929310,DEFOBCS,2025,1,71.2894525,99.0,60,55
6139,613929310,DEFSEBCS,2025,1,52.7016685,99.0,60,55
6139,613929310,TFWS,2025,1,91.8763536,99.0,60,55
6139,613929310,EWS,2025,1,77.9303712,99.0,60,55
6139,613937210,GOPENH,2025,1,94.2160225,99.0,60,55
6139,613937210,GSCNH,2025,1,88.5427828,99.0,60,55
6139,613937210,GSTNH,2025,1,12.2913505,99.0,60,55
6139,613937210,GVJS,2025,1,90.266876,99.0,60,55
6139,613937210,GNT1S,2025,1,91.1365188,99.0,60,55
6139,613937210,GNT2S,2025,1,93.7198237,99.0,60,55
6139,613937210,GNT3S,2025,1,92.8110351,99.0,60,55
6139,613937210,GOBCNH,2025,1,93.9486424,99.0,60,55
6139,613937210,GSEBCS,2025,1,94.0032188,99.0,60,55
6139,613937210,LOPENS,2025,1,94.4790428,99.0,60,55
6139,613937210,LSCS,2025,1,85.8665128,99.0,60,55
6139,613937210,LSTS,2025,1,44.1937857,99.0,60,55
6139,613937210,LNT1S,2025,1,89.0368294,99.0,60,55
6139,613937210,LNT2S,2025,1,93.0414085,99.0,60,55
6139,613937210,LOBCS,2025,1,94.1005655,99.0,60,55
6139,613937210,LSEBCS,2025,1,94.2326904,99.0,60,55
6139,613937210,DEFOPENS,2025,1,86.7003307,99.0,60,55
6139,613937210,DEFOBCS,2025,1,85.4732337,99.0,60,55
6139,613937210,DEFSEBCS,2025,1,85.9106165,99.0,60,55
6139,613937210,TFWS,2025,1,94.2691204,99.0,60,55
6139,613937210,EWS,2025,1,89.4962236,99.0,60,55
6139,613961210,GOPENH,2025,1,91.5329871,99.0,60,55
6139,613961210,GSCNH,2025,1,81.3283933,99.0,60,55
6139,613961210,GSTNH,2025,1,38.2037534,99.0,60,55
6139,613961210,GVJS,2025,1,81.9137967,99.0,60,55
6139,613961210,GNT1S,2025,1,83.6630885,99.0,60,55
6139,613961210,GNT2S,2025,1,89.2347783,99.0,60,55
6139,613961210,GNT3S,2025,1,89.2174843,99.0,60,55
6139,613961210,GOBCNH,2025,1,90.5659048,99.0,60,55
6139,613961210,GSEBCS,2025,1,89.9742931,99.0,60,55
6139,613961210,LOPENS,2025,1,90.5728815,99.0,60,55
6139,613961210,LSCS,2025,1,77.937978,99.0,60,55
6139,613961210,LVJS,2025,1,72.8027463,99.0,60,55
6139,613961210,LNT1S,2025,1,82.1648735,99.0,60,55
6139,613961210,LNT2S,2025,1,87.2379152,99.0,60,55
6139,613961210,LNT3S,2025,1,85.2987504,99.0,60,55
6139,613961210,LOBCS,2025,1,88.8632429,99.0,60,55
6139,613961210,LSEBCS,2025,1,89.5119454,99.0,60,55
6139,613961210,DEFOPENS,2025,1,79.2630446,99.0,60,55
6139,613961210,DEFOBCS,2025,1,76.2668468,99.0,60,55
6139,613961210,DEFSEBCS,2025,1,71.1120286,99.0,60,55
6139,613961210,TFWS,2025,1,92.4095563,99.0,60,55
6139,613961210,DEFROBCS,2025,1,79.0264353,99.0,60,55
6139,613961210,EWS,2025,1,78.1913582,99.0,60,55
6139,613984410,GOPENH,2025,1,94.5768123,99.0,60,55
6139,613984410,GSCNH,2025,1,87.0084871,99.0,60,55
6139,613984410,GSTNH,2025,1,44.1937857,99.0,60,55
6139,613984410,GVJS,2025,1,92.8576339,99.0,60,55
6139,613984410,GNT1S,2025,1,90.8237951,99.0,60,55
6139,613984410,GNT2S,2025,1,93.5949221,99.0,60,55
6139,613984410,GNT3S,2025,1,92.2153383,99.0,60,55
6139,613984410,GOBCNH,2025,1,94.4673823,99.0,60,55
6139,613984410,GSEBCS,2025,1,94.3460306,99.0,60,55
6139,613984410,LOPENS,2025,1,94.7041159,99.0,60,55
6139,613984410,LSCS,2025,1,87.2593857,99.0,60,55
6139,613984410,LSTS,2025,1,52.8560653,99.0,60,55
6139,613984410,LOBCS,2025,1,94.2691204,99.0,60,55
6139,613984410,LSEBCS,2025,1,94.5397112,99.0,60,55
6139,613984410,DEFOPENS,2025,1,86.6459627,99.0,60,55
6139,613984410,TFWS,2025,1,94.5391572,99.0,60,55
6139,613984410,DEFROBCS,2025,1,84.4412567,99.0,60,55
6139,613984410,EWS,2025,1,88.7299064,99.0,60,55
6139,613992510,GOPENH,2025,1,94.9572138,99.0,60,55
6139,613992510,GSCNH,2025,1,89.0033044,99.0,60,55
6139,613992510,GSTNH,2025,1,52.9701068,99.0,60,55
6139,613992510,GVJS,2025,1,91.512485,99.0,60,55
6139,613992510,GNT1S,2025,1,93.0166968,99.0,60,55
6139,613992510,GNT2S,2025,1,94.4809929,99.0,60,55
6139,613992510,GNT3S,2025,1,94.6508434,99.0,60,55
6139,613992510,GOBCNH,2025,1,94.8480746,99.0,60,55
6139,613992510,GSEBCS,2025,1,94.7551233,99.0,60,55
6139,613992510,LOPENS,2025,1,94.9780988,99.0,60,55
6139,613992510,LSCS,2025,1,88.7592898,99.0,60,55
6139,613992510,LSTS,2025,1,55.4914407,99.0,60,55
6139,613992510,LVJS,2025,1,88.8464637,99.0,60,55
6139,613992510,LNT1S,2025,1,90.6279863,99.0,60,55
6139,613992510,LNT2S,2025,1,93.4491576,99.0,60,55
6139,613992510,LNT3S,2025,1,94.0949981,99.0,60,55
6139,613992510,LOBCS,2025,1,94.7981886,99.0,60,55
6139,613992510,LSEBCS,2025,1,94.7789294,99.0,60,55
6139,613992510,DEFOPENS,2025,1,87.468285,99.0,60,55
6139,613992510,DEFOBCS,2025,1,86.3505412,99.0,60,55
6139,613992510,TFWS,2025,1,95.1283815,99.0,60,55
6139,613992510,EWS,2025,1,89.9001306,99.0,60,55
6141,614119110,GOPENH,2025,1,91.9625508,99.0,60,55
6141,614119110,GSCNH,2025,1,85.7757627,99.0,60,55
6141,614119110,GSTNH,2025,1,70.8903389,99.0,60,55
6141,614119110,GVJS,2025,1,89.621821,99.0,60,55
6141,614119110,GNT1S,2025,1,90.7025504,99.0,60,55
6141,614119110,GOBCNH,2025,1,91.2158031,99.0,60,55
6141,614119110,GSEBCS,2025,1,91.8567404,99.0,60,55
6141,614119110,LOPENS,2025,1,92.476754,99.0,60,55
6141,614119110,LSCS,2025,1,84.3396689,99.0,60,55
6141,614119110,LSTS,2025,1,47.8398896,99.0,60,55
6141,614119110,LNT2S,2025,1,92.1732083,99.0,60,55
6141,614119110,LOBCS,2025,1,91.3216011,99.0,60,55
6141,614119110,LSEBCS,2025,1,90.9203835,99.0,60,55
6141,614119110,PWDOPENS,2025,1,57.0044084,99.0,60,55
6141,614119110,DEFOPENS,2025,1,89.2174843,99.0,60,55
6141,614119110,TFWS,2025,1,93.620848,99.0,60,55
6141,614119110,DEFRSEBCS,2025,1,82.9708753,99.0,60,55
6141,614119110,EWS,2025,1,74.7351841,99.0,60,55
6141,614124510,GOPENH,2025,1,97.3021583,99.0,60,55
6141,614124510,GSCNH,2025,1,92.5129597,99.0,60,55
6141,614124510,GSTNH,2025,1,72.9906413,99.0,60,55
6141,614124510,GVJS,2025,1,94.416807,99.0,60,55
6141,614124510,GNT1S,2025,1,96.1046695,99.0,60,55
6141,614124510,GNT2S,2025,1,97.1023891,99.0,60,55
6141,614124510,GNT3S,2025,1,97.1601104,99.0,60,55
6141,614124510,GOBCNH,2025,1,97.1376091,99.0,60,55
6141,614124510,GSEBCS,2025,1,96.996587,99.0,60,55
6141,614124510,LOPENS,2025,1,97.1175428,99.0,60,55
6141,614124510,LSCS,2025,1,92.0013784,99.0,60,55
6141,614124510,LSTS,2025,1,63.5035466,99.0,60,55
6141,614124510,LVJS,2025,1,92.2976964,99.0,60,55
6141,614124510,LNT1S,2025,1,93.7694824,99.0,60,55
6141,614124510,LNT2S,2025,1,95.5042277,99.0,60,55
6141,614124510,LNT3S,2025,1,96.0092361,99.0,60,55
6141,614124510,LOBCS,2025,1,96.9607316,99.0,60,55
6141,614124510,LSEBCS,2025,1,97.0049392,99.0,60,55
6141,614124510,PWDOPENS,2025,1,57.5477401,99.0,60,55
6141,614124510,PWDOBCS,2025,1,49.8201439,99.0,60,55
6141,614124510,PWDSEBCS,2025,1,1.1831006,99.0,60,55
6141,614124510,DEFOPENS,2025,1,92.5267651,99.0,60,55
6141,614124510,DEFSCS,2025,1,76.5235824,99.0,60,55
6141,614124510,DEFOBCS,2025,1,92.2478719,99.0,60,55
6141,614124510,DEFSEBCS,2025,1,92.4858168,99.0,60,55
6141,614124510,TFWS,2025,1,97.4499655,99.0,60,55
6141,614124510,PWDROBCS,2025,1,46.2039046,99.0,60,55
6141,614124510,DEFROBCS,2025,1,92.4965846,99.0,60,55
6141,614124510,EWS,2025,1,95.0750038,99.0,60,55
6141,614124610,GOPENH,2025,1,96.882885,99.0,60,55
6141,614124610,GSCNH,2025,1,92.1236176,99.0,60,55
6141,614124610,GSTNH,2025,1,64.2198294,99.0,60,55
6141,614124610,GVJS,2025,1,93.442623,99.0,60,55
6141,614124610,GNT1S,2025,1,95.1933808,99.0,60,55
6141,614124610,GNT2S,2025,1,96.4542259,99.0,60,55
6141,614124610,GNT3S,2025,1,96.4542259,99.0,60,55
6141,614124610,GOBCNH,2025,1,96.614828,99.0,60,55
6141,614124610,GSEBCS,2025,1,96.6956121,99.0,60,55
6141,614124610,LOPENS,2025,1,96.6963838,99.0,60,55
6141,614124610,LSCS,2025,1,90.5704062,99.0,60,55
6141,614124610,LSTS,2025,1,62.8386652,99.0,60,55
6141,614124610,LVJS,2025,1,91.0668866,99.0,60,55
6141,614124610,LNT1S,2025,1,93.4202865,99.0,60,55
6141,614124610,LNT2S,2025,1,95.4678311,99.0,60,55
6141,614124610,LOBCS,2025,1,96.5674269,99.0,60,55
6141,614124610,LSEBCS,2025,1,96.4033308,99.0,60,55
6141,614124610,PWDOPENS,2025,1,34.8005502,99.0,60,55
6141,614124610,PWDOBCS,2025,1,38.0901752,99.0,60,55
6141,614124610,DEFOPENS,2025,1,91.4802758,99.0,60,55
6141,614124610,DEFSCS,2025,1,65.814611,99.0,60,55
6141,614124610,DEFOBCS,2025,1,91.4334483,99.0,60,55
6141,614124610,TFWS,2025,1,97.0151829,99.0,60,55
6141,614124610,EWS,2025,1,93.9486424,99.0,60,55
6141,614126210,GOPENH,2025,1,96.614828,99.0,60,55
6141,614126210,GSCNH,2025,1,91.512485,99.0,60,55
6141,614126210,GSTNH,2025,1,61.114444,99.0,60,55
6141,614126210,GVJS,2025,1,93.1944731,99.0,60,55
6141,614126210,GNT1S,2025,1,95.101416,99.0,60,55
6141,614126210,GNT2S,2025,1,96.4855442,99.0,60,55
6141,614126210,GNT3S,2025,1,95.7804433,99.0,60,55
6141,614126210,GOBCNH,2025,1,96.5336351,99.0,60,55
6141,614126210,GSEBCS,2025,1,96.5024907,99.0,60,55
6141,614126210,LOPENS,2025,1,96.8345273,99.0,60,55
6141,614126210,LSCS,2025,1,91.53248,99.0,60,55
6141,614126210,LSTS,2025,1,58.9637781,99.0,60,55
6141,614126210,LOBCS,2025,1,96.3161343,99.0,60,55
6141,614126210,LSEBCS,2025,1,96.8091806,99.0,60,55
6141,614126210,PWDOPENS,2025,1,4.3571041,99.0,60,55
6141,614126210,DEFOPENS,2025,1,91.2065006,99.0,60,55
6141,614126210,TFWS,2025,1,96.9012685,99.0,60,55
6141,614126210,DEFRSEBCS,2025,1,90.8146472,99.0,60,55
6141,614126210,EWS,2025,1,93.4649935,99.0,60,55
6141,614129310,GOPENH,2025,1,94.1005655,99.0,60,55
6141,614129310,GSCNH,2025,1,87.0343086,99.0,60,55
6141,614129310,GSTNH,2025,1,62.6016833,99.0,60,55
6141,614129310,GVJS,2025,1,89.5522919,99.0,60,55
6141,614129310,GNT1S,2025,1,91.7858261,99.0,60,55
6141,614129310,GNT2S,2025,1,91.4865131,99.0,60,55
6141,614129310,GOBCNH,2025,1,93.4616125,99.0,60,55
6141,614129310,GSEBCS,2025,1,93.620848,99.0,60,55
6141,614129310,LOPENS,2025,1,93.9374669,99.0,60,55
6141,614129310,LSCS,2025,1,85.4974574,99.0,60,55
6141,614129310,LSTS,2025,1,51.5429844,99.0,60,55
6141,614129310,LVJS,2025,1,84.207639,99.0,60,55
6141,614129310,LNT3S,2025,1,85.9241674,99.0,60,55
6141,614129310,LOBCS,2025,1,92.5664772,99.0,60,55
6141,614129310,LSEBCS,2025,1,93.2009875,99.0,60,55
6141,614129310,PWDOPENS,2025,1,46.2039046,99.0,60,55
6141,614129310,DEFOPENS,2025,1,86.5743412,99.0,60,55
6141,614129310,TFWS,2025,1,94.2477571,99.0,60,55
6141,614129310,DEFRSEBCS,2025,1,83.7986478,99.0,60,55
6141,614129310,EWS,2025,1,86.9330662,99.0,60,55
6141,614137210,GOPENH,2025,1,96.0954149,99.0,60,55
6141,614137210,GSCNH,2025,1,89.9552166,99.0,60,55
6141,614137210,GSTNH,2025,1,54.9832594,99.0,60,55
6141,614137210,GVJS,2025,1,92.1789653,99.0,60,55
6141,614137210,GNT1S,2025,1,93.9374669,99.0,60,55
6141,614137210,GNT2S,2025,1,94.2477571,99.0,60,55
6141,614137210,GNT3S,2025,1,95.6189832,99.0,60,55
6141,614137210,GOBCNH,2025,1,95.5792202,99.0,60,55
6141,614137210,GSEBCS,2025,1,95.8890489,99.0,60,55
6141,614137210,LOPENS,2025,1,95.9873991,99.0,60,55
6141,614137210,LSCS,2025,1,88.542227,99.0,60,55
6141,614137210,LSTS,2025,1,19.9880898,99.0,60,55
6141,614137210,LNT2S,2025,1,93.7616003,99.0,60,55
6141,614137210,LOBCS,2025,1,95.7690393,99.0,60,55
6141,614137210,LSEBCS,2025,1,95.4986174,99.0,60,55
6141,614137210,PWDOPENS,2025,1,2.7197951,99.0,60,55
6141,614137210,DEFOPENS,2025,1,88.2603909,99.0,60,55
6141,614137210,DEFSCS,2025,1,86.3037543,99.0,60,55
6141,614137210,DEFOBCS,2025,1,87.0343086,99.0,60,55
6141,614137210,TFWS,2025,1,96.3174061,99.0,60,55
6141,614137210,EWS,2025,1,92.0078173,99.0,60,55
6141,614161210,GOPENH,2025,1,93.7198237,99.0,60,55
6141,614161210,GSCNH,2025,1,85.7757627,99.0,60,55
6141,614161210,GSTNH,2025,1,37.5813241,99.0,60,55
6141,614161210,GVJS,2025,1,84.9389417,99.0,60,55
6141,614161210,GNT1S,2025,1,89.302917,99.0,60,55
6141,614161210,GNT2S,2025,1,91.3230812,99.0,60,55
6141,614161210,GNT3S,2025,1,91.8455822,99.0,60,55
6141,614161210,GOBCNH,2025,1,93.0779848,99.0,60,55
6141,614161210,GSEBCS,2025,1,93.158138,99.0,60,55
6141,614161210,LOPENS,2025,1,93.1255955,99.0,60,55
6141,614161210,LSCS,2025,1,83.1481862,99.0,60,55
6141,614161210,LSTS,2025,1,83.1461103,99.0,60,55
6141,614161210,LVJS,2025,1,86.8632708,99.0,60,55
6141,614161210,LNT1S,2025,1,88.5637068,99.0,60,55
6141,614161210,LNT2S,2025,1,92.8822002,99.0,60,55
6141,614161210,LNT3S,2025,1,92.4480361,99.0,60,55
6141,614161210,LOBCS,2025,1,92.0068259,99.0,60,55
6141,614161210,LSEBCS,2025,1,81.5923479,99.0,60,55
6141,614161210,DEFOPENS,2025,1,83.7134808,99.0,60,55
6141,614161210,DEFOBCS,2025,1,83.1707575,99.0,60,55
6141,614161210,DEFSEBCS,2025,1,94.1781526,99.0,60,55
6141,614161210,TFWS,2025,1,81.2737812,99.0,60,55
6141,614161210,DEFROBCS,2025,1,84.4467601,99.0,60,55
6141,614161210,EWS,2025,1,20.7039337,99.0,60,55
6141,614191610,GOPENH,2025,1,94.9817832,99.0,60,55
6141,614191610,GSCNH,2025,1,88.0941637,99.0,60,55
6141,614191610,GSTNH,2025,1,50.184431,99.0,60,55
6141,614191610,GNT2S,2025,1,92.8766596,99.0,60,55
6141,614191610,GOBCNH,2025,1,94.5553041,99.0,60,55
6141,614191610,GSEBCS,2025,1,94.372645,99.0,60,55
6141,614191610,LOPENS,2025,1,95.2927669,99.0,60,55
6141,614191610,LSCS,2025,1,88.1535836,99.0,60,55
6141,614191610,LSTS,2025,1,23.9884494,99.0,60,55
6141,614191610,LVJS,2025,1,84.9389417,99.0,60,55
6141,614191610,LNT1S,2025,1,90.1004135,99.0,60,55
6141,614191610,LNT2S,2025,1,92.8766596,99.0,60,55
6141,614191610,LOBCS,2025,1,94.9780988,99.0,60,55
6141,614191610,LSEBCS,2025,1,94.5074586,99.0,60,55
6141,614191610,DEFOPENS,2025,1,88.0866426,99.0,60,55
6141,614191610,TFWS,2025,1,94.8860653,99.0,60,55
6141,614191610,DEFRSEBCS,2025,1,84.6586561,99.0,60,55
6141,614191610,EWS,2025,1,89.8801547,99.0,60,55
6144,614419110,TFWS,2025,1,75.4489132,99.0,60,55
6144,614419110,EWS,2025,1,22.8294494,99.0,60,55
6144,614424510,DEFOPENS,2025,1,77.583794,99.0,60,55
6144,614424510,DEFOBCS,2025,1,85.3230758,99.0,60,55
6144,614424510,DEFSEBCS,2025,1,48.1318449,99.0,60,55
6144,614424510,TFWS,2025,1,86.0314842,99.0,60,55
6144,614424510,EWS,2025,1,60.9157012,99.0,60,55
6144,614424610,DEFOPENS,2025,1,71.5294662,99.0,60,55
6144,614424610,TFWS,2025,1,83.9990684,99.0,60,55
6144,614424610,EWS,2025,1,40.4599724,99.0,60,55
6144,614437210,TFWS,2025,1,83.6630885,99.0,60,55
6144,614437210,EWS,2025,1,62.8284912,99.0,60,55
6144,614461210,TFWS,2025,1,78.0816199,99.0,60,55
6144,614461210,EWS,2025,1,7.2922103,99.0,60,55
6144,614492110,DEFOPENS,2025,1,63.9535342,99.0,60,55
6144,614492110,TFWS,2025,1,85.65358,99.0,60,55
6144,614492110,EWS,2025,1,62.6016833,99.0,60,55
6144,614499510,DEFOPENS,2025,1,69.8418157,99.0,60,55
6144,614499510,DEFOBCS,2025,1,53.7903103,99.0,60,55
6144,614499510,TFWS,2025,1,85.21049,99.0,60,55
6144,614499510,DEFRSEBCS,2025,1,58.3262891,99.0,60,55
6144,614499510,EWS,2025,1,57.502776,99.0,60,55
6145,614524510,GOPENH,2025,1,94.772118,99.0,60,55
6145,614524510,GSCNH,2025,1,88.5637068,99.0,60,55
6145,614524510,GSTNH,2025,1,56.6825649,99.0,60,55
6145,614524510,GVJS,2025,1,90.4021551,99.0,60,55
6145,614524510,GNT1S,2025,1,91.9326024,99.0,60,55
6145,614524510,GNT2S,2025,1,93.1255955,99.0,60,55
6145,614524510,GNT3S,2025,1,94.1781526,99.0,60,55
6145,614524510,GOBCNH,2025,1,94.372645,99.0,60,55
6145,614524510,GSEBCS,2025,1,94.243738,99.0,60,55
6145,614524510,LOPENS,2025,1,94.4877916,99.0,60,55
6145,614524510,LSCS,2025,1,88.7592898,99.0,60,55
6145,614524510,LSTS,2025,1,58.9637781,99.0,60,55
6145,614524510,LNT2S,2025,1,93.1944731,99.0,60,55
6145,614524510,LOBCS,2025,1,94.1187732,99.0,60,55
6145,614524510,LSEBCS,2025,1,94.0032188,99.0,60,55
6145,614524510,DEFOPENS,2025,1,91.2065006,99.0,60,55
6145,614524510,DEFSCS,2025,1,84.4463229,99.0,60,55
6145,614524510,DEFOBCS,2025,1,85.3230758,99.0,60,55
6145,614524510,TFWS,2025,1,94.9427415,99.0,60,55
6145,614524510,EWS,2025,1,88.525902,99.0,60,55
6145,614524610,GOPENH,2025,1,93.6707891,99.0,60,55
6145,614524610,GSCNH,2025,1,87.2196787,99.0,60,55
6145,614524610,GSTNH,2025,1,35.8612172,99.0,60,55
6145,614524610,GVJS,2025,1,89.3287171,99.0,60,55
6145,614524610,GNT1S,2025,1,91.794056,99.0,60,55
6145,614524610,GNT2S,2025,1,92.8241551,99.0,60,55
6145,614524610,GNT3S,2025,1,93.169136,99.0,60,55
6145,614524610,GOBCNH,2025,1,93.4649935,99.0,60,55
6145,614524610,GSEBCS,2025,1,93.4220277,99.0,60,55
6145,614524610,LOPENS,2025,1,93.9788054,99.0,60,55
6145,614524610,LSCS,2025,1,87.468285,99.0,60,55
6145,614524610,LSTS,2025,1,90.3566145,99.0,60,55
6145,614524610,LVJS,2025,1,90.6279863,99.0,60,55
6145,614524610,LNT1S,2025,1,93.442623,99.0,60,55
6145,614524610,LNT2S,2025,1,92.7467219,99.0,60,55
6145,614524610,LNT3S,2025,1,93.7198237,99.0,60,55
6145,614524610,LOBCS,2025,1,93.7445639,99.0,60,55
6145,614524610,LSEBCS,2025,1,85.3954204,99.0,60,55
6145,614524610,DEFOPENS,2025,1,82.7777778,99.0,60,55
6145,614524610,DEFOBCS,2025,1,94.0032188,99.0,60,55
6145,614524610,TFWS,2025,1,86.2660493,99.0,60,55
6145,614524610,EWS,2025,1,10.3339505,99.0,60,55
6145,614526310,GOPENH,2025,1,94.1906967,99.0,60,55
6145,614526310,GSCNH,2025,1,88.2059917,99.0,60,55
6145,614526310,GSTNH,2025,1,63.5303851,99.0,60,55
6145,614526310,GVJS,2025,1,93.1255955,99.0,60,55
6145,614526310,GNT1S,2025,1,92.8590573,99.0,60,55
6145,614526310,GNT2S,2025,1,93.3747412,99.0,60,55
6145,614526310,GOBCNH,2025,1,93.7616003,99.0,60,55
6145,614526310,GSEBCS,2025,1,93.7153061,99.0,60,55
6145,614526310,LOPENS,2025,1,94.6480451,99.0,60,55
6145,614526310,LSCS,2025,1,89.451403,99.0,60,55
6145,614526310,LSTS,2025,1,47.4563898,99.0,60,55
6145,614526310,LVJS,2025,1,87.5726309,99.0,60,55
6145,614526310,LOBCS,2025,1,93.2033865,99.0,60,55
6145,614526310,LSEBCS,2025,1,93.7616003,99.0,60,55
6145,614526310,DEFOPENS,2025,1,85.819156,99.0,60,55
6145,614526310,TFWS,2025,1,95.1979522,99.0,60,55
6145,614526310,DEFRSEBCS,2025,1,83.1950716,99.0,60,55
6145,614526310,EWS,2025,1,89.5522919,99.0,60,55
6145,614529310,GOPENH,2025,1,88.8600683,99.0,60,55
6145,614529310,GSCNH,2025,1,82.3548238,99.0,60,55
6145,614529310,GSTNH,2025,1,47.7548586,99.0,60,55
6145,614529310,GVJS,2025,1,82.5187713,99.0,60,55
6145,614529310,GNT1S,2025,1,87.8605935,99.0,60,55
6145,614529310,GNT2S,2025,1,88.1120509,99.0,60,55
6145,614529310,GNT3S,2025,1,86.5743412,99.0,60,55
6145,614529310,GOBCNH,2025,1,87.265016,99.0,60,55
6145,614529310,GSEBCS,2025,1,88.7231708,99.0,60,55
6145,614529310,LOPENS,2025,1,89.4554822,99.0,60,55
6145,614529310,LSCS,2025,1,77.8612083,99.0,60,55
6145,614529310,LSTS,2025,1,84.9063828,99.0,60,55
6145,614529310,LNT2S,2025,1,88.7231708,99.0,60,55
6145,614529310,LOBCS,2025,1,88.4226013,99.0,60,55
6145,614529310,LSEBCS,2025,1,80.4944215,99.0,60,55
6145,614529310,DEFOPENS,2025,1,75.9743237,99.0,60,55
6145,614529310,DEFOBCS,2025,1,93.0414085,99.0,60,55
6145,614529310,TFWS,2025,1,43.0034494,99.0,60,55
6145,614529310,DEFRSEBCS,2025,1,70.3901803,99.0,60,55
6145,614529310,EWS,2025,1,14.7883959,99.0,60,55
6145,614537210,GOPENH,2025,1,91.8375201,99.0,60,55
6145,614537210,GSCNH,2025,1,85.8665128,99.0,60,55
6145,614537210,GVJS,2025,1,87.1731352,99.0,60,55
6145,614537210,GNT1S,2025,1,90.112628,99.0,60,55
6145,614537210,GNT2S,2025,1,90.5194308,99.0,60,55
6145,614537210,GOBCNH,2025,1,91.3421736,99.0,60,55
6145,614537210,GSEBCS,2025,1,90.8571649,99.0,60,55
6145,614537210,LOPENS,2025,1,92.2478719,99.0,60,55
6145,614537210,LSCS,2025,1,83.4251983,99.0,60,55
6145,614537210,LVJS,2025,1,89.8845123,99.0,60,55
6145,614537210,LNT1S,2025,1,82.9464759,99.0,60,55
6145,614537210,LNT2S,2025,1,91.6451799,99.0,60,55
6145,614537210,LNT3S,2025,1,88.0315567,99.0,60,55
6145,614537210,LOBCS,2025,1,91.6606042,99.0,60,55
6145,614537210,LSEBCS,2025,1,92.2148897,99.0,60,55
6145,614537210,DEFOPENS,2025,1,81.5923479,99.0,60,55
6145,614537210,DEFOBCS,2025,1,81.2365306,99.0,60,55
6145,614537210,DEFSEBCS,2025,1,62.965955,99.0,60,55
6145,614537210,TFWS,2025,1,92.67182,99.0,60,55
6145,614537210,EWS,2025,1,83.769652,99.0,60,55
6145,614561210,GOPENH,2025,1,87.8605935,99.0,60,55
6145,614561210,GSCNH,2025,1,76.4503291,99.0,60,55
6145,614561210,GSTNH,2025,1,41.0952232,99.0,60,55
6145,614561210,GVJS,2025,1,82.5741649,99.0,60,55
6145,614561210,GNT1S,2025,1,85.2987504,99.0,60,55
6145,614561210,GNT2S,2025,1,83.5707404,99.0,60,55
6145,614561210,GNT3S,2025,1,86.2660493,99.0,60,55
6145,614561210,GOBCNH,2025,1,85.6921506,99.0,60,55
6145,614561210,GSEBCS,2025,1,85.7396473,99.0,60,55
6145,614561210,LOPENS,2025,1,84.9389417,99.0,60,55
6145,614561210,LSCS,2025,1,74.4163823,99.0,60,55
6145,614561210,LVJS,2025,1,74.112751,99.0,60,55
6145,614561210,LNT1S,2025,1,72.5330927,99.0,60,55
6145,614561210,LNT2S,2025,1,80.5595655,99.0,60,55
6145,614561210,LOBCS,2025,1,84.0343736,99.0,60,55
6145,614561210,LSEBCS,2025,1,83.1481862,99.0,60,55
6145,614561210,DEFOPENS,2025,1,74.8112584,99.0,60,55
6145,614561210,DEFOBCS,2025,1,73.2041877,99.0,60,55
6145,614561210,DEFSEBCS,2025,1,62.8284912,99.0,60,55
6145,614561210,TFWS,2025,1,88.1535836,99.0,60,55
6145,614561210,EWS,2025,1,61.9398096,99.0,60,55
6146,614619110,GOPENH,2025,1,92.1611438,99.0,60,55
6146,614619110,GSCNH,2025,1,85.65358,99.0,60,55
6146,614619110,GSTNH,2025,1,70.3444621,99.0,60,55
6146,614619110,GVJS,2025,1,89.8845123,99.0,60,55
6146,614619110,GNT1S,2025,1,88.8464637,99.0,60,55
6146,614619110,GNT2S,2025,1,91.6804693,99.0,60,55
6146,614619110,GOBCNH,2025,1,91.3857287,99.0,60,55
6146,614619110,GSEBCS,2025,1,91.1365188,99.0,60,55
6146,614619110,LOPENS,2025,1,92.2478719,99.0,60,55
6146,614619110,LSCS,2025,1,83.3956241,99.0,60,55
6146,614619110,LSTS,2025,1,75.2153333,99.0,60,55
6146,614619110,LNT3S,2025,1,86.3032893,99.0,60,55
6146,614619110,LOBCS,2025,1,89.6934787,99.0,60,55
6146,614619110,LSEBCS,2025,1,90.1218002,99.0,60,55
6146,614619110,DEFOPENS,2025,1,84.9063828,99.0,60,55
6146,614619110,TFWS,2025,1,93.237161,99.0,60,55
6146,614619110,DEFRSEBCS,2025,1,83.9283276,99.0,60,55
6146,614619110,EWS,2025,1,77.9589871,99.0,60,55
6146,614624510,GOPENH,2025,1,96.5594281,99.0,60,55
6146,614624510,GSCNH,2025,1,91.8375201,99.0,60,55
6146,614624510,GSTNH,2025,1,68.8065641,99.0,60,55
6146,614624510,GVJS,2025,1,93.2009875,99.0,60,55
6146,614624510,GNT1S,2025,1,95.4830918,99.0,60,55
6146,614624510,GNT2S,2025,1,95.5042277,99.0,60,55
6146,614624510,GNT3S,2025,1,95.881079,99.0,60,55
6146,614624510,GOBCNH,2025,1,96.1741748,99.0,60,55
6146,614624510,GSEBCS,2025,1,96.1115807,99.0,60,55
6146,614624510,LOPENS,2025,1,96.4185055,99.0,60,55
6146,614624510,LSCS,2025,1,91.8375201,99.0,60,55
6146,614624510,LSTS,2025,1,69.0271267,99.0,60,55
6146,614624510,LVJS,2025,1,91.512485,99.0,60,55
6146,614624510,LNT1S,2025,1,94.1950375,99.0,60,55
6146,614624510,LNT2S,2025,1,95.9009755,99.0,60,55
6146,614624510,LNT3S,2025,1,94.9879389,99.0,60,55
6146,614624510,LOBCS,2025,1,96.1774744,99.0,60,55
6146,614624510,LSEBCS,2025,1,96.2498087,99.0,60,55
6146,614624510,PWDOPENS,2025,1,39.9867632,99.0,60,55
6146,614624510,DEFOPENS,2025,1,92.4095563,99.0,60,55
6146,614624510,DEFSCS,2025,1,63.5901214,99.0,60,55
6146,614624510,DEFOBCS,2025,1,91.7854984,99.0,60,55
6146,614624510,DEFSEBCS,2025,1,89.9552166,99.0,60,55
6146,614624510,TFWS,2025,1,96.94069,99.0,60,55
6146,614624510,DEFRNT2S,2025,1,90.1045888,99.0,60,55
6146,614624510,DEFROBCS,2025,1,91.3216011,99.0,60,55
6146,614624510,EWS,2025,1,92.5914149,99.0,60,55
6146,614624510,GOPENH,2025,1,95.6935818,99.0,60,55
6146,614624510,GSCNH,2025,1,90.8211878,99.0,60,55
6146,614624510,GSTNH,2025,1,60.5539527,99.0,60,55
6146,614624510,GVJS,2025,1,93.3993174,99.0,60,55
6146,614624510,GNT1S,2025,1,93.7616003,99.0,60,55
6146,614624510,GNT2S,2025,1,94.2142883,99.0,60,55
6146,614624510,GNT3S,2025,1,94.9572138,99.0,60,55
6146,614624510,GOBCNH,2025,1,95.4986174,99.0,60,55
6146,614624510,GSEBCS,2025,1,95.060689,99.0,60,55
6146,614624510,LOPENS,2025,1,95.7937272,99.0,60,55
6146,614624510,LSCS,2025,1,90.7025504,99.0,60,55
6146,614624510,LSTS,2025,1,68.2993965,99.0,60,55
6146,614624510,LVJS,2025,1,92.1611438,99.0,60,55
6146,614624510,LNT1S,2025,1,91.6610792,99.0,60,55
6146,614624510,LNT2S,2025,1,94.7805374,99.0,60,55
6146,614624510,LOBCS,2025,1,95.6189832,99.0,60,55
6146,614624510,LSEBCS,2025,1,95.6149583,99.0,60,55
6146,614624510,DEFOPENS,2025,1,88.986683,99.0,60,55
6146,614624510,DEFSCS,2025,1,40.6688911,99.0,60,55
6146,614624510,DEFOBCS,2025,1,88.9649575,99.0,60,55
6146,614624510,TFWS,2025,1,96.1461976,99.0,60,55
6146,614624510,EWS,2025,1,91.0435718,99.0,60,55
6146,614624610,GOPENH,2025,1,95.937512,99.0,60,55
6146,614624610,GSCNH,2025,1,90.8013388,99.0,60,55
6146,614624610,GSTNH,2025,1,60.7556304,99.0,60,55
6146,614624610,GVJS,2025,1,92.6165904,99.0,60,55
6146,614624610,GNT1S,2025,1,93.9551486,99.0,60,55
6146,614624610,GNT2S,2025,1,95.1406289,99.0,60,55
6146,614624610,GNT3S,2025,1,94.9879389,99.0,60,55
6146,614624610,GOBCNH,2025,1,95.6935818,99.0,60,55
6146,614624610,GSEBCS,2025,1,95.4990284,99.0,60,55
6146,614624610,LOPENS,2025,1,96.0186459,99.0,60,55
6146,614624610,LSCS,2025,1,90.5659048,99.0,60,55
6146,614624610,LSTS,2025,1,63.8128892,99.0,60,55
6146,614624610,LVJS,2025,1,92.5664772,99.0,60,55
6146,614624610,LNT1S,2025,1,91.6438644,99.0,60,55
6146,614624610,LNT2S,2025,1,94.2038061,99.0,60,55
6146,614624610,LNT3S,2025,1,94.3412969,99.0,60,55
6146,614624610,LOBCS,2025,1,95.7836954,99.0,60,55
6146,614624610,LSEBCS,2025,1,95.8070096,99.0,60,55
6146,614624610,DEFOPENS,2025,1,90.0843448,99.0,60,55
6146,614624610,DEFSCS,2025,1,55.7542662,99.0,60,55
6146,614624610,DEFOBCS,2025,1,90.0451538,99.0,60,55
6146,614624610,DEFSEBCS,2025,1,89.6568852,99.0,60,55
6146,614624610,TFWS,2025,1,96.1739609,99.0,60,55
6146,614624610,DEFROBCS,2025,1,90.0621118,99.0,60,55
6146,614624610,EWS,2025,1,86.560206,99.0,60,55
6146,614637210,GOPENH,2025,1,95.2431067,99.0,60,55
6146,614637210,GSCNH,2025,1,88.8232797,99.0,60,55
6146,614637210,GSTNH,2025,1,47.8755661,99.0,60,55
6146,614637210,GVJS,2025,1,90.8211878,99.0,60,55
6146,614637210,GNT1S,2025,1,92.2738405,99.0,60,55
6146,614637210,GNT2S,2025,1,94.2142883,99.0,60,55
6146,614637210,GNT3S,2025,1,94.0733176,99.0,60,55
6146,614637210,GOBCNH,2025,1,94.8609201,99.0,60,55
6146,614637210,GSEBCS,2025,1,94.6959625,99.0,60,55
6146,614637210,LOPENS,2025,1,95.0655625,99.0,60,55
6146,614637210,LSCS,2025,1,87.6160033,99.0,60,55
6146,614637210,LSTS,2025,1,58.1150221,99.0,60,55
6146,614637210,LVJS,2025,1,88.7955476,99.0,60,55
6146,614637210,LNT2S,2025,1,93.5645877,99.0,60,55
6146,614637210,LNT3S,2025,1,93.3319332,99.0,60,55
6146,614637210,LOBCS,2025,1,94.7789294,99.0,60,55
6146,614637210,LSEBCS,2025,1,94.772118,99.0,60,55
6146,614637210,PWDOPENS,2025,1,64.4305882,99.0,60,55
6146,614637210,DEFOPENS,2025,1,89.106913,99.0,60,55
6146,614637210,DEFSCS,2025,1,59.950946,99.0,60,55
6146,614637210,DEFOBCS,2025,1,88.5637068,99.0,60,55
6146,614637210,DEFSEBCS,2025,1,88.8293119,99.0,60,55
6146,614637210,TFWS,2025,1,95.7868519,99.0,60,55
6146,614637210,DEFRNT2S,2025,1,89.0027605,99.0,60,55
6146,614637210,EWS,2025,1,70.6970324,99.0,60,55
6146,614637210,GOPENH,2025,1,94.4750524,99.0,60,55
6146,614637210,GSCNH,2025,1,88.542227,99.0,60,55
6146,614637210,GSTNH,2025,1,27.6982865,99.0,60,55
6146,614637210,GVJS,2025,1,89.0615554,99.0,60,55
6146,614637210,GNT2S,2025,1,93.8303342,99.0,60,55
6146,614637210,GNT3S,2025,1,93.5072524,99.0,60,55
6146,614637210,GOBCNH,2025,1,94.2691204,99.0,60,55
6146,614637210,GSEBCS,2025,1,93.8402527,99.0,60,55
6146,614637210,LOPENS,2025,1,93.9788054,99.0,60,55
6146,614637210,LSCS,2025,1,86.8632708,99.0,60,55
6146,614637210,LSTS,2025,1,30.647462,99.0,60,55
6146,614637210,LNT1S,2025,1,91.4802758,99.0,60,55
6146,614637210,LOBCS,2025,1,93.8884805,99.0,60,55
6146,614637210,LSEBCS,2025,1,93.9578436,99.0,60,55
6146,614637210,DEFOPENS,2025,1,87.921673,99.0,60,55
6146,614637210,TFWS,2025,1,94.7100963,99.0,60,55
6146,614637210,DEFROBCS,2025,1,87.73995,99.0,60,55
6146,614637210,EWS,2025,1,88.3756645,99.0,60,55
6146,614650710,GOPENH,2025,1,92.4480361,99.0,60,55
6146,614650710,GSCNH,2025,1,82.4999118,99.0,60,55
6146,614650710,GNT1S,2025,1,89.5272602,99.0,60,55
6146,614650710,GNT2S,2025,1,89.2656035,99.0,60,55
6146,614650710,GOBCNH,2025,1,90.0451538,99.0,60,55
6146,614650710,GSEBCS,2025,1,90.7025504,99.0,60,55
6146,614650710,LOPENS,2025,1,92.8766596,99.0,60,55
6146,614650710,LSCS,2025,1,84.4467601,99.0,60,55
6146,614650710,LVJS,2025,1,79.379989,99.0,60,55
6146,614650710,LNT2S,2025,1,88.8881114,99.0,60,55
6146,614650710,LOBCS,2025,1,90.4666273,99.0,60,55
6146,614650710,LSEBCS,2025,1,90.1775065,99.0,60,55
6146,614650710,DEFOPENS,2025,1,83.7154638,99.0,60,55
6146,614650710,TFWS,2025,1,91.6804693,99.0,60,55
6146,614650710,DEFROBCS,2025,1,64.1240022,99.0,60,55
6146,614650710,EWS,2025,1,83.6630885,99.0,60,55
6146,614661210,GOPENH,2025,1,94.893496,99.0,60,55
6146,614661210,GSCNH,2025,1,86.8832732,99.0,60,55
6146,614661210,GSTNH,2025,1,58.3262891,99.0,60,55
6146,614661210,GVJS,2025,1,86.6676057,99.0,60,55
6146,614661210,GNT1S,2025,1,89.0368294,99.0,60,55
6146,614661210,GNT2S,2025,1,92.2381205,99.0,60,55
6146,614661210,GNT3S,2025,1,92.5132937,99.0,60,55
6146,614661210,GOBCNH,2025,1,93.7616003,99.0,60,55
6146,614661210,GSEBCS,2025,1,92.8258661,99.0,60,55
6146,614661210,LOPENS,2025,1,93.9346395,99.0,60,55
6146,614661210,LSCS,2025,1,84.9063828,99.0,60,55
6146,614661210,LSTS,2025,1,24.5822293,99.0,60,55
6146,614661210,LNT1S,2025,1,89.0368294,99.0,60,55
6146,614661210,LNT2S,2025,1,90.3566145,99.0,60,55
6146,614661210,LNT3S,2025,1,92.5689146,99.0,60,55
6146,614661210,LOBCS,2025,1,93.1462266,99.0,60,55
6146,614661210,LSEBCS,2025,1,92.9703046,99.0,60,55
6146,614661210,PWDOPENS,2025,1,38.215662,99.0,60,55
6146,614661210,DEFOPENS,2025,1,86.5743412,99.0,60,55
6146,614661210,DEFSCS,2025,1,22.4923895,99.0,60,55
6146,614661210,DEFOBCS,2025,1,86.564971,99.0,60,55
6146,614661210,TFWS,2025,1,93.7940539,99.0,60,55
6146,614661210,EWS,2025,1,84.9063828,99.0,60,55
6146,614661210,GOPENH,2025,1,93.9374669,99.0,60,55
6146,614661210,GSCNH,2025,1,87.468285,99.0,60,55
6146,614661210,GVJS,2025,1,91.6272372,99.0,60,55
6146,614661210,GNT1S,2025,1,92.7564924,99.0,60,55
6146,614661210,GNT2S,2025,1,92.2148897,99.0,60,55
6146,614661210,GNT3S,2025,1,92.8590573,99.0,60,55
6146,614661210,GOBCNH,2025,1,93.3747412,99.0,60,55
6146,614661210,GSEBCS,2025,1,92.9404101,99.0,60,55
6146,614661210,LOPENS,2025,1,94.2471177,99.0,60,55
6146,614661210,LSCS,2025,1,85.3954204,99.0,60,55
6146,614661210,LVJS,2025,1,80.7883659,99.0,60,55
6146,614661210,LOBCS,2025,1,93.0716724,99.0,60,55
6146,614661210,LSEBCS,2025,1,93.2009875,99.0,60,55
6146,614661210,DEFOPENS,2025,1,83.1030453,99.0,60,55
6146,614661210,DEFOBCS,2025,1,80.1708014,99.0,60,55
6146,614661210,TFWS,2025,1,93.9707059,99.0,60,55
6146,614661210,EWS,2025,1,87.265016,99.0,60,55
6146,614691110,GOPENH,2025,1,96.0287137,99.0,60,55
6146,614691110,GSCNH,2025,1,91.563328,99.0,60,55
6146,614691110,GSTNH,2025,1,62.6016833,99.0,60,55
6146,614691110,GVJS,2025,1,92.4095563,99.0,60,55
6146,614691110,GNT1S,2025,1,93.7060041,99.0,60,55
6146,614691110,GNT2S,2025,1,95.0252399,99.0,60,55
6146,614691110,GNT3S,2025,1,95.1449191,99.0,60,55
6146,614691110,GOBCNH,2025,1,95.6697928,99.0,60,55
6146,614691110,GSEBCS,2025,1,95.6935818,99.0,60,55
6146,614691110,LOPENS,2025,1,96.0153643,99.0,60,55
6146,614691110,LSCS,2025,1,90.0621118,99.0,60,55
6146,614691110,LSTS,2025,1,62.965955,99.0,60,55
6146,614691110,LVJS,2025,1,92.6284151,99.0,60,55
6146,614691110,LNT1S,2025,1,92.7517958,99.0,60,55
6146,614691110,LNT2S,2025,1,95.060689,99.0,60,55
6146,614691110,LNT3S,2025,1,94.6011366,99.0,60,55
6146,614691110,LOBCS,2025,1,95.6763142,99.0,60,55
6146,614691110,LSEBCS,2025,1,95.4873006,99.0,60,55
6146,614691110,PWDOPENS,2025,1,15.7457927,99.0,60,55
6146,614691110,DEFOPENS,2025,1,90.4796411,99.0,60,55
6146,614691110,DEFSCS,2025,1,75.4489132,99.0,60,55
6146,614691110,DEFOBCS,2025,1,89.5522919,99.0,60,55
6146,614691110,DEFSEBCS,2025,1,90.0508521,99.0,60,55
6146,614691110,TFWS,2025,1,96.4320221,99.0,60,55
6146,614691110,DEFROBCS,2025,1,90.0963693,99.0,60,55
6146,614691110,EWS,2025,1,61.7346759,99.0,60,55
6146,614691210,GOPENH,2025,1,95.4536104,99.0,60,55
6146,614691210,GSCNH,2025,1,90.5728815,99.0,60,55
6146,614691210,GSTNH,2025,1,60.4816409,99.0,60,55
6146,614691210,GVJS,2025,1,92.1789653,99.0,60,55
6146,614691210,GNT1S,2025,1,93.5072524,99.0,60,55
6146,614691210,GNT2S,2025,1,94.8431909,99.0,60,55
6146,614691210,GNT3S,2025,1,94.7805374,99.0,60,55
6146,614691210,GOBCNH,2025,1,95.3082494,99.0,60,55
6146,614691210,GSEBCS,2025,1,95.1283815,99.0,60,55
6146,614691210,LOPENS,2025,1,95.4954605,99.0,60,55
6146,614691210,LSCS,2025,1,89.7957754,99.0,60,55
6146,614691210,LSTS,2025,1,52.1585439,99.0,60,55
6146,614691210,LVJS,2025,1,89.451403,99.0,60,55
6146,614691210,LNT1S,2025,1,90.8447181,99.0,60,55
6146,614691210,LNT2S,2025,1,94.6502373,99.0,60,55
6146,614691210,LNT3S,2025,1,94.3667284,99.0,60,55
6146,614691210,LOBCS,2025,1,95.3347214,99.0,60,55
6146,614691210,LSEBCS,2025,1,95.3185047,99.0,60,55
6146,614691210,PWDOPENS,2025,1,70.0706138,99.0,60,55
6146,614691210,DEFOPENS,2025,1,90.1262916,99.0,60,55
6146,614691210,DEFSCS,2025,1,6.1626304,99.0,60,55
6146,614691210,DEFOBCS,2025,1,88.2909271,99.0,60,55
6146,614691210,DEFSEBCS,2025,1,88.1535836,99.0,60,55
6146,614691210,TFWS,2025,1,95.9447134,99.0,60,55
6146,614691210,DEFROBCS,2025,1,88.7955476,99.0,60,55
6146,614691210,EWS,2025,1,90.266876,99.0,60,55
6146,614692710,GOPENH,2025,1,95.4678311,99.0,60,55
6146,614692710,GSCNH,2025,1,90.1398917,99.0,60,55
6146,614692710,GSTNH,2025,1,56.5182885,99.0,60,55
6146,614692710,GVJS,2025,1,92.2148897,99.0,60,55
6146,614692710,GNT1S,2025,1,93.887286,99.0,60,55
6146,614692710,GNT2S,2025,1,94.7952218,99.0,60,55
6146,614692710,GNT3S,2025,1,95.3686007,99.0,60,55
6146,614692710,GOBCNH,2025,1,95.3026007,99.0,60,55
6146,614692710,GSEBCS,2025,1,95.1933808,99.0,60,55
6146,614692710,LOPENS,2025,1,95.7033017,99.0,60,55
6146,614692710,LSCS,2025,1,89.621821,99.0,60,55
6146,614692710,LSTS,2025,1,63.5901214,99.0,60,55
6146,614692710,LVJS,2025,1,89.4554822,99.0,60,55
6146,614692710,LNT1S,2025,1,90.5209194,99.0,60,55
6146,614692710,LNT2S,2025,1,94.3811959,99.0,60,55
6146,614692710,LNT3S,2025,1,95.3026007,99.0,60,55
6146,614692710,LOBCS,2025,1,95.4954605,99.0,60,55
6146,614692710,LSEBCS,2025,1,95.4536104,99.0,60,55
6146,614692710,PWDOPENS,2025,1,34.3896838,99.0,60,55
6146,614692710,DEFOPENS,2025,1,90.0451538,99.0,60,55
6146,614692710,DEFSCS,2025,1,87.3221306,99.0,60,55
6146,614692710,DEFOBCS,2025,1,90.0843448,99.0,60,55
6146,614692710,DEFSEBCS,2025,1,88.7627999,99.0,60,55
6146,614692710,TFWS,2025,1,96.1362324,99.0,60,55
6146,614692710,DEFROBCS,2025,1,89.1852024,99.0,60,55
6146,614692710,EWS,2025,1,90.0963693,99.0,60,55
6146,614692710,GOPENH,2025,1,95.3169861,99.0,60,55
6146,614692710,GSCNH,2025,1,90.3279027,99.0,60,55
6146,614692710,GSTNH,2025,1,77.2289819,99.0,60,55
6146,614692710,GNT1S,2025,1,92.7372014,99.0,60,55
6146,614692710,GNT3S,2025,1,94.7041159,99.0,60,55
6146,614692710,GOBCNH,2025,1,95.1990767,99.0,60,55
6146,614692710,GSEBCS,2025,1,94.9780988,99.0,60,55
6146,614692710,LOPENS,2025,1,95.5320057,99.0,60,55
6146,614692710,LSCS,2025,1,90.4796411,99.0,60,55
6146,614692710,LSTS,2025,1,83.8560469,99.0,60,55
6146,614692710,LVJS,2025,1,89.6568852,99.0,60,55
6146,614692710,LNT2S,2025,1,93.8303342,99.0,60,55
6146,614692710,LOBCS,2025,1,95.1330171,99.0,60,55
6146,614692710,LSEBCS,2025,1,95.0068259,99.0,60,55
6146,614692710,DEFOPENS,2025,1,91.7989964,99.0,60,55
6146,614692710,TFWS,2025,1,95.9009755,99.0,60,55
6146,614692710,DEFROBCS,2025,1,88.1060139,99.0,60,55
6146,614692710,EWS,2025,1,89.6934787,99.0,60,55
6155,615519110,GOPENH,2025,1,84.4651484,99.0,60,55
6155,615519110,LOPENS,2025,1,82.3454058,99.0,60,55
6155,615519110,TFWS,2025,1,86.713982,99.0,60,55
6155,615524510,GOPENH,2025,1,92.8241551,99.0,60,55
6155,615524510,LOPENS,2025,1,92.8705176,99.0,60,55
6155,615524510,TFWS,2025,1,72.0579403,99.0,60,55
6155,615524610,GOPENH,2025,1,91.2329425,99.0,60,55
6155,615524610,LOPENS,2025,1,91.512485,99.0,60,55
6155,615524610,TFWS,2025,1,17.7299217,99.0,60,55
6155,615526010,GOPENH,2025,1,91.0982881,99.0,60,55
6155,615526010,LOPENS,2025,1,91.6272372,99.0,60,55
6155,615526010,TFWS,2025,1,19.7294902,99.0,60,55
6155,615529310,GOPENH,2025,1,86.5951005,99.0,60,55
6155,615529310,LOPENS,2025,1,86.3943435,99.0,60,55
6155,615529310,TFWS,2025,1,27.8805461,99.0,60,55
6155,615537210,GOPENH,2025,1,89.6934787,99.0,60,55
6155,615537210,LOPENS,2025,1,90.0621118,99.0,60,55
6155,615537210,TFWS,2025,1,27.147084,99.0,60,55
6155,615561210,GOPENH,2025,1,85.9106165,99.0,60,55
6155,615561210,LOPENS,2025,1,84.2401501,99.0,60,55
6155,615561210,TFWS,2025,1,2.0794666,99.0,60,55
6155,615591110,GOPENH,2025,1,90.9727817,99.0,60,55
6155,615591110,LOPENS,2025,1,90.9727817,99.0,60,55
6155,615591110,TFWS,2025,1,20.3272741,99.0,60,55
6155,615591210,GOPENH,2025,1,90.866765,99.0,60,55
6155,615591210,LOPENS,2025,1,91.2065006,99.0,60,55
6155,615591210,TFWS,2025,1,26.166493,99.0,60,55
6155,615591310,GOPENH,2025,1,90.4796411,99.0,60,55
6155,615591310,LOPENS,2025,1,90.5244362,99.0,60,55
6155,615591310,TFWS,2025,1,31.4943887,99.0,60,55
6156,615624510,GOPENH,2025,1,95.8890489,99.0,60,55
6156,615624510,GSCNH,2025,1,90.0963693,99.0,60,55
6156,615624510,GSTNH,2025,1,52.4918222,99.0,60,55
6156,615624510,GVJS,2025,1,91.2331407,99.0,60,55
6156,615624510,GNT1S,2025,1,94.0675053,99.0,60,55
6156,615624510,GNT2S,2025,1,94.3412969,99.0,60,55
6156,615624510,GNT3S,2025,1,94.7105213,99.0,60,55
6156,615624510,GOBCNH,2025,1,95.7030198,99.0,60,55
6156,615624510,GSEBCS,2025,1,95.4990284,99.0,60,55
6156,615624510,LOPENS,2025,1,96.2975699,99.0,60,55
6156,615624510,LSCS,2025,1,88.7955476,99.0,60,55
6156,615624510,LSTS,2025,1,43.2064159,99.0,60,55
6156,615624510,LVJS,2025,1,90.0451538,99.0,60,55
6156,615624510,LNT1S,2025,1,92.9781315,99.0,60,55
6156,615624510,LNT2S,2025,1,94.893496,99.0,60,55
6156,615624510,LNT3S,2025,1,96.0219043,99.0,60,55
6156,615624510,LOBCS,2025,1,95.9365257,99.0,60,55
6156,615624510,LSEBCS,2025,1,95.7030198,99.0,60,55
6156,615624510,DEFOPENS,2025,1,91.3435037,99.0,60,55
6156,615624510,DEFSCS,2025,1,37.1379111,99.0,60,55
6156,615624510,DEFOBCS,2025,1,88.118041,99.0,60,55
6156,615624510,DEFSEBCS,2025,1,87.4609239,99.0,60,55
6156,615624510,TFWS,2025,1,95.9009755,99.0,60,55
6156,615624510,DEFRNT3S,2025,1,88.0941637,99.0,60,55
6156,615624510,EWS,2025,1,91.8268053,99.0,60,55
6156,615624610,GOPENH,2025,1,95.1406289,99.0,60,55
6156,615624610,GSCNH,2025,1,88.8600683,99.0,60,55
6156,615624610,GSTNH,2025,1,45.035095,99.0,60,55
6156,615624610,GVJS,2025,1,90.7879085,99.0,60,55
6156,615624610,GNT1S,2025,1,93.3319332,99.0,60,55
6156,615624610,GNT2S,2025,1,94.2038061,99.0,60,55
6156,615624610,GNT3S,2025,1,94.3811959,99.0,60,55
6156,615624610,GOBCNH,2025,1,94.9430074,99.0,60,55
6156,615624610,GSEBCS,2025,1,95.073949,99.0,60,55
6156,615624610,LOPENS,2025,1,95.2142832,99.0,60,55
6156,615624610,LSCS,2025,1,88.1535836,99.0,60,55
6156,615624610,LSTS,2025,1,40.4162412,99.0,60,55
6156,615624610,LVJS,2025,1,90.1398917,99.0,60,55
6156,615624610,LNT1S,2025,1,91.7858261,99.0,60,55
6156,615624610,LNT2S,2025,1,93.7060041,99.0,60,55
6156,615624610,LOBCS,2025,1,95.0068259,99.0,60,55
6156,615624610,LSEBCS,2025,1,95.1113117,99.0,60,55
6156,615624610,PWDOPENS,2025,1,49.0487536,99.0,60,55
6156,615624610,DEFOPENS,2025,1,88.070986,99.0,60,55
6156,615624610,DEFSCS,2025,1,63.4876968,99.0,60,55
6156,615624610,DEFOBCS,2025,1,87.9735649,99.0,60,55
6156,615624610,DEFSEBCS,2025,1,86.8334686,99.0,60,55
6156,615624610,TFWS,2025,1,95.2431067,99.0,60,55
6156,615624610,DEFROBCS,2025,1,87.8970321,99.0,60,55
6156,615624610,EWS,2025,1,90.1398917,99.0,60,55
6156,615629310,GOPENH,2025,1,92.2609198,99.0,60,55
6156,615629310,GSCNH,2025,1,83.1821207,99.0,60,55
6156,615629310,GSTNH,2025,1,14.6900893,99.0,60,55
6156,615629310,GVJS,2025,1,83.7986478,99.0,60,55
6156,615629310,GNT2S,2025,1,91.9792268,99.0,60,55
6156,615629310,GOBCNH,2025,1,91.8567404,99.0,60,55
6156,615629310,GSEBCS,2025,1,91.9625508,99.0,60,55
6156,615629310,LOPENS,2025,1,92.5267651,99.0,60,55
6156,615629310,LSCS,2025,1,81.4271094,99.0,60,55
6156,615629310,LVJS,2025,1,84.4790806,99.0,60,55
6156,615629310,LNT1S,2025,1,87.0084871,99.0,60,55
6156,615629310,LNT3S,2025,1,84.4651484,99.0,60,55
6156,615629310,LOBCS,2025,1,91.4700615,99.0,60,55
6156,615629310,LSEBCS,2025,1,92.1628997,99.0,60,55
6156,615629310,DEFOPENS,2025,1,74.1334872,99.0,60,55
6156,615629310,TFWS,2025,1,92.8362212,99.0,60,55
6156,615629310,DEFROBCS,2025,1,71.7544603,99.0,60,55
6156,615629310,EWS,2025,1,80.5595655,99.0,60,55
6156,615637210,GOPENH,2025,1,94.5016522,99.0,60,55
6156,615637210,GSCNH,2025,1,86.3032893,99.0,60,55
6156,615637210,GSTNH,2025,1,23.5136803,99.0,60,55
6156,615637210,GVJS,2025,1,90.5491967,99.0,60,55
6156,615637210,GNT1S,2025,1,91.0668866,99.0,60,55
6156,615637210,GNT2S,2025,1,93.4202865,99.0,60,55
6156,615637210,GNT3S,2025,1,93.620848,99.0,60,55
6156,615637210,GOBCNH,2025,1,94.1906967,99.0,60,55
6156,615637210,GSEBCS,2025,1,94.2967096,99.0,60,55
6156,615637210,LOPENS,2025,1,94.5936573,99.0,60,55
6156,615637210,LSCS,2025,1,86.2729883,99.0,60,55
6156,615637210,LVJS,2025,1,88.525902,99.0,60,55
6156,615637210,LNT1S,2025,1,88.8881114,99.0,60,55
6156,615637210,LNT2S,2025,1,92.2148897,99.0,60,55
6156,615637210,LNT3S,2025,1,93.0651077,99.0,60,55
6156,615637210,LOBCS,2025,1,94.2691204,99.0,60,55
6156,615637210,LSEBCS,2025,1,94.3667284,99.0,60,55
6156,615637210,DEFOPENS,2025,1,86.564971,99.0,60,55
6156,615637210,DEFOBCS,2025,1,85.9212092,99.0,60,55
6156,615637210,DEFSEBCS,2025,1,82.9247643,99.0,60,55
6156,615637210,TFWS,2025,1,94.7585145,99.0,60,55
6156,615637210,DEFROBCS,2025,1,86.0742045,99.0,60,55
6156,615637210,EWS,2025,1,88.5515009,99.0,60,55
6156,615661210,GOPENH,2025,1,92.3369677,99.0,60,55
6156,615661210,GSCNH,2025,1,81.6127789,99.0,60,55
6156,615661210,GSTNH,2025,1,44.6246246,99.0,60,55
6156,615661210,GVJS,2025,1,82.7777778,99.0,60,55
6156,615661210,GNT1S,2025,1,87.2636301,99.0,60,55
6156,615661210,GNT2S,2025,1,91.2065006,99.0,60,55
6156,615661210,GNT3S,2025,1,90.4796411,99.0,60,55
6156,615661210,GOBCNH,2025,1,91.512485,99.0,60,55
6156,615661210,GSEBCS,2025,1,91.794056,99.0,60,55
6156,615661210,LOPENS,2025,1,91.8567404,99.0,60,55
6156,615661210,LSCS,2025,1,77.9049638,99.0,60,55
6156,615661210,LVJS,2025,1,82.3548238,99.0,60,55
6156,615661210,LNT2S,2025,1,83.769652,99.0,60,55
6156,615661210,LOBCS,2025,1,89.9024053,99.0,60,55
6156,615661210,LSEBCS,2025,1,90.4512103,99.0,60,55
6156,615661210,DEFOPENS,2025,1,84.0343736,99.0,60,55
6156,615661210,DEFOBCS,2025,1,80.5793663,99.0,60,55
6156,615661210,DEFSEBCS,2025,1,70.9390112,99.0,60,55
6156,615661210,TFWS,2025,1,92.5914149,99.0,60,55
6156,615661210,DEFRSEBCS,2025,1,83.0532651,99.0,60,55
6156,615661210,EWS,2025,1,80.2462012,99.0,60,55
6156,615699510,GOPENH,2025,1,95.1330171,99.0,60,55
6156,615699510,GSCNH,2025,1,89.0368294,99.0,60,55
6156,615699510,GSTNH,2025,1,45.8934793,99.0,60,55
6156,615699510,GVJS,2025,1,91.0668866,99.0,60,55
6156,615699510,GNT1S,2025,1,93.4464908,99.0,60,55
6156,615699510,GNT2S,2025,1,93.9374669,99.0,60,55
6156,615699510,GNT3S,2025,1,94.2160225,99.0,60,55
6156,615699510,GOBCNH,2025,1,94.893496,99.0,60,55
6156,615699510,GSEBCS,2025,1,94.9430074,99.0,60,55
6156,615699510,LOPENS,2025,1,94.9624784,99.0,60,55
6156,615699510,LSCS,2025,1,87.6167151,99.0,60,55
6156,615699510,LSTS,2025,1,27.8805461,99.0,60,55
6156,615699510,LVJS,2025,1,88.5637068,99.0,60,55
6156,615699510,LNT1S,2025,1,91.4802758,99.0,60,55
6156,615699510,LNT2S,2025,1,93.9486424,99.0,60,55
6156,615699510,LNT3S,2025,1,94.0733176,99.0,60,55
6156,615699510,LOBCS,2025,1,94.7254335,99.0,60,55
6156,615699510,LSEBCS,2025,1,94.8648367,99.0,60,55
6156,615699510,DEFOPENS,2025,1,87.0343086,99.0,60,55
6156,615699510,DEFSCS,2025,1,59.2443064,99.0,60,55
6156,615699510,DEFOBCS,2025,1,87.7305257,99.0,60,55
6156,615699510,DEFSEBCS,2025,1,86.7003307,99.0,60,55
6156,615699510,TFWS,2025,1,95.3858303,99.0,60,55
6156,615699510,DEFRSEBCS,2025,1,86.7003307,99.0,60,55
6156,615699510,EWS,2025,1,89.9205793,99.0,60,55
6175,617519110,GOPENH,2025,1,96.6545506,99.0,60,55
6175,617519110,GSCNH,2025,1,91.8375201,99.0,60,55
6175,617519110,GSTNH,2025,1,77.9049638,99.0,60,55
6175,617519110,GVJS,2025,1,94.4809929,99.0,60,55
6175,617519110,GNT2S,2025,1,96.2707087,99.0,60,55
6175,617519110,GOBCNH,2025,1,95.8307555,99.0,60,55
6175,617519110,GSEBCS,2025,1,96.6285136,99.0,60,55
6175,617519110,LOPENS,2025,1,96.6907341,99.0,60,55
6175,617519110,LSCS,2025,1,89.2174843,99.0,60,55
6175,617519110,LSTS,2025,1,77.8612083,99.0,60,55
6175,617519110,LNT1S,2025,1,91.1718238,99.0,60,55
6175,617519110,LOBCS,2025,1,96.1068782,99.0,60,55
6175,617519110,LSEBCS,2025,1,96.4033308,99.0,60,55
6175,617519110,PWDOPENS,2025,1,77.2289819,99.0,60,55
6175,617519110,DEFOPENS,2025,1,91.7505571,99.0,60,55
6175,617519110,TFWS,2025,1,98.2441265,99.0,60,55
6175,617519110,PWDRSEBCS,2025,1,60.1814551,99.0,60,55
6175,617519110,DEFRSEBCS,2025,1,91.2158031,99.0,60,55
6175,617519110,EWS,2025,1,93.4940681,99.0,60,55
6175,617519110,GOPENH,2025,1,96.1068782,99.0,60,55
6175,617519110,GSCNH,2025,1,91.6505265,99.0,60,55
6175,617519110,GSTNH,2025,1,71.0421393,99.0,60,55
6175,617519110,GVJS,2025,1,90.4512103,99.0,60,55
6175,617519110,GNT2S,2025,1,94.3906546,99.0,60,55
6175,617519110,GNT3S,2025,1,92.8822002,99.0,60,55
6175,617519110,GOBCNH,2025,1,95.0068259,99.0,60,55
6175,617519110,LOPENS,2025,1,96.3494357,99.0,60,55
6175,617519110,LSCS,2025,1,89.1014047,99.0,60,55
6175,617519110,LOBCS,2025,1,95.6987601,99.0,60,55
6175,617519110,LSEBCS,2025,1,95.5511974,99.0,60,55
6175,617519110,TFWS,2025,1,96.0166614,99.0,60,55
6175,617519110,DEFROBCS,2025,1,83.7030299,99.0,60,55
6175,617519110,EWS,2025,1,91.5364131,99.0,60,55
6175,617524510,GOPENH,2025,1,99.0471821,99.0,60,55
6175,617524510,GSCNH,2025,1,95.8890489,99.0,60,55
6175,617524510,GSTNH,2025,1,85.2987504,99.0,60,55
6175,617524510,GVJS,2025,1,96.8077287,99.0,60,55
6175,617524510,GNT1S,2025,1,98.0971721,99.0,60,55
6175,617524510,GNT2S,2025,1,98.5669073,99.0,60,55
6175,617524510,GNT3S,2025,1,98.7035739,99.0,60,55
6175,617524510,GOBCNH,2025,1,98.9210775,99.0,60,55
6175,617524510,GSEBCS,2025,1,98.7476321,99.0,60,55
6175,617524510,LOPENS,2025,1,98.7223398,99.0,60,55
6175,617524510,LSCS,2025,1,95.3169861,99.0,60,55
6175,617524510,LSTS,2025,1,82.9428736,99.0,60,55
6175,617524510,LVJS,2025,1,96.4033308,99.0,60,55
6175,617524510,LNT1S,2025,1,97.6794304,99.0,60,55
6175,617524510,LNT2S,2025,1,97.1344765,99.0,60,55
6175,617524510,LNT3S,2025,1,97.2886818,99.0,60,55
6175,617524510,LOBCS,2025,1,98.5196099,99.0,60,55
6175,617524510,LSEBCS,2025,1,98.5350565,99.0,60,55
6175,617524510,PWDOPENS,2025,1,84.3183057,99.0,60,55
6175,617524510,PWDSCS,2025,1,46.2039046,99.0,60,55
6175,617524510,PWDOBCS,2025,1,76.1726079,99.0,60,55
6175,617524510,PWDSEBCS,2025,1,66.0913492,99.0,60,55
6175,617524510,DEFOPENS,2025,1,97.2937644,99.0,60,55
6175,617524510,DEFSCS,2025,1,89.2457163,99.0,60,55
6175,617524510,DEFOBCS,2025,1,95.5511974,99.0,60,55
6175,617524510,DEFSEBCS,2025,1,97.1601104,99.0,60,55
6175,617524510,TFWS,2025,1,99.1536834,99.0,60,55
6175,617524510,PWDROBCS,2025,1,80.5383458,99.0,60,55
6175,617524510,DEFRNT3S,2025,1,96.7673658,99.0,60,55
6175,617524510,GOPENH,2025,1,98.5473765,99.0,60,55
6175,617524510,GSCNH,2025,1,95.4702014,99.0,60,55
6175,617524510,GSTNH,2025,1,89.2347783,99.0,60,55
6175,617524510,GVJS,2025,1,96.0805719,99.0,60,55
6175,617524510,GNT1S,2025,1,97.5899394,99.0,60,55
6175,617524510,GNT2S,2025,1,98.5075769,99.0,60,55
6175,617524510,GOBCNH,2025,1,98.4446702,99.0,60,55
6175,617524510,GSEBCS,2025,1,98.3622982,99.0,60,55
6175,617524510,LOPENS,2025,1,98.5153584,99.0,60,55
6175,617524510,LSCS,2025,1,94.3667284,99.0,60,55
6175,617524510,LSTS,2025,1,82.4850758,99.0,60,55
6175,617524510,LNT3S,2025,1,97.1023891,99.0,60,55
6175,617524510,LOBCS,2025,1,98.2505176,99.0,60,55
6175,617524510,LSEBCS,2025,1,98.435333,99.0,60,55
6175,617524510,PWDOPENS,2025,1,84.3808448,99.0,60,55
6175,617524510,DEFOPENS,2025,1,94.9817832,99.0,60,55
6175,617524510,TFWS,2025,1,98.8698563,99.0,60,55
6175,617524510,BCS,2025,1,76.099588,99.0,60,55
6175,617524510,DEFRSEBCS,2025,1,94.7789294,99.0,60,55
6175,617524510,EWS,2025,1,97.4460796,99.0,60,55
6175,617524510,EWS,2025,1,77.8612083,99.0,60,55
6175,617524610,GOPENH,2025,1,98.7109722,99.0,60,55
6175,617524610,GSCNH,2025,1,95.6149583,99.0,60,55
6175,617524610,GSTNH,2025,1,84.3786315,99.0,60,55
6175,617524610,GVJS,2025,1,96.2707087,99.0,60,55
6175,617524610,GNT1S,2025,1,97.6984554,99.0,60,55
6175,617524610,GNT2S,2025,1,98.2788178,99.0,60,55
6175,617524610,GNT3S,2025,1,98.5404249,99.0,60,55
6175,617524610,GOBCNH,2025,1,98.5909613,99.0,60,55
6175,617524610,GSEBCS,2025,1,98.5058661,99.0,60,55
6175,617524610,LOPENS,2025,1,98.4154992,99.0,60,55
6175,617524610,LSCS,2025,1,94.7041159,99.0,60,55
6175,617524610,LSTS,2025,1,88.8293119,99.0,60,55
6175,617524610,LVJS,2025,1,95.662116,99.0,60,55
6175,617524610,LNT1S,2025,1,96.5496042,99.0,60,55
6175,617524610,LNT2S,2025,1,97.6794304,99.0,60,55
6175,617524610,LOBCS,2025,1,98.3131595,99.0,60,55
6175,617524610,LSEBCS,2025,1,97.9193354,99.0,60,55
6175,617524610,PWDOPENS,2025,1,77.1955616,99.0,60,55
6175,617524610,PWDOBCS,2025,1,70.3402566,99.0,60,55
6175,617524610,DEFOPENS,2025,1,96.3722342,99.0,60,55
6175,617524610,DEFSCS,2025,1,86.2020083,99.0,60,55
6175,617524610,DEFOBCS,2025,1,95.3026007,99.0,60,55
6175,617524610,TFWS,2025,1,98.9208633,99.0,60,55
6175,617524610,EWS,2025,1,97.4328274,99.0,60,55
6175,617537210,GOPENH,2025,1,98.3131595,99.0,60,55
6175,617537210,GSCNH,2025,1,94.1913399,99.0,60,55
6175,617537210,GSTNH,2025,1,74.75684,99.0,60,55
6175,617537210,GVJS,2025,1,94.9303758,99.0,60,55
6175,617537210,GNT1S,2025,1,96.9378727,99.0,60,55
6175,617537210,GNT2S,2025,1,97.3276451,99.0,60,55
6175,617537210,GNT3S,2025,1,97.4288016,99.0,60,55
6175,617537210,GOBCNH,2025,1,98.1672355,99.0,60,55
6175,617537210,GSEBCS,2025,1,97.9733277,99.0,60,55
6175,617537210,LOPENS,2025,1,98.1734808,99.0,60,55
6175,617537210,LSCS,2025,1,93.3319332,99.0,60,55
6175,617537210,LSTS,2025,1,70.4097117,99.0,60,55
6175,617537210,LVJS,2025,1,94.6694641,99.0,60,55
6175,617537210,LNT1S,2025,1,93.9374669,99.0,60,55
6175,617537210,LNT2S,2025,1,97.0532519,99.0,60,55
6175,617537210,LOBCS,2025,1,97.7345783,99.0,60,55
6175,617537210,LSEBCS,2025,1,97.6829141,99.0,60,55
6175,617537210,PWDOPENS,2025,1,76.131941,99.0,60,55
6175,617537210,PWDOBCS,2025,1,56.5182885,99.0,60,55
6175,617537210,DEFOPENS,2025,1,95.7804433,99.0,60,55
6175,617537210,DEFSCS,2025,1,77.937978,99.0,60,55
6175,617537210,DEFOBCS,2025,1,94.1187732,99.0,60,55
6175,617537210,DEFSEBCS,2025,1,94.5705862,99.0,60,55
6175,617537210,TFWS,2025,1,98.3966019,99.0,60,55
6175,617537210,PWDRNT1S,2025,1,71.1330463,99.0,60,55
6175,617537210,DEFROBCS,2025,1,95.4901686,99.0,60,55
6175,617537210,EWS,2025,1,96.7149758,99.0,60,55
6175,617537810,GOPENH,2025,1,97.9611464,99.0,60,55
6175,617537810,GSCNH,2025,1,94.0668068,99.0,60,55
6175,617537810,GSTNH,2025,1,73.0237189,99.0,60,55
6175,617537810,GVJS,2025,1,93.1261047,99.0,60,55
6175,617537810,GNT1S,2025,1,95.5358718,99.0,60,55
6175,617537810,GOBCNH,2025,1,97.7474428,99.0,60,55
6175,617537810,GSEBCS,2025,1,97.5890264,99.0,60,55
6175,617537810,LOPENS,2025,1,97.7919096,99.0,60,55
6175,617537810,LSCS,2025,1,90.9108002,99.0,60,55
6175,617537810,LSTS,2025,1,95.9433601,99.0,60,55
6175,617537810,LNT2S,2025,1,93.7276356,99.0,60,55
6175,617537810,LNT3S,2025,1,97.5427973,99.0,60,55
6175,617537810,LOBCS,2025,1,96.9615697,99.0,60,55
6175,617537810,LSEBCS,2025,1,34.0437095,99.0,60,55
6175,617537810,PWDOPENS,2025,1,96.1741748,99.0,60,55
6175,617537810,DEFOPENS,2025,1,97.8098824,99.0,60,55
6175,617537810,TFWS,2025,1,93.8303342,99.0,60,55
6175,617537810,DEFRSEBCS,2025,1,96.0041408,99.0,60,55
6175,617537810,EWS,2025,1,70.9390112,99.0,60,55
6175,617561210,GOPENH,2025,1,97.7130906,99.0,60,55
6175,617561210,GSCNH,2025,1,92.1789653,99.0,60,55
6175,617561210,GSTNH,2025,1,78.9956692,99.0,60,55
6175,617561210,GVJS,2025,1,92.8705176,99.0,60,55
6175,617561210,GNT1S,2025,1,95.4430646,99.0,60,55
6175,617561210,GNT2S,2025,1,96.1393231,99.0,60,55
6175,617561210,GNT3S,2025,1,95.4901686,99.0,60,55
6175,617561210,GOBCNH,2025,1,97.148562,99.0,60,55
6175,617561210,GSEBCS,2025,1,97.107136,99.0,60,55
6175,617561210,LOPENS,2025,1,97.0287935,99.0,60,55
6175,617561210,LSCS,2025,1,88.986683,99.0,60,55
6175,617561210,LSTS,2025,1,49.0487536,99.0,60,55
6175,617561210,LVJS,2025,1,87.1247638,99.0,60,55
6175,617561210,LNT1S,2025,1,93.0429397,99.0,60,55
6175,617561210,LNT2S,2025,1,93.158138,99.0,60,55
6175,617561210,LNT3S,2025,1,92.9781315,99.0,60,55
6175,617561210,LOBCS,2025,1,96.2537463,99.0,60,55
6175,617561210,LSEBCS,2025,1,96.2623043,99.0,60,55
6175,617561210,PWDOPENS,2025,1,33.1537425,99.0,60,55
6175,617561210,DEFOPENS,2025,1,91.6272372,99.0,60,55
6175,617561210,DEFSCS,2025,1,85.7757627,99.0,60,55
6175,617561210,DEFOBCS,2025,1,94.0949981,99.0,60,55
6175,617561210,DEFSEBCS,2025,1,91.3435037,99.0,60,55
6175,617561210,TFWS,2025,1,97.9641818,99.0,60,55
6175,617561210,DEFRNT3S,2025,1,91.1718238,99.0,60,55
6175,617561210,EWS,2025,1,94.2967096,99.0,60,55
6175,617591110,GOPENH,2025,1,98.644561,99.0,60,55
6175,617591110,GSCNH,2025,1,95.862761,99.0,60,55
6175,617591110,GSTNH,2025,1,84.207639,99.0,60,55
6175,617591110,GVJS,2025,1,96.6956121,99.0,60,55
6175,617591110,GNT1S,2025,1,97.6103268,99.0,60,55
6175,617591110,GNT2S,2025,1,98.2533366,99.0,60,55
6175,617591110,GNT3S,2025,1,98.4569438,99.0,60,55
6175,617591110,GOBCNH,2025,1,98.5077241,99.0,60,55
6175,617591110,GSEBCS,2025,1,98.4325799,99.0,60,55
6175,617591110,LOPENS,2025,1,98.4310487,99.0,60,55
6175,617591110,LSCS,2025,1,94.9817832,99.0,60,55
6175,617591110,LSTS,2025,1,82.7018873,99.0,60,55
6175,617591110,LVJS,2025,1,96.3170599,99.0,60,55
6175,617591110,LNT2S,2025,1,96.787533,99.0,60,55
6175,617591110,LOBCS,2025,1,98.3477163,99.0,60,55
6175,617591110,LSEBCS,2025,1,97.8881988,99.0,60,55
6175,617591110,PWDOPENS,2025,1,89.1809567,99.0,60,55
6175,617591110,PWDSCS,2025,1,45.6611497,99.0,60,55
6175,617591110,PWDOBCS,2025,1,77.9589871,99.0,60,55
6175,617591110,DEFOPENS,2025,1,76.6875679,99.0,60,55
6175,617591110,DEFSCS,2025,1,86.2020083,99.0,60,55
6175,617591110,DEFOBCS,2025,1,95.1979522,99.0,60,55
6175,617591110,TFWS,2025,1,98.8650296,99.0,60,55
6175,617591110,EWS,2025,1,97.4371782,99.0,60,55
6177,617708210,DEFOPENS,2025,1,97.7676726,99.0,60,55
6177,617708210,DEFOBCS,2025,1,95.4021087,99.0,60,55
6177,617708210,TFWS,2025,1,99.112426,99.0,60,55
6177,617708210,DEFRSCS,2025,1,93.1737137,99.0,60,55
6177,617708210,EWS,2025,1,96.332846,99.0,60,55
6177,617719110,DEFOPENS,2025,1,51.7178644,99.0,60,55
6177,617719110,DEFOBCS,2025,1,24.5822293,99.0,60,55
6177,617719110,DEFSEBCS,2025,1,75.2153333,99.0,60,55
6177,617719110,TFWS,2025,1,87.0343086,99.0,60,55
6177,617719110,DEFRNT2S,2025,1,33.4150899,99.0,60,55
6177,617719110,EWS,2025,1,35.5866115,99.0,60,55
6177,617724510,DEFOPENS,2025,1,89.2656035,99.0,60,55
6177,617724510,DEFSCS,2025,1,64.1240022,99.0,60,55
6177,617724510,DEFOBCS,2025,1,86.8427506,99.0,60,55
6177,617724510,DEFSEBCS,2025,1,88.8293119,99.0,60,55
6177,617724510,TFWS,2025,1,95.1979522,99.0,60,55
6177,617724510,DEFROBCS,2025,1,89.0027605,99.0,60,55
6177,617724510,EWS,2025,1,88.7955476,99.0,60,55
6177,617724610,DEFOPENS,2025,1,85.129786,99.0,60,55
6177,617724610,DEFSCS,2025,1,82.7777778,99.0,60,55
6177,617724610,DEFOBCS,2025,1,84.3808448,99.0,60,55
6177,617724610,TFWS,2025,1,94.6959625,99.0,60,55
6177,617724610,EWS,2025,1,88.1060139,99.0,60,55
6177,617737210,DEFOPENS,2025,1,81.5934486,99.0,60,55
6177,617737210,DEFOBCS,2025,1,74.8112584,99.0,60,55
6177,617737210,DEFSEBCS,2025,1,73.0237189,99.0,60,55
6177,617737210,TFWS,2025,1,92.4480361,99.0,60,55
6177,617737210,DEFROBCS,2025,1,77.9589871,99.0,60,55
6177,617737210,DEFRSEBCS,2025,1,76.099588,99.0,60,55
6177,617737210,EWS,2025,1,82.1268327,99.0,60,55
6177,617750710,DEFOPENS,2025,1,47.7838912,99.0,60,55
6177,617750710,DEFOBCS,2025,1,81.3283933,99.0,60,55
6177,617750710,TFWS,2025,1,88.4177906,99.0,60,55
6177,617750710,EWS,2025,1,49.1668381,99.0,60,55
6177,617761210,DEFOPENS,2025,1,64.2198294,99.0,60,55
6177,617761210,DEFOBCS,2025,1,60.070698,99.0,60,55
6177,617761210,DEFSEBCS,2025,1,60.9758938,99.0,60,55
6177,617761210,TFWS,2025,1,87.6167151,99.0,60,55
6177,617761210,DEFRNT2S,2025,1,49.8699585,99.0,60,55
6177,617761210,DEFROBCS,2025,1,61.114444,99.0,60,55
6177,617761210,DEFRSEBCS,2025,1,34.3896838,99.0,60,55
6177,617761210,EWS,2025,1,45.457039,99.0,60,55
6178,617824510,DEFOPENS,2025,1,83.7045586,99.0,60,55
6178,617824510,DEFOBCS,2025,1,82.1268327,99.0,60,55
6178,617824510,DEFSEBCS,2025,1,78.685137,99.0,60,55
6178,617824510,TFWS,2025,1,92.8705176,99.0,60,55
6178,617824510,DEFRVJS,2025,1,81.8599034,99.0,60,55
6178,617824510,DEFROBCS,2025,1,82.9708753,99.0,60,55
6178,617824510,EWS,2025,1,85.0803043,99.0,60,55
6178,617824610,DEFOPENS,2025,1,81.9221888,99.0,60,55
6178,617824610,DEFOBCS,2025,1,78.8983322,99.0,60,55
6178,617824610,TFWS,2025,1,92.2148897,99.0,60,55
6178,617824610,EWS,2025,1,83.1707575,99.0,60,55
6178,617837210,DEFOPENS,2025,1,65.8087807,99.0,60,55
6178,617837210,DEFOBCS,2025,1,63.552865,99.0,60,55
6178,617837210,DEFSEBCS,2025,1,62.8284912,99.0,60,55
6178,617837210,TFWS,2025,1,88.4226013,99.0,60,55
6178,617837210,DEFRNT2S,2025,1,18.2784396,99.0,60,55
6178,617837210,DEFROBCS,2025,1,60.268127,99.0,60,55
6178,617837210,DEFRSEBCS,2025,1,63.5035466,99.0,60,55
6178,617837210,EWS,2025,1,72.3814647,99.0,60,55
6178,617861210,DEFOPENS,2025,1,30.8808364,99.0,60,55
6178,617861210,DEFOBCS,2025,1,58.1924692,99.0,60,55
6178,617861210,TFWS,2025,1,77.741426,99.0,60,55
6178,617861210,EWS,2025,1,11.3079387,99.0,60,55
6179,617924510,GOPENH,2025,1,92.5914149,99.0,60,55
6179,617924510,GSCNH,2025,1,84.4547028,99.0,60,55
6179,617924510,GSTNH,2025,1,6.8673857,99.0,60,55
6179,617924510,GVJS,2025,1,88.8464637,99.0,60,55
6179,617924510,GNT1S,2025,1,90.4512103,99.0,60,55
6179,617924510,GNT2S,2025,1,91.2552493,99.0,60,55
6179,617924510,GNT3S,2025,1,89.8845123,99.0,60,55
6179,617924510,GOBCNH,2025,1,91.9792268,99.0,60,55
6179,617924510,GSEBCS,2025,1,92.1517727,99.0,60,55
6179,617924510,LOPENS,2025,1,93.233135,99.0,60,55
6179,617924510,LSCS,2025,1,85.225256,99.0,60,55
6179,617924510,LVJS,2025,1,84.2510483,99.0,60,55
6179,617924510,LNT1S,2025,1,85.2987504,99.0,60,55
6179,617924510,LNT2S,2025,1,92.8110351,99.0,60,55
6179,617924510,LNT3S,2025,1,90.7879085,99.0,60,55
6179,617924510,LOBCS,2025,1,92.5679358,99.0,60,55
6179,617924510,LSEBCS,2025,1,92.7868473,99.0,60,55
6179,617924510,DEFOPENS,2025,1,84.4463229,99.0,60,55
6179,617924510,DEFOBCS,2025,1,85.1996728,99.0,60,55
6179,617924510,DEFSEBCS,2025,1,77.2143105,99.0,60,55
6179,617924510,TFWS,2025,1,92.4575883,99.0,60,55
6179,617924510,DEFRNT2S,2025,1,82.6245527,99.0,60,55
6179,617924510,EWS,2025,1,83.2071736,99.0,60,55
6179,617924610,GOPENH,2025,1,91.8763536,99.0,60,55
6179,617924610,GSCNH,2025,1,84.3396689,99.0,60,55
6179,617924610,GVJS,2025,1,91.3216011,99.0,60,55
6179,617924610,GNT2S,2025,1,90.1398917,99.0,60,55
6179,617924610,GNT3S,2025,1,89.1852024,99.0,60,55
6179,617924610,GOBCNH,2025,1,91.507071,99.0,60,55
6179,617924610,GSEBCS,2025,1,91.7858261,99.0,60,55
6179,617924610,LOPENS,2025,1,92.3523755,99.0,60,55
6179,617924610,LSCS,2025,1,83.7030299,99.0,60,55
6179,617924610,LNT1S,2025,1,86.7461997,99.0,60,55
6179,617924610,LOBCS,2025,1,91.3857287,99.0,60,55
6179,617924610,LSEBCS,2025,1,91.7505571,99.0,60,55
6179,617924610,DEFOPENS,2025,1,80.5383458,99.0,60,55
6179,617924610,TFWS,2025,1,92.0393375,99.0,60,55
6179,617924610,DEFRSEBCS,2025,1,79.5928226,99.0,60,55
6179,617924610,EWS,2025,1,81.2365306,99.0,60,55
6179,617937210,GOPENH,2025,1,91.3421736,99.0,60,55
6179,617937210,GSCNH,2025,1,83.4527296,99.0,60,55
6179,617937210,GVJS,2025,1,88.4219058,99.0,60,55
6179,617937210,GNT1S,2025,1,85.819156,99.0,60,55
6179,617937210,GNT2S,2025,1,89.8845123,99.0,60,55
6179,617937210,GNT3S,2025,1,90.9657321,99.0,60,55
6179,617937210,GOBCNH,2025,1,90.9144237,99.0,60,55
6179,617937210,GSEBCS,2025,1,90.0830242,99.0,60,55
6179,617937210,LOPENS,2025,1,91.9326024,99.0,60,55
6179,617937210,LSCS,2025,1,83.2810347,99.0,60,55
6179,617937210,LNT2S,2025,1,89.2478098,99.0,60,55
6179,617937210,LOBCS,2025,1,91.1718238,99.0,60,55
6179,617937210,LSEBCS,2025,1,90.9203835,99.0,60,55
6179,617937210,DEFOPENS,2025,1,73.7754477,99.0,60,55
6179,617937210,TFWS,2025,1,91.0435718,99.0,60,55
6179,617937210,DEFROBCS,2025,1,66.5942029,99.0,60,55
6179,617937210,EWS,2025,1,80.1749582,99.0,60,55
6179,617961210,GOPENH,2025,1,87.089825,99.0,60,55
6179,617961210,GSCNH,2025,1,80.1749582,99.0,60,55
6179,617961210,GSTNH,2025,1,52.8745002,99.0,60,55
6179,617961210,GNT1S,2025,1,75.9291421,99.0,60,55
6179,617961210,GNT2S,2025,1,84.3183057,99.0,60,55
6179,617961210,GNT3S,2025,1,86.2660493,99.0,60,55
6179,617961210,GOBCNH,2025,1,85.9212092,99.0,60,55
6179,617961210,GSEBCS,2025,1,85.9106165,99.0,60,55
6179,617961210,LOPENS,2025,1,86.5743412,99.0,60,55
6179,617961210,LSCS,2025,1,76.468112,99.0,60,55
6179,617961210,LVJS,2025,1,74.9818126,99.0,60,55
6179,617961210,LOBCS,2025,1,84.5857013,99.0,60,55
6179,617961210,LSEBCS,2025,1,85.9212092,99.0,60,55
6179,617961210,DEFOPENS,2025,1,78.4699621,99.0,60,55
6179,617961210,TFWS,2025,1,88.5024155,99.0,60,55
6179,617961210,DEFROBCS,2025,1,59.8130199,99.0,60,55
6179,617961210,EWS,2025,1,68.9409579,99.0,60,55
6179,617999510,GOPENH,2025,1,92.4132948,99.0,60,55
6179,617999510,GSCNH,2025,1,86.8897379,99.0,60,55
6179,617999510,GSTNH,2025,1,36.8722261,99.0,60,55
6179,617999510,GVJS,2025,1,88.2909271,99.0,60,55
6179,617999510,GNT2S,2025,1,89.8845123,99.0,60,55
6179,617999510,GOBCNH,2025,1,91.6610792,99.0,60,55
6179,617999510,GSEBCS,2025,1,91.8763536,99.0,60,55
6179,617999510,LOPENS,2025,1,93.1708179,99.0,60,55
6179,617999510,LSCS,2025,1,87.6160033,99.0,60,55
6179,617999510,LSTS,2025,1,88.2909271,99.0,60,55
6179,617999510,LNT1S,2025,1,91.8455822,99.0,60,55
6179,617999510,LOBCS,2025,1,92.1611438,99.0,60,55
6179,617999510,LSEBCS,2025,1,87.2593857,99.0,60,55
6179,617999510,DEFOPENS,2025,1,92.5679358,99.0,60,55
6179,617999510,TFWS,2025,1,81.6705255,99.0,60,55
6179,617999510,DEFROBCS,2025,1,84.0342981,99.0,60,55
6179,617999510,EWS,2025,1,31.3655815,99.0,60,55
6182,618219110,DEFOPENS,2025,1,42.4145111,99.0,60,55
6182,618219110,TFWS,2025,1,77.9589871,99.0,60,55
6182,618219110,EWS,2025,1,6.0401137,99.0,60,55
6182,618224510,DEFOPENS,2025,1,69.3900327,99.0,60,55
6182,618224510,DEFOBCS,2025,1,66.1911263,99.0,60,55
6182,618224510,TFWS,2025,1,91.2158031,99.0,60,55
6182,618224510,EWS,2025,1,77.6220509,99.0,60,55
6182,618224610,DEFOPENS,2025,1,70.6987601,99.0,60,55
6182,618224610,TFWS,2025,1,90.1775065,99.0,60,55
6182,618224610,EWS,2025,1,72.9906413,99.0,60,55
6182,618237210,DEFOPENS,2025,1,48.8664194,99.0,60,55
6182,618237210,DEFOBCS,2025,1,74.8112584,99.0,60,55
6182,618237210,TFWS,2025,1,86.5951005,99.0,60,55
6182,618237210,EWS,2025,1,61.7346759,99.0,60,55
6182,618261210,TFWS,2025,1,81.5934486,99.0,60,55
6182,618261210,EWS,2025,1,9.7897898,99.0,60,55
6184,618419110,GOPENH,2025,1,81.2365306,99.0,60,55
6184,618419110,GSCNH,2025,1,73.2041877,99.0,60,55
6184,618419110,GSTNH,2025,1,59.8130199,99.0,60,55
6184,618419110,GVJS,2025,1,73.9721817,99.0,60,55
6184,618419110,GOBCNH,2025,1,76.973775,99.0,60,55
6184,618419110,GSEBCS,2025,1,77.9589871,99.0,60,55
6184,618419110,LOPENS,2025,1,74.2209832,99.0,60,55
6184,618419110,LSCS,2025,1,63.0171253,99.0,60,55
6184,618419110,LNT2S,2025,1,72.4223602,99.0,60,55
6184,618419110,LNT3S,2025,1,62.5282864,99.0,60,55
6184,618419110,LOBCS,2025,1,70.9390112,99.0,60,55
6184,618419110,LSEBCS,2025,1,72.8488305,99.0,60,55
6184,618419110,TFWS,2025,1,86.2039517,99.0,60,55
6184,618419110,DEFRSEBCS,2025,1,38.2037534,99.0,60,55
6184,618419110,EWS,2025,1,63.9535342,99.0,60,55
6184,618424510,GOPENH,2025,1,87.493276,99.0,60,55
6184,618424510,GSCNH,2025,1,79.0264353,99.0,60,55
6184,618424510,GSTNH,2025,1,34.1022162,99.0,60,55
6184,618424510,GVJS,2025,1,83.1481862,99.0,60,55
6184,618424510,GNT1S,2025,1,82.3454058,99.0,60,55
6184,618424510,GNT2S,2025,1,85.1182895,99.0,60,55
6184,618424510,GNT3S,2025,1,85.9106165,99.0,60,55
6184,618424510,GOBCNH,2025,1,85.9212092,99.0,60,55
6184,618424510,GSEBCS,2025,1,86.3037543,99.0,60,55
6184,618424510,LOPENS,2025,1,88.118041,99.0,60,55
6184,618424510,LSCS,2025,1,76.5995199,99.0,60,55
6184,618424510,LVJS,2025,1,80.0260591,99.0,60,55
6184,618424510,LNT1S,2025,1,80.2462012,99.0,60,55
6184,618424510,LNT2S,2025,1,85.129786,99.0,60,55
6184,618424510,LOBCS,2025,1,86.2039517,99.0,60,55
6184,618424510,LSEBCS,2025,1,87.0084871,99.0,60,55
6184,618424510,DEFOPENS,2025,1,71.5917775,99.0,60,55
6184,618424510,DEFOBCS,2025,1,46.2039046,99.0,60,55
6184,618424510,DEFSEBCS,2025,1,68.2993965,99.0,60,55
6184,618424510,TFWS,2025,1,89.451403,99.0,60,55
6184,618424510,DEFRSEBCS,2025,1,70.9390112,99.0,60,55
6184,618424510,EWS,2025,1,68.2993965,99.0,60,55
6184,618424610,GOPENH,2025,1,85.9106165,99.0,60,55
6184,618424610,GSCNH,2025,1,79.9422744,99.0,60,55
6184,618424610,GVJS,2025,1,81.8599034,99.0,60,55
6184,618424610,GNT1S,2025,1,81.6127789,99.0,60,55
6184,618424610,GOBCNH,2025,1,85.0853734,99.0,60,55
6184,618424610,GSEBCS,2025,1,85.5286474,99.0,60,55
6184,618424610,LOPENS,2025,1,86.3037543,99.0,60,55
6184,618424610,LSCS,2025,1,76.468112,99.0,60,55
6184,618424610,LNT2S,2025,1,82.7018873,99.0,60,55
6184,618424610,LNT3S,2025,1,82.0388536,99.0,60,55
6184,618424610,LOBCS,2025,1,85.3230758,99.0,60,55
6184,618424610,LSEBCS,2025,1,86.0314842,99.0,60,55
6184,618424610,DEFOPENS,2025,1,68.2993965,99.0,60,55
6184,618424610,TFWS,2025,1,90.3279027,99.0,60,55
6184,618424610,DEFRSEBCS,2025,1,57.8274425,99.0,60,55
6184,618424610,EWS,2025,1,67.967082,99.0,60,55
6184,618429310,GOPENH,2025,1,78.890785,99.0,60,55
6184,618429310,GSCNH,2025,1,61.9042106,99.0,60,55
6184,618429310,GNT1S,2025,1,73.2908824,99.0,60,55
6184,618429310,GNT2S,2025,1,74.0786749,99.0,60,55
6184,618429310,GNT3S,2025,1,76.2668468,99.0,60,55
6184,618429310,GOBCNH,2025,1,77.2143105,99.0,60,55
6184,618429310,GSEBCS,2025,1,74.6853954,99.0,60,55
6184,618429310,LOPENS,2025,1,77.9303712,99.0,60,55
6184,618429310,LSCS,2025,1,55.6712077,99.0,60,55
6184,618429310,LVJS,2025,1,53.7405107,99.0,60,55
6184,618429310,LOBCS,2025,1,74.6853954,99.0,60,55
6184,618429310,LSEBCS,2025,1,77.2289819,99.0,60,55
6184,618429310,PWDOPENS,2025,1,27.9569892,99.0,60,55
6184,618429310,DEFOPENS,2025,1,65.2933256,99.0,60,55
6184,618429310,TFWS,2025,1,80.7035589,99.0,60,55
6184,618429310,EWS,2025,1,0.6054452,99.0,60,55
6184,618437210,GOPENH,2025,1,83.4251983,99.0,60,55
6184,618437210,GSCNH,2025,1,72.3753397,99.0,60,55
6184,618437210,GVJS,2025,1,77.4501436,99.0,60,55
6184,618437210,GNT1S,2025,1,78.9025471,99.0,60,55
6184,618437210,GNT2S,2025,1,81.9137967,99.0,60,55
6184,618437210,GNT3S,2025,1,81.2365306,99.0,60,55
6184,618437210,GOBCNH,2025,1,82.5187713,99.0,60,55
6184,618437210,GSEBCS,2025,1,82.4592501,99.0,60,55
6184,618437210,LOPENS,2025,1,83.9283276,99.0,60,55
6184,618437210,LSCS,2025,1,73.3487346,99.0,60,55
6184,618437210,LNT1S,2025,1,55.6712077,99.0,60,55
6184,618437210,LNT2S,2025,1,82.4999118,99.0,60,55
6184,618437210,LNT3S,2025,1,81.5923479,99.0,60,55
6184,618437210,LOBCS,2025,1,82.9247643,99.0,60,55
6184,618437210,LSEBCS,2025,1,83.6944391,99.0,60,55
6184,618437210,DEFOPENS,2025,1,44.5569356,99.0,60,55
6184,618437210,TFWS,2025,1,85.6921506,99.0,60,55
6184,618437210,DEFRSEBCS,2025,1,37.5813241,99.0,60,55
6184,618437210,EWS,2025,1,52.8560653,99.0,60,55
6184,618461210,GOPENH,2025,1,78.5981492,99.0,60,55
6184,618461210,GSCNH,2025,1,60.5539527,99.0,60,55
6184,618461210,GVJS,2025,1,73.2109713,99.0,60,55
6184,618461210,GNT1S,2025,1,68.8065641,99.0,60,55
6184,618461210,GNT2S,2025,1,75.242318,99.0,60,55
6184,618461210,GOBCNH,2025,1,76.1726079,99.0,60,55
6184,618461210,GSEBCS,2025,1,73.6510161,99.0,60,55
6184,618461210,LOPENS,2025,1,79.3692556,99.0,60,55
6184,618461210,LSCS,2025,1,66.0956881,99.0,60,55
6184,618461210,LOBCS,2025,1,73.0237189,99.0,60,55
6184,618461210,LSEBCS,2025,1,73.3356624,99.0,60,55
6184,618461210,DEFOPENS,2025,1,29.41486,99.0,60,55
6184,618461210,TFWS,2025,1,84.3786315,99.0,60,55
6184,618461210,EWS,2025,1,59.7703364,99.0,60,55
6185,618524510,DEFOPENS,2025,1,64.087617,99.0,60,55
6185,618524510,DEFOBCS,2025,1,33.1537425,99.0,60,55
6185,618524510,DEFSEBCS,2025,1,48.8664194,99.0,60,55
6185,618524510,TFWS,2025,1,87.3937627,99.0,60,55
6185,618524510,DEFROBCS,2025,1,78.2850242,99.0,60,55
6185,618524510,EWS,2025,1,60.4816409,99.0,60,55
6185,618524610,DEFOPENS,2025,1,81.9221888,99.0,60,55
6185,618524610,DEFOBCS,2025,1,59.2443064,99.0,60,55
6185,618524610,TFWS,2025,1,86.0314842,99.0,60,55
6185,618524610,EWS,2025,1,52.0988164,99.0,60,55
6185,618529310,TFWS,2025,1,80.0260591,99.0,60,55
6185,618529310,EWS,2025,1,9.1673381,99.0,60,55
6185,618537210,DEFOPENS,2025,1,18.3316683,99.0,60,55
6185,618537210,TFWS,2025,1,84.4852349,99.0,60,55
6185,618537210,EWS,2025,1,24.5822293,99.0,60,55
6185,618561210,DEFOPENS,2025,1,48.8548541,99.0,60,55
6185,618561210,EWS,2025,1,54.7674174,99.0,60,55
6187,618719110,DEFOPENS,2025,1,20.9233553,99.0,60,55
6187,618719110,TFWS,2025,1,73.9021728,99.0,60,55
6187,618719110,EWS,2025,1,16.6253199,99.0,60,55
6187,618724510,DEFOPENS,2025,1,75.242318,99.0,60,55
6187,618724510,DEFOBCS,2025,1,45.457039,99.0,60,55
6187,618724510,DEFSEBCS,2025,1,80.78157,99.0,60,55
6187,618724510,TFWS,2025,1,90.0843448,99.0,60,55
6187,618724510,DEFROBCS,2025,1,67.931377,99.0,60,55
6187,618724510,EWS,2025,1,72.0579403,99.0,60,55
6187,618724610,DEFOPENS,2025,1,74.75684,99.0,60,55
6187,618724610,TFWS,2025,1,90.2925429,99.0,60,55
6187,618724610,DEFROBCS,2025,1,58.4294088,99.0,60,55
6187,618724610,EWS,2025,1,70.9390112,99.0,60,55
6187,618737210,DEFOPENS,2025,1,55.4914407,99.0,60,55
6187,618737210,DEFOBCS,2025,1,41.1906024,99.0,60,55
6187,618737210,TFWS,2025,1,85.6921506,99.0,60,55
6187,618737210,EWS,2025,1,53.8067479,99.0,60,55
6203,620319110,DEFOPENS,2025,1,34.0389056,99.0,60,55
6203,620319110,TFWS,2025,1,86.5748101,99.0,60,55
6203,620319110,EWS,2025,1,25.8331579,99.0,60,55
6203,620324510,DEFOPENS,2025,1,82.6245527,99.0,60,55
6203,620324510,DEFSCS,2025,1,48.8664194,99.0,60,55
6203,620324510,DEFOBCS,2025,1,81.9221888,99.0,60,55
6203,620324510,DEFSEBCS,2025,1,79.5691881,99.0,60,55
6203,620324510,TFWS,2025,1,93.0647215,99.0,60,55
6203,620324510,DEFROBCS,2025,1,81.9712626,99.0,60,55
6203,620324510,EWS,2025,1,83.4527296,99.0,60,55
6203,620326610,DEFOPENS,2025,1,78.699881,99.0,60,55
6203,620326610,TFWS,2025,1,91.6438644,99.0,60,55
6203,620326610,EWS,2025,1,76.099588,99.0,60,55
6203,620361210,DEFOPENS,2025,1,76.5995199,99.0,60,55
6203,620361210,DEFOBCS,2025,1,51.0139791,99.0,60,55
6203,620361210,TFWS,2025,1,86.6459627,99.0,60,55
6203,620361210,EWS,2025,1,39.9867632,99.0,60,55
6203,620362410,DEFOPENS,2025,1,42.6120917,99.0,60,55
6203,620362410,TFWS,2025,1,88.2909271,99.0,60,55
6203,620362410,EWS,2025,1,32.7909025,99.0,60,55
6203,620399510,DEFOPENS,2025,1,80.4293972,99.0,60,55
6203,620399510,DEFOBCS,2025,1,79.4793202,99.0,60,55
6203,620399510,DEFSEBCS,2025,1,72.4223602,99.0,60,55
6203,620399510,TFWS,2025,1,91.9525714,99.0,60,55
6203,620399510,EWS,2025,1,79.3794141,99.0,60,55
6206,620624510,DEFOPENS,2025,1,62.3077731,99.0,60,55
6206,620624510,DEFSCS,2025,1,52.7016685,99.0,60,55
6206,620624510,DEFOBCS,2025,1,50.9743237,99.0,60,55
6206,620624510,DEFSEBCS,2025,1,86.5848999,99.0,60,55
6206,620624510,TFWS,2025,1,87.3937627,99.0,60,55
6206,620624510,DEFRSEBCS,2025,1,81.1271398,99.0,60,55
6206,620624510,EWS,2025,1,65.1648234,99.0,60,55
6206,620624610,DEFOPENS,2025,1,71.7479911,99.0,60,55
6206,620624610,DEFOBCS,2025,1,63.4757967,99.0,60,55
6206,620624610,TFWS,2025,1,86.560206,99.0,60,55
6206,620624610,DEFROBCS,2025,1,51.4221759,99.0,60,55
6206,620624610,EWS,2025,1,64.2926156,99.0,60,55
6206,620637210,DEFOPENS,2025,1,54.2626684,99.0,60,55
6206,620637210,DEFOBCS,2025,1,56.5505021,99.0,60,55
6206,620637210,TFWS,2025,1,84.7804686,99.0,60,55
6206,620637210,EWS,2025,1,50.9743237,99.0,60,55
6206,620661210,DEFOPENS,2025,1,29.5324884,99.0,60,55
6206,620661210,TFWS,2025,1,75.6051641,99.0,60,55
6206,620661210,EWS,2025,1,44.3215833,99.0,60,55
6206,620699510,DEFOPENS,2025,1,59.4665021,99.0,60,55
6206,620699510,TFWS,2025,1,89.5592458,99.0,60,55
6206,620699510,EWS,2025,1,73.676029,99.0,60,55
6207,620719110,DEFOPENS,2025,1,76.468112,99.0,60,55
6207,620719110,DEFSCS,2025,1,46.7128425,99.0,60,55
6207,620719110,DEFOBCS,2025,1,68.0484125,99.0,60,55
6207,620719110,TFWS,2025,1,92.9222144,99.0,60,55
6207,620719110,EWS,2025,1,76.131941,99.0,60,55
6207,620724510,DEFOPENS,2025,1,93.887286,99.0,60,55
6207,620724510,DEFSCS,2025,1,81.9314642,99.0,60,55
6207,620724510,DEFOBCS,2025,1,92.5914149,99.0,60,55
6207,620724510,DEFSEBCS,2025,1,93.2287366,99.0,60,55
6207,620724510,TFWS,2025,1,97.6372992,99.0,60,55
6207,620724510,DEFRSEBCS,2025,1,93.2033865,99.0,60,55
6207,620724510,EWS,2025,1,94.9572138,99.0,60,55
6207,620724610,DEFOPENS,2025,1,93.3927676,99.0,60,55
6207,620724610,TFWS,2025,1,97.5556558,99.0,60,55
6207,620724610,DEFROBCS,2025,1,92.0107754,99.0,60,55
6207,620724610,EWS,2025,1,94.6011366,99.0,60,55
6207,620729310,DEFOPENS,2025,1,89.9205793,99.0,60,55
6207,620729310,TFWS,2025,1,95.3805594,99.0,60,55
6207,620729310,EWS,2025,1,88.2909271,99.0,60,55
6207,620737210,DEFOPENS,2025,1,90.0508521,99.0,60,55
6207,620737210,DEFSCS,2025,1,76.6993653,99.0,60,55
6207,620737210,DEFOBCS,2025,1,89.2174843,99.0,60,55
6207,620737210,DEFSEBCS,2025,1,89.6618256,99.0,60,55
6207,620737210,TFWS,2025,1,95.9558175,99.0,60,55
6207,620737210,DEFRSEBCS,2025,1,89.6590708,99.0,60,55
6207,620737210,EWS,2025,1,92.8576339,99.0,60,55
6207,620746610,TFWS,2025,1,93.5072524,99.0,60,55
6207,620746610,EWS,2025,1,86.2722396,99.0,60,55
6207,620761210,DEFOPENS,2025,1,89.0368294,99.0,60,55
6207,620761210,DEFOBCS,2025,1,87.0343086,99.0,60,55
6207,620761210,DEFSEBCS,2025,1,86.8334686,99.0,60,55
6207,620761210,TFWS,2025,1,95.0252399,99.0,60,55
6207,620761210,DEFRSEBCS,2025,1,87.6469672,99.0,60,55
6207,620761210,EWS,2025,1,65.6970807,99.0,60,55
6207,620784410,DEFOPENS,2025,1,90.5209194,99.0,60,55
6207,620784410,TFWS,2025,1,96.7426478,99.0,60,55
6207,620784410,EWS,2025,1,92.5144909,99.0,60,55
6207,620799510,DEFOPENS,2025,1,93.3688303,99.0,60,55
6207,620799510,DEFSCS,2025,1,26.166493,99.0,60,55
6207,620799510,DEFOBCS,2025,1,92.0078173,99.0,60,55
6207,620799510,DEFSEBCS,2025,1,92.119419,99.0,60,55
6207,620799510,TFWS,2025,1,97.3687248,99.0,60,55
6207,620799510,DEFROBCS,2025,1,91.3230812,99.0,60,55
6207,620799510,EWS,2025,1,93.9707059,99.0,60,55
6214,621419110,GOPENH,2025,1,90.2371528,99.0,60,55
6214,621419110,GSCNH,2025,1,78.2850242,99.0,60,55
6214,621419110,GSTNH,2025,1,45.4941917,99.0,60,55
6214,621419110,GNT2S,2025,1,90.1045888,99.0,60,55
6214,621419110,GNT3S,2025,1,82.9708753,99.0,60,55
6214,621419110,GOBCNH,2025,1,88.2909271,99.0,60,55
6214,621419110,GSEBCS,2025,1,90.0843448,99.0,60,55
6214,621419110,LOPENS,2025,1,92.2148897,99.0,60,55
6214,621419110,LSCS,2025,1,88.6611545,99.0,60,55
6214,621419110,LVJS,2025,1,68.7336094,99.0,60,55
6214,621419110,LNT1S,2025,1,82.4850758,99.0,60,55
6214,621419110,LNT2S,2025,1,85.4732337,99.0,60,55
6214,621419110,LOBCS,2025,1,87.730083,99.0,60,55
6214,621419110,LSEBCS,2025,1,90.0621118,99.0,60,55
6214,621419110,DEFOPENS,2025,1,76.5995199,99.0,60,55
6214,621419110,TFWS,2025,1,91.8268053,99.0,60,55
6214,621419110,DEFRSEBCS,2025,1,75.242318,99.0,60,55
6214,621419110,EWS,2025,1,78.8262695,99.0,60,55
6214,621421910,GOPENH,2025,1,89.1809567,99.0,60,55
6214,621421910,GSCNH,2025,1,75.8548894,99.0,60,55
6214,621421910,GVJS,2025,1,78.9492107,99.0,60,55
6214,621421910,GNT1S,2025,1,82.0388536,99.0,60,55
6214,621421910,GNT2S,2025,1,88.4226013,99.0,60,55
6214,621421910,GNT3S,2025,1,79.3794141,99.0,60,55
6214,621421910,GOBCNH,2025,1,88.2059917,99.0,60,55
6214,621421910,GSEBCS,2025,1,88.2737276,99.0,60,55
6214,621421910,LOPENS,2025,1,91.9326024,99.0,60,55
6214,621421910,LSCS,2025,1,71.1120286,99.0,60,55
6214,621421910,LOBCS,2025,1,90.5244362,99.0,60,55
6214,621421910,LSEBCS,2025,1,90.7025504,99.0,60,55
6214,621421910,DEFOPENS,2025,1,80.2313072,99.0,60,55
6214,621421910,TFWS,2025,1,91.4870854,99.0,60,55
6214,621421910,DEFRSEBCS,2025,1,33.1537425,99.0,60,55
6214,621421910,EWS,2025,1,83.0532651,99.0,60,55
6214,621424510,GOPENH,2025,1,93.4220277,99.0,60,55
6214,621424510,GSCNH,2025,1,83.9561363,99.0,60,55
6214,621424510,GVJS,2025,1,85.9106165,99.0,60,55
6214,621424510,GNT1S,2025,1,89.4554822,99.0,60,55
6214,621424510,GNT2S,2025,1,93.233135,99.0,60,55
6214,621424510,GNT3S,2025,1,91.6068238,99.0,60,55
6214,621424510,GOBCNH,2025,1,92.4965846,99.0,60,55
6214,621424510,GSEBCS,2025,1,93.0651077,99.0,60,55
6214,621424510,LOPENS,2025,1,93.9724337,99.0,60,55
6214,621424510,LSCS,2025,1,84.7521447,99.0,60,55
6214,621424510,LVJS,2025,1,84.4412567,99.0,60,55
6214,621424510,LNT1S,2025,1,91.3857287,99.0,60,55
6214,621424510,LNT2S,2025,1,91.512485,99.0,60,55
6214,621424510,LNT3S,2025,1,91.507071,99.0,60,55
6214,621424510,LOBCS,2025,1,92.9316795,99.0,60,55
6214,621424510,LSEBCS,2025,1,93.5072524,99.0,60,55
6214,621424510,DEFOPENS,2025,1,82.0388536,99.0,60,55
6214,621424510,DEFOBCS,2025,1,80.5339227,99.0,60,55
6214,621424510,DEFSEBCS,2025,1,79.6966406,99.0,60,55
6214,621424510,TFWS,2025,1,95.4799,99.0,60,55
6214,621424510,DEFROBCS,2025,1,79.8369603,99.0,60,55
6214,621424510,EWS,2025,1,88.2758357,99.0,60,55
6214,621429310,GOPENH,2025,1,91.0435718,99.0,60,55
6214,621429310,GSCNH,2025,1,79.6966406,99.0,60,55
6214,621429310,GNT1S,2025,1,87.2593857,99.0,60,55
6214,621429310,GNT2S,2025,1,90.7025504,99.0,60,55
6214,621429310,GNT3S,2025,1,82.9247643,99.0,60,55
6214,621429310,GOBCNH,2025,1,89.106913,99.0,60,55
6214,621429310,GSEBCS,2025,1,90.9200385,99.0,60,55
6214,621429310,LOPENS,2025,1,91.6272372,99.0,60,55
6214,621429310,LSCS,2025,1,86.2020083,99.0,60,55
6214,621429310,LVJS,2025,1,74.8088122,99.0,60,55
6214,621429310,LOBCS,2025,1,90.5704062,99.0,60,55
6214,621429310,LSEBCS,2025,1,91.1602633,99.0,60,55
6214,621429310,DEFOPENS,2025,1,85.0971341,99.0,60,55
6214,621429310,TFWS,2025,1,94.7981886,99.0,60,55
6214,621429310,DEFRSEBCS,2025,1,76.5032413,99.0,60,55
6214,621429310,EWS,2025,1,83.769652,99.0,60,55
6214,621437210,GOPENH,2025,1,92.2381205,99.0,60,55
6214,621437210,GSCNH,2025,1,81.2187812,99.0,60,55
6214,621437210,GVJS,2025,1,80.7035589,99.0,60,55
6214,621437210,GNT1S,2025,1,84.4137833,99.0,60,55
6214,621437210,GNT2S,2025,1,90.4539834,99.0,60,55
6214,621437210,GNT3S,2025,1,84.9389417,99.0,60,55
6214,621437210,GOBCNH,2025,1,90.9200385,99.0,60,55
6214,621437210,GSEBCS,2025,1,92.1611438,99.0,60,55
6214,621437210,LOPENS,2025,1,93.5072524,99.0,60,55
6214,621437210,LSCS,2025,1,82.016548,99.0,60,55
6214,621437210,LNT1S,2025,1,77.7140658,99.0,60,55
6214,621437210,LNT2S,2025,1,90.354069,99.0,60,55
6214,621437210,LNT3S,2025,1,85.2566749,99.0,60,55
6214,621437210,LOBCS,2025,1,91.5329871,99.0,60,55
6214,621437210,LSEBCS,2025,1,92.8576339,99.0,60,55
6214,621437210,DEFOPENS,2025,1,86.7461997,99.0,60,55
6214,621437210,DEFOBCS,2025,1,26.166493,99.0,60,55
6214,621437210,TFWS,2025,1,93.9120113,99.0,60,55
6214,621437210,EWS,2025,1,87.0343086,99.0,60,55
6214,621456810,GOPENH,2025,1,93.0414085,99.0,60,55
6214,621456810,GSCNH,2025,1,82.5792479,99.0,60,55
6214,621456810,GSTNH,2025,1,34.1022162,99.0,60,55
6214,621456810,GNT1S,2025,1,84.4137833,99.0,60,55
6214,621456810,GNT2S,2025,1,91.8375201,99.0,60,55
6214,621456810,GNT3S,2025,1,87.921673,99.0,60,55
6214,621456810,GOBCNH,2025,1,92.0013784,99.0,60,55
6214,621456810,GSEBCS,2025,1,92.8110351,99.0,60,55
6214,621456810,LOPENS,2025,1,93.4220277,99.0,60,55
6214,621456810,LSCS,2025,1,80.5595655,99.0,60,55
6214,621456810,LVJS,2025,1,80.9705409,99.0,60,55
6214,621456810,LNT2S,2025,1,93.0903303,99.0,60,55
6214,621456810,LOBCS,2025,1,92.3740511,99.0,60,55
6214,621456810,LSEBCS,2025,1,93.0716724,99.0,60,55
6214,621456810,DEFOPENS,2025,1,91.7858261,99.0,60,55
6214,621456810,TFWS,2025,1,95.3151853,99.0,60,55
6214,621456810,DEFROBCS,2025,1,85.8665128,99.0,60,55
6214,621456810,EWS,2025,1,86.8832732,99.0,60,55
6214,621461210,GOPENH,2025,1,90.5244362,99.0,60,55
6214,621461210,GSCNH,2025,1,79.0728986,99.0,60,55
6214,621461210,GSTNH,2025,1,52.1496391,99.0,60,55
6214,621461210,GVJS,2025,1,73.3356624,99.0,60,55
6214,621461210,GNT1S,2025,1,84.5857013,99.0,60,55
6214,621461210,GNT2S,2025,1,86.0314842,99.0,60,55
6214,621461210,GNT3S,2025,1,86.564971,99.0,60,55
6214,621461210,GOBCNH,2025,1,88.1468922,99.0,60,55
6214,621461210,GSEBCS,2025,1,90.2371528,99.0,60,55
6214,621461210,LOPENS,2025,1,90.112628,99.0,60,55
6214,621461210,LSCS,2025,1,74.2209832,99.0,60,55
6214,621461210,LVJS,2025,1,76.3384255,99.0,60,55
6214,621461210,LNT1S,2025,1,76.3324995,99.0,60,55
6214,621461210,LNT3S,2025,1,74.8210845,99.0,60,55
6214,621461210,LOBCS,2025,1,86.3482671,99.0,60,55
6214,621461210,LSEBCS,2025,1,89.657308,99.0,60,55
6214,621461210,DEFOPENS,2025,1,74.5525612,99.0,60,55
6214,621461210,DEFOBCS,2025,1,68.6031011,99.0,60,55
6214,621461210,DEFSEBCS,2025,1,84.539834,99.0,60,55
6214,621461210,TFWS,2025,1,93.9372552,99.0,60,55
6214,621461210,EWS,2025,1,81.2365306,99.0,60,55
6214,621462410,GOPENH,2025,1,88.7955476,99.0,60,55
6214,621462410,GSCNH,2025,1,66.0913492,99.0,60,55
6214,621462410,GVJS,2025,1,83.7431799,99.0,60,55
6214,621462410,GNT1S,2025,1,80.2313072,99.0,60,55
6214,621462410,GNT2S,2025,1,82.7018873,99.0,60,55
6214,621462410,GOBCNH,2025,1,84.207639,99.0,60,55
6214,621462410,GSEBCS,2025,1,88.2909271,99.0,60,55
6214,621462410,LOPENS,2025,1,90.0830242,99.0,60,55
6214,621462410,LSCS,2025,1,63.003413,99.0,60,55
6214,621462410,LNT2S,2025,1,83.1707575,99.0,60,55
6214,621462410,LOBCS,2025,1,85.791852,99.0,60,55
6214,621462410,LSEBCS,2025,1,89.5272602,99.0,60,55
6214,621462410,DEFOPENS,2025,1,76.7952218,99.0,60,55
6214,621462410,TFWS,2025,1,92.6755145,99.0,60,55
6214,621462410,DEFRSEBCS,2025,1,71.4785529,99.0,60,55
6214,621462410,EWS,2025,1,77.7384664,99.0,60,55
6214,621491110,GOPENH,2025,1,92.7868473,99.0,60,55
6214,621491110,GSCNH,2025,1,82.9459739,99.0,60,55
6214,621491110,GVJS,2025,1,85.1550148,99.0,60,55
6214,621491110,GNT1S,2025,1,89.1809567,99.0,60,55
6214,621491110,GNT2S,2025,1,91.8375201,99.0,60,55
6214,621491110,GNT3S,2025,1,86.2039517,99.0,60,55
6214,621491110,GOBCNH,2025,1,91.9525714,99.0,60,55
6214,621491110,GSEBCS,2025,1,92.6489748,99.0,60,55
6214,621491110,LOPENS,2025,1,93.442623,99.0,60,55
6214,621491110,LSCS,2025,1,82.5187713,99.0,60,55
6214,621491110,LVJS,2025,1,80.7883659,99.0,60,55
6214,621491110,LNT1S,2025,1,85.0853734,99.0,60,55
6214,621491110,LNT2S,2025,1,91.8375201,99.0,60,55
6214,621491110,LOBCS,2025,1,92.4132948,99.0,60,55
6214,621491110,LSEBCS,2025,1,92.8362212,99.0,60,55
6214,621491110,DEFOPENS,2025,1,87.2248719,99.0,60,55
6214,621491110,DEFOBCS,2025,1,71.0421393,99.0,60,55
6214,621491110,TFWS,2025,1,94.5016522,99.0,60,55
6214,621491110,EWS,2025,1,87.4466038,99.0,60,55
6217,621719110,GOPENH,2025,1,62.3077731,99.0,60,55
6217,621719110,GSCNH,2025,1,43.7064846,99.0,60,55
6217,621719110,GVJS,2025,1,31.8317161,99.0,60,55
6217,621719110,GNT2S,2025,1,59.4665021,99.0,60,55
6217,621719110,GOBCNH,2025,1,51.0139791,99.0,60,55
6217,621719110,GSEBCS,2025,1,57.9680585,99.0,60,55
6217,621719110,LOPENS,2025,1,63.8128892,99.0,60,55
6217,621719110,LSCS,2025,1,25.8331579,99.0,60,55
6217,621719110,LOBCS,2025,1,46.4953181,99.0,60,55
6217,621719110,TFWS,2025,1,82.9708753,99.0,60,55
6217,621719110,EWS,2025,1,41.7943409,99.0,60,55
6217,621724210,GOPENH,2025,1,67.9203695,99.0,60,55
6217,621724210,GSCNH,2025,1,5.6520055,99.0,60,55
6217,621724210,GNT1S,2025,1,37.9825825,99.0,60,55
6217,621724210,GNT2S,2025,1,59.4665021,99.0,60,55
6217,621724210,GNT3S,2025,1,47.8755661,99.0,60,55
6217,621724210,GOBCNH,2025,1,52.8745002,99.0,60,55
6217,621724210,GSEBCS,2025,1,65.3107562,99.0,60,55
6217,621724210,LOPENS,2025,1,74.6217331,99.0,60,55
6217,621724210,LSCS,2025,1,27.5667492,99.0,60,55
6217,621724210,LVJS,2025,1,19.9986005,99.0,60,55
6217,621724210,LNT1S,2025,1,68.6254044,99.0,60,55
6217,621724210,LNT2S,2025,1,72.9249982,99.0,60,55
6217,621724210,LNT3S,2025,1,57.9680585,99.0,60,55
6217,621724210,LOBCS,2025,1,72.0579403,99.0,60,55
6217,621724210,LSEBCS,2025,1,52.6909021,99.0,60,55
6217,621724210,PWDOPENS,2025,1,73.9021728,99.0,60,55
6217,621724210,TFWS,2025,1,13.2183243,99.0,60,55
6217,621724210,EWS,2025,1,37.9825825,99.0,60,55
6217,621726310,GOPENH,2025,1,58.4262318,99.0,60,55
6217,621726310,GSCNH,2025,1,10.9696342,99.0,60,55
6217,621726310,GNT1S,2025,1,12.2913505,99.0,60,55
6217,621726310,GNT2S,2025,1,19.7268589,99.0,60,55
6217,621726310,GOBCNH,2025,1,38.9526061,99.0,60,55
6217,621726310,GSEBCS,2025,1,52.8745002,99.0,60,55
6217,621726310,LOPENS,2025,1,65.1648234,99.0,60,55
6217,621726310,LSCS,2025,1,41.7129534,99.0,60,55
6217,621726310,LNT2S,2025,1,36.1833289,99.0,60,55
6217,621726310,LOBCS,2025,1,51.5429844,99.0,60,55
6217,621726310,LSEBCS,2025,1,63.2367632,99.0,60,55
6217,621726310,TFWS,2025,1,66.1169676,99.0,60,55
6217,621726310,EWS,2025,1,17.5005248,99.0,60,55
6217,621729310,GOPENH,2025,1,62.965955,99.0,60,55
6217,621729310,GSCNH,2025,1,27.0109031,99.0,60,55
6217,621729310,GNT1S,2025,1,15.7373377,99.0,60,55
6217,621729310,GNT2S,2025,1,53.7903103,99.0,60,55
6217,621729310,GOBCNH,2025,1,49.8201439,99.0,60,55
6217,621729310,GSEBCS,2025,1,57.8685189,99.0,60,55
6217,621729310,LOPENS,2025,1,62.9339383,99.0,60,55
6217,621729310,LVJS,2025,1,57.502776,99.0,60,55
6217,621729310,LOBCS,2025,1,45.6611497,99.0,60,55
6217,621729310,LSEBCS,2025,1,59.5499981,99.0,60,55
6217,621729310,TFWS,2025,1,78.8724264,99.0,60,55
6217,621729310,EWS,2025,1,1.3603312,99.0,60,55
6217,621737210,GOPENH,2025,1,69.7621466,99.0,60,55
6217,621737210,GSCNH,2025,1,18.7740682,99.0,60,55
6217,621737210,GVJS,2025,1,48.6512524,99.0,60,55
6217,621737210,GNT2S,2025,1,52.1652563,99.0,60,55
6217,621737210,GOBCNH,2025,1,55.319298,99.0,60,55
6217,621737210,GSEBCS,2025,1,66.0549811,99.0,60,55
6217,621737210,LOPENS,2025,1,74.8112584,99.0,60,55
6217,621737210,LNT2S,2025,1,66.2459959,99.0,60,55
6217,621737210,LOBCS,2025,1,62.8284912,99.0,60,55
6217,621737210,LSEBCS,2025,1,69.3900327,99.0,60,55
6217,621737210,DEFOPENS,2025,1,73.3356624,99.0,60,55
6217,621737210,TFWS,2025,1,76.2668468,99.0,60,55
6217,621737210,EWS,2025,1,18.8254623,99.0,60,55
6217,621761210,GOPENH,2025,1,68.58833,99.0,60,55
6217,621761210,GSCNH,2025,1,25.432546,99.0,60,55
6217,621761210,GNT1S,2025,1,45.8934793,99.0,60,55
6217,621761210,GNT2S,2025,1,54.96898,99.0,60,55
6217,621761210,GOBCNH,2025,1,52.1496391,99.0,60,55
6217,621761210,GSEBCS,2025,1,62.965955,99.0,60,55
6217,621761210,LOPENS,2025,1,62.2946352,99.0,60,55
6217,621761210,LSCS,2025,1,25.4578819,99.0,60,55
6217,621761210,LVJS,2025,1,46.9424901,99.0,60,55
6217,621761210,LNT1S,2025,1,57.0044084,99.0,60,55
6217,621761210,LNT2S,2025,1,44.6087422,99.0,60,55
6217,621761210,LOBCS,2025,1,77.9049638,99.0,60,55
6217,621761210,LSEBCS,2025,1,20.9078498,99.0,60,55
6217,621761210,DEFOPENS,2025,1,13.0221818,99.0,60,55
6217,621761210,TFWS,2025,1,41.7943409,99.0,60,55
6217,621761210,EWS,2025,1,52.1191375,99.0,60,55
6217,621784410,GOPENH,2025,1,41.6288192,99.0,60,55
6217,621784410,GOBCNH,2025,1,34.2796407,99.0,60,55
6217,621784410,GSEBCS,2025,1,39.1300992,99.0,60,55
6217,621784410,LOPENS,2025,1,54.4258624,99.0,60,55
6217,621784410,LSCS,2025,1,4.4102367,99.0,60,55
6217,621784410,LOBCS,2025,1,47.7548586,99.0,60,55
6217,621784410,LSEBCS,2025,1,48.8548541,99.0,60,55
6217,621784410,TFWS,2025,1,54.9986599,99.0,60,55
6217,621792110,GOPENH,2025,1,63.8128892,99.0,60,55
6217,621792110,GSCNH,2025,1,27.0109031,99.0,60,55
6217,621792110,GVJS,2025,1,48.1265004,99.0,60,55
6217,621792110,GNT1S,2025,1,60.9157012,99.0,60,55
6217,621792110,GNT2S,2025,1,55.4914407,99.0,60,55
6217,621792110,GNT3S,2025,1,37.8307719,99.0,60,55
6217,621792110,GOBCNH,2025,1,45.457039,99.0,60,55
6217,621792110,GSEBCS,2025,1,58.9637781,99.0,60,55
6217,621792110,LOPENS,2025,1,75.1704646,99.0,60,55
6217,621792110,LSCS,2025,1,27.8805461,99.0,60,55
6217,621792110,LVJS,2025,1,63.540901,99.0,60,55
6217,621792110,LNT2S,2025,1,58.3262891,99.0,60,55
6217,621792110,LOBCS,2025,1,53.864934,99.0,60,55
6217,621792110,LSEBCS,2025,1,71.9146758,99.0,60,55
6217,621792110,DEFOPENS,2025,1,35.5420211,99.0,60,55
6217,621792110,TFWS,2025,1,71.4142775,99.0,60,55
6217,621792110,EWS,2025,1,59.2124434,99.0,60,55
6219,621919110,EWS,2025,1,0.0038469,99.0,60,55
6219,621924210,TFWS,2025,1,23.426501,99.0,60,55
6219,621924210,EWS,2025,1,11.0148558,99.0,60,55
6219,621929310,EWS,2025,1,22.1683213,99.0,60,55
6219,621937210,EWS,2025,1,65.2933256,99.0,60,55
6219,621946110,TFWS,2025,1,57.9680585,99.0,60,55
6219,621946110,EWS,2025,1,25.6909658,99.0,60,55
6220,622019110,GOPENH,2025,1,71.7660957,99.0,60,55
6220,622019110,GSCNH,2025,1,37.9825825,99.0,60,55
6220,622019110,GVJS,2025,1,60.070698,99.0,60,55
6220,622019110,GNT1S,2025,1,57.6578681,99.0,60,55
6220,622019110,GNT2S,2025,1,66.2459959,99.0,60,55
6220,622019110,GOBCNH,2025,1,60.7556304,99.0,60,55
6220,622019110,GSEBCS,2025,1,69.7766245,99.0,60,55
6220,622019110,LOPENS,2025,1,80.5595655,99.0,60,55
6220,622019110,LSCS,2025,1,49.0487536,99.0,60,55
6220,622019110,LNT2S,2025,1,69.7621466,99.0,60,55
6220,622019110,LOBCS,2025,1,65.9070599,99.0,60,55
6220,622019110,LSEBCS,2025,1,76.3286018,99.0,60,55
6220,622019110,PWDOPENS,2025,1,22.3579956,99.0,60,55
6220,622019110,DEFOPENS,2025,1,12.2161407,99.0,60,55
6220,622019110,TFWS,2025,1,79.379989,99.0,60,55
6220,622019110,EWS,2025,1,51.2488599,99.0,60,55
6220,622024210,GOPENH,2025,1,84.2510483,99.0,60,55
6220,622024210,GSCNH,2025,1,70.3402566,99.0,60,55
6220,622024210,GVJS,2025,1,73.2109713,99.0,60,55
6220,622024210,GNT1S,2025,1,68.8065641,99.0,60,55
6220,622024210,GNT2S,2025,1,83.0532651,99.0,60,55
6220,622024210,GNT3S,2025,1,69.3105802,99.0,60,55
6220,622024210,GOBCNH,2025,1,80.4944215,99.0,60,55
6220,622024210,GSEBCS,2025,1,83.1950716,99.0,60,55
6220,622024210,LOPENS,2025,1,89.2174843,99.0,60,55
6220,622024210,LSCS,2025,1,80.1708014,99.0,60,55
6220,622024210,LVJS,2025,1,76.099588,99.0,60,55
6220,622024210,LNT1S,2025,1,85.65358,99.0,60,55
6220,622024210,LNT2S,2025,1,86.3482671,99.0,60,55
6220,622024210,LNT3S,2025,1,72.3753397,99.0,60,55
6220,622024210,LOBCS,2025,1,86.3505412,99.0,60,55
6220,622024210,LSEBCS,2025,1,87.6160033,99.0,60,55
6220,622024210,DEFOPENS,2025,1,58.235114,99.0,60,55
6220,622024210,DEFOBCS,2025,1,40.4599724,99.0,60,55
6220,622024210,DEFSEBCS,2025,1,44.6087422,99.0,60,55
6220,622024210,TFWS,2025,1,88.1535836,99.0,60,55
6220,622024210,DEFRSEBCS,2025,1,47.4563898,99.0,60,55
6220,622024210,EWS,2025,1,65.1648234,99.0,60,55
6220,622029310,GOPENH,2025,1,74.8210845,99.0,60,55
6220,622029310,GSCNH,2025,1,57.4188806,99.0,60,55
6220,622029310,GVJS,2025,1,57.5392085,99.0,60,55
6220,622029310,GNT2S,2025,1,74.0786749,99.0,60,55
6220,622029310,GOBCNH,2025,1,69.8131691,99.0,60,55
6220,622029310,GSEBCS,2025,1,70.3901803,99.0,60,55
6220,622029310,LOPENS,2025,1,77.583794,99.0,60,55
6220,622029310,LSCS,2025,1,60.4816409,99.0,60,55
6220,622029310,LNT1S,2025,1,43.1094862,99.0,60,55
6220,622029310,LNT2S,2025,1,70.9482593,99.0,60,55
6220,622029310,LOBCS,2025,1,71.1120286,99.0,60,55
6220,622029310,LSEBCS,2025,1,72.5330927,99.0,60,55
6220,622029310,TFWS,2025,1,83.1707575,99.0,60,55
6220,622029310,EWS,2025,1,35.5420211,99.0,60,55
6220,622037210,GOPENH,2025,1,79.3692556,99.0,60,55
6220,622037210,GSCNH,2025,1,59.2474828,99.0,60,55
6220,622037210,GVJS,2025,1,65.9070599,99.0,60,55
6220,622037210,GNT1S,2025,1,46.9424901,99.0,60,55
6220,622037210,GNT2S,2025,1,77.2619593,99.0,60,55
6220,622037210,GNT3S,2025,1,63.5303851,99.0,60,55
6220,622037210,GOBCNH,2025,1,75.8548894,99.0,60,55
6220,622037210,GSEBCS,2025,1,78.733317,99.0,60,55
6220,622037210,LOPENS,2025,1,86.5951005,99.0,60,55
6220,622037210,LSCS,2025,1,65.1614878,99.0,60,55
6220,622037210,LVJS,2025,1,80.4293972,99.0,60,55
6220,622037210,LOBCS,2025,1,78.890785,99.0,60,55
6220,622037210,LSEBCS,2025,1,81.9712626,99.0,60,55
6220,622037210,PWDOPENS,2025,1,78.890785,99.0,60,55
6220,622037210,DEFOPENS,2025,1,55.6712077,99.0,60,55
6220,622037210,TFWS,2025,1,86.3037543,99.0,60,55
6220,622037210,EWS,2025,1,49.6322266,99.0,60,55
6220,622061210,GOPENH,2025,1,70.6987601,99.0,60,55
6220,622061210,GSCNH,2025,1,44.3215833,99.0,60,55
6220,622061210,GVJS,2025,1,12.9330578,99.0,60,55
6220,622061210,GNT1S,2025,1,49.4593034,99.0,60,55
6220,622061210,GNT2S,2025,1,66.4794206,99.0,60,55
6220,622061210,GNT3S,2025,1,63.2367632,99.0,60,55
6220,622061210,GOBCNH,2025,1,61.579051,99.0,60,55
6220,622061210,GSEBCS,2025,1,68.063194,99.0,60,55
6220,622061210,LOPENS,2025,1,71.4142775,99.0,60,55
6220,622061210,LSCS,2025,1,55.319298,99.0,60,55
6220,622061210,LNT1S,2025,1,55.6712077,99.0,60,55
6220,622061210,LNT2S,2025,1,68.0484125,99.0,60,55
6220,622061210,LOBCS,2025,1,65.1648234,99.0,60,55
6220,622061210,LSEBCS,2025,1,70.3901803,99.0,60,55
6220,622061210,TFWS,2025,1,84.3396689,99.0,60,55
6220,622061210,EWS,2025,1,7.749557,99.0,60,55
6220,622084410,GOPENH,2025,1,77.022977,99.0,60,55
6220,622084410,GSCNH,2025,1,48.5585273,99.0,60,55
6220,622084410,GNT1S,2025,1,56.5505021,99.0,60,55
6220,622084410,GNT3S,2025,1,66.7193141,99.0,60,55
6220,622084410,GOBCNH,2025,1,70.9390112,99.0,60,55
6220,622084410,GSEBCS,2025,1,76.3384255,99.0,60,55
6220,622084410,LOPENS,2025,1,81.9221888,99.0,60,55
6220,622084410,LSCS,2025,1,58.9637781,99.0,60,55
6220,622084410,LVJS,2025,1,49.4593034,99.0,60,55
6220,622084410,LNT2S,2025,1,76.5995199,99.0,60,55
6220,622084410,LOBCS,2025,1,78.975446,99.0,60,55
6220,622084410,LSEBCS,2025,1,81.5923479,99.0,60,55
6220,622084410,TFWS,2025,1,80.7004831,99.0,60,55
6220,622084410,EWS,2025,1,46.4182823,99.0,60,55
6222,622219110,GOPENH,2025,1,82.3704723,99.0,60,55
6222,622219110,GSCNH,2025,1,67.3167917,99.0,60,55
6222,622219110,GVJS,2025,1,68.5042436,99.0,60,55
6222,622219110,GNT1S,2025,1,76.6875679,99.0,60,55
6222,622219110,GNT2S,2025,1,79.4627847,99.0,60,55
6222,622219110,GOBCNH,2025,1,79.3692556,99.0,60,55
6222,622219110,GSEBCS,2025,1,80.7883659,99.0,60,55
6222,622219110,LOPENS,2025,1,83.7431799,99.0,60,55
6222,622219110,LSCS,2025,1,76.3384255,99.0,60,55
6222,622219110,LOBCS,2025,1,80.7910924,99.0,60,55
6222,622219110,LSEBCS,2025,1,83.7154638,99.0,60,55
6222,622219110,PWDOPENS,2025,1,63.003413,99.0,60,55
6222,622219110,DEFOPENS,2025,1,71.4864246,99.0,60,55
6222,622219110,TFWS,2025,1,86.5796724,99.0,60,55
6222,622219110,DEFRSEBCS,2025,1,71.4785529,99.0,60,55
6222,622219110,EWS,2025,1,77.022977,99.0,60,55
6222,622224210,GOPENH,2025,1,91.794056,99.0,60,55
6222,622224210,GSCNH,2025,1,82.9464759,99.0,60,55
6222,622224210,GVJS,2025,1,83.9561363,99.0,60,55
6222,622224210,GNT1S,2025,1,89.9552166,99.0,60,55
6222,622224210,GNT2S,2025,1,91.5582428,99.0,60,55
6222,622224210,GNT3S,2025,1,88.070986,99.0,60,55
6222,622224210,GOBCNH,2025,1,89.5593612,99.0,60,55
6222,622224210,GSEBCS,2025,1,91.4174744,99.0,60,55
6222,622224210,LOPENS,2025,1,93.0166968,99.0,60,55
6222,622224210,LSCS,2025,1,89.0615554,99.0,60,55
6222,622224210,LVJS,2025,1,78.890785,99.0,60,55
6222,622224210,LNT1S,2025,1,90.1775065,99.0,60,55
6222,622224210,LNT2S,2025,1,90.4539834,99.0,60,55
6222,622224210,LNT3S,2025,1,83.6630885,99.0,60,55
6222,622224210,LOBCS,2025,1,90.1775065,99.0,60,55
6222,622224210,LSEBCS,2025,1,92.2402421,99.0,60,55
6222,622224210,DEFOPENS,2025,1,72.8027463,99.0,60,55
6222,622224210,DEFOBCS,2025,1,61.9398096,99.0,60,55
6222,622224210,TFWS,2025,1,94.2112206,99.0,60,55
6222,622224210,EWS,2025,1,90.0843448,99.0,60,55
6222,622226310,GOPENH,2025,1,90.4512103,99.0,60,55
6222,622226310,GSCNH,2025,1,78.8724264,99.0,60,55
6222,622226310,GVJS,2025,1,84.5857013,99.0,60,55
6222,622226310,GNT1S,2025,1,80.7910924,99.0,60,55
6222,622226310,GNT2S,2025,1,88.3756645,99.0,60,55
6222,622226310,GNT3S,2025,1,82.4999118,99.0,60,55
6222,622226310,GOBCNH,2025,1,88.0866426,99.0,60,55
6222,622226310,GSEBCS,2025,1,89.2375447,99.0,60,55
6222,622226310,LOPENS,2025,1,90.3279027,99.0,60,55
6222,622226310,LSCS,2025,1,81.0159708,99.0,60,55
6222,622226310,LOBCS,2025,1,88.6611545,99.0,60,55
6222,622226310,LSEBCS,2025,1,89.8845123,99.0,60,55
6222,622226310,PWDOPENS,2025,1,48.8548541,99.0,60,55
6222,622226310,DEFOPENS,2025,1,68.6498934,99.0,60,55
6222,622226310,TFWS,2025,1,93.0166968,99.0,60,55
6222,622226310,DEFRSEBCS,2025,1,68.6254044,99.0,60,55
6222,622226310,EWS,2025,1,85.4974574,99.0,60,55
6222,622229310,GOPENH,2025,1,87.2379152,99.0,60,55
6222,622229310,GSCNH,2025,1,72.9906413,99.0,60,55
6222,622229310,GNT1S,2025,1,72.0579403,99.0,60,55
6222,622229310,GNT3S,2025,1,70.8903389,99.0,60,55
6222,622229310,GOBCNH,2025,1,84.2510483,99.0,60,55
6222,622229310,GSEBCS,2025,1,86.8005513,99.0,60,55
6222,622229310,LOPENS,2025,1,88.8464637,99.0,60,55
6222,622229310,LSCS,2025,1,83.8560469,99.0,60,55
6222,622229310,LVJS,2025,1,70.6970324,99.0,60,55
6222,622229310,LNT1S,2025,1,80.4992916,99.0,60,55
6222,622229310,LNT2S,2025,1,85.7757627,99.0,60,55
6222,622229310,LOBCS,2025,1,88.8464637,99.0,60,55
6222,622229310,LSEBCS,2025,1,73.2860799,99.0,60,55
6222,622229310,DEFOPENS,2025,1,91.4174744,99.0,60,55
6222,622229310,TFWS,2025,1,63.4757967,99.0,60,55
6222,622229310,DEFRSEBCS,2025,1,84.3183057,99.0,60,55
6222,622229310,EWS,2025,1,78.685137,99.0,60,55
6222,622237210,GOPENH,2025,1,89.1791812,99.0,60,55
6222,622237210,GSCNH,2025,1,75.242318,99.0,60,55
6222,622237210,GVJS,2025,1,63.4757967,99.0,60,55
6222,622237210,GNT1S,2025,1,79.3794141,99.0,60,55
6222,622237210,GNT2S,2025,1,87.8970321,99.0,60,55
6222,622237210,GOBCNH,2025,1,87.2248719,99.0,60,55
6222,622237210,GSEBCS,2025,1,88.1060139,99.0,60,55
6222,622237210,LOPENS,2025,1,91.1552725,99.0,60,55
6222,622237210,LSCS,2025,1,78.7121389,99.0,60,55
6222,622237210,LNT2S,2025,1,90.0134693,99.0,60,55
6222,622237210,LNT3S,2025,1,72.8488305,99.0,60,55
6222,622237210,LOBCS,2025,1,87.5726309,99.0,60,55
6222,622237210,LSEBCS,2025,1,90.1218002,99.0,60,55
6222,622237210,DEFOPENS,2025,1,74.1334872,99.0,60,55
6222,622237210,DEFOBCS,2025,1,43.2064159,99.0,60,55
6222,622237210,TFWS,2025,1,92.8362212,99.0,60,55
6222,622237210,EWS,2025,1,85.4974574,99.0,60,55
6222,622246510,GOPENH,2025,1,85.1550148,99.0,60,55
6222,622246510,GSCNH,2025,1,45.6611497,99.0,60,55
6222,622246510,GSTNH,2025,1,50.8385093,99.0,60,55
6222,622246510,GNT2S,2025,1,75.0953827,99.0,60,55
6222,622246510,GNT3S,2025,1,41.5554243,99.0,60,55
6222,622246510,GOBCNH,2025,1,80.5339227,99.0,60,55
6222,622246510,GSEBCS,2025,1,79.2630446,99.0,60,55
6222,622246510,LOPENS,2025,1,83.6630885,99.0,60,55
6222,622246510,LSCS,2025,1,64.2926156,99.0,60,55
6222,622246510,LNT1S,2025,1,61.579051,99.0,60,55
6222,622246510,LOBCS,2025,1,78.3451044,99.0,60,55
6222,622246510,TFWS,2025,1,91.1365188,99.0,60,55
6222,622246510,EWS,2025,1,76.5995199,99.0,60,55
6222,622257010,GOPENH,2025,1,88.5540762,99.0,60,55
6222,622257010,GSCNH,2025,1,78.9025471,99.0,60,55
6222,622257010,GOBCNH,2025,1,87.4133016,99.0,60,55
6222,622257010,GSEBCS,2025,1,83.7045586,99.0,60,55
6222,622257010,LOPENS,2025,1,94.5296671,99.0,60,55
6222,622257010,LSCS,2025,1,87.5726309,99.0,60,55
6222,622257010,LVJS,2025,1,89.0134148,99.0,60,55
6222,622257010,LOBCS,2025,1,92.4575883,99.0,60,55
6222,622257010,LSEBCS,2025,1,86.6048253,99.0,60,55
6222,622257010,TFWS,2025,1,88.9046689,99.0,60,55
6222,622257010,EWS,2025,1,77.937978,99.0,60,55
6222,622261210,GOPENH,2025,1,87.8970321,99.0,60,55
6222,622261210,GSCNH,2025,1,69.8418157,99.0,60,55
6222,622261210,GVJS,2025,1,77.9303712,99.0,60,55
6222,622261210,GNT1S,2025,1,72.9906413,99.0,60,55
6222,622261210,GNT2S,2025,1,85.4974574,99.0,60,55
6222,622261210,GNT3S,2025,1,78.9025471,99.0,60,55
6222,622261210,GOBCNH,2025,1,83.9283276,99.0,60,55
6222,622261210,GSEBCS,2025,1,87.3221306,99.0,60,55
6222,622261210,LOPENS,2025,1,87.265016,99.0,60,55
6222,622261210,LSCS,2025,1,85.21049,99.0,60,55
6222,622261210,LNT2S,2025,1,83.9283276,99.0,60,55
6222,622261210,LOBCS,2025,1,82.5741649,99.0,60,55
6222,622261210,LSEBCS,2025,1,86.8632708,99.0,60,55
6222,622261210,DEFOPENS,2025,1,74.6853954,99.0,60,55
6222,622261210,TFWS,2025,1,91.0668866,99.0,60,55
6222,622261210,DEFRSEBCS,2025,1,68.063194,99.0,60,55
6222,622261210,EWS,2025,1,81.2365306,99.0,60,55
6222,622288610,GOPENH,2025,1,73.3487346,99.0,60,55
6222,622288610,GSCNH,2025,1,51.8020478,99.0,60,55
6222,622288610,GSTNH,2025,1,46.9424901,99.0,60,55
6222,622288610,GVJS,2025,1,25.4578819,99.0,60,55
6222,622288610,GNT1S,2025,1,68.7336094,99.0,60,55
6222,622288610,GOBCNH,2025,1,69.8131691,99.0,60,55
6222,622288610,GSEBCS,2025,1,66.5496835,99.0,60,55
6222,622288610,LOPENS,2025,1,76.6875679,99.0,60,55
6222,622288610,LSCS,2025,1,36.6388387,99.0,60,55
6222,622288610,TFWS,2025,1,76.4503291,99.0,60,55
6222,622288610,EWS,2025,1,61.8012422,99.0,60,55
6222,622289010,GOPENH,2025,1,82.5018896,99.0,60,55
6222,622289010,GSCNH,2025,1,68.6031011,99.0,60,55
6222,622289010,GSTNH,2025,1,57.7487167,99.0,60,55
6222,622289010,GNT1S,2025,1,68.9346395,99.0,60,55
6222,622289010,GNT2S,2025,1,76.131941,99.0,60,55
6222,622289010,GNT3S,2025,1,81.4226925,99.0,60,55
6222,622289010,GOBCNH,2025,1,77.2244863,99.0,60,55
6222,622289010,GSEBCS,2025,1,74.6516923,99.0,60,55
6222,622289010,LOPENS,2025,1,92.076102,99.0,60,55
6222,622289010,LSCS,2025,1,75.6317466,99.0,60,55
6222,622289010,LVJS,2025,1,83.8524035,99.0,60,55
6222,622289010,LOBCS,2025,1,89.2375447,99.0,60,55
6222,622289010,LSEBCS,2025,1,61.3080294,99.0,60,55
6222,622289010,PWDOPENS,2025,1,90.8566407,99.0,60,55
6222,622289010,TFWS,2025,1,71.4785529,99.0,60,55
6222,622289010,EWS,2025,1,49.0212801,99.0,60,55
6222,622289610,GOPENH,2025,1,83.9283276,99.0,60,55
6222,622289610,GSCNH,2025,1,70.4097117,99.0,60,55
6222,622289610,GSTNH,2025,1,48.1265004,99.0,60,55
6222,622289610,GNT2S,2025,1,80.4293972,99.0,60,55
6222,622289610,GOBCNH,2025,1,74.9818126,99.0,60,55
6222,622289610,GSEBCS,2025,1,77.7384664,99.0,60,55
6222,622289610,LOPENS,2025,1,83.7986478,99.0,60,55
6222,622289610,LSCS,2025,1,75.6051641,99.0,60,55
6222,622289610,LNT1S,2025,1,52.1652563,99.0,60,55
6222,622289610,LNT3S,2025,1,59.950946,99.0,60,55
6222,622289610,LOBCS,2025,1,79.6966406,99.0,60,55
6222,622289610,LSEBCS,2025,1,81.2365306,99.0,60,55
6222,622289610,TFWS,2025,1,91.1552725,99.0,60,55
6222,622289610,EWS,2025,1,77.8890571,99.0,60,55
6222,622291110,GOPENH,2025,1,89.6568852,99.0,60,55
6222,622291110,GSCNH,2025,1,77.7140658,99.0,60,55
6222,622291110,GVJS,2025,1,74.5525612,99.0,60,55
6222,622291110,GNT1S,2025,1,81.6705255,99.0,60,55
6222,622291110,GNT2S,2025,1,89.2375447,99.0,60,55
6222,622291110,GNT3S,2025,1,78.0816199,99.0,60,55
6222,622291110,GOBCNH,2025,1,88.2909271,99.0,60,55
6222,622291110,GSEBCS,2025,1,88.2603909,99.0,60,55
6222,622291110,LOPENS,2025,1,90.7879085,99.0,60,55
6222,622291110,LSCS,2025,1,82.6245527,99.0,60,55
6222,622291110,LVJS,2025,1,76.6993653,99.0,60,55
6222,622291110,LNT2S,2025,1,88.8600683,99.0,60,55
6222,622291110,LOBCS,2025,1,88.245893,99.0,60,55
6222,622291110,LSEBCS,2025,1,88.986683,99.0,60,55
6222,622291110,DEFOPENS,2025,1,69.3900327,99.0,60,55
6222,622291110,TFWS,2025,1,92.8822002,99.0,60,55
6222,622291110,EWS,2025,1,85.8665128,99.0,60,55
6223,622319110,GOPENH,2025,1,70.8903389,99.0,60,55
6223,622319110,GSCNH,2025,1,60.010721,99.0,60,55
6223,622319110,GVJS,2025,1,55.7542662,99.0,60,55
6223,622319110,GNT3S,2025,1,68.6254044,99.0,60,55
6223,622319110,GOBCNH,2025,1,62.6016833,99.0,60,55
6223,622319110,GSEBCS,2025,1,61.8012422,99.0,60,55
6223,622319110,LOPENS,2025,1,76.468112,99.0,60,55
6223,622319110,LSCS,2025,1,41.153186,99.0,60,55
6223,622319110,LNT1S,2025,1,50.9743237,99.0,60,55
6223,622319110,LNT2S,2025,1,68.1448034,99.0,60,55
6223,622319110,LOBCS,2025,1,63.5901214,99.0,60,55
6223,622319110,LSEBCS,2025,1,8.051581,99.0,60,55
6223,622319110,PWDOPENS,2025,1,84.5795651,99.0,60,55
6223,622319110,TFWS,2025,1,55.3743463,99.0,60,55
6223,622319110,EWS,2025,1,69.0271267,99.0,60,55
6223,622324210,GOPENH,2025,1,84.4412567,99.0,60,55
6223,622324210,GSCNH,2025,1,75.1704646,99.0,60,55
6223,622324210,GVJS,2025,1,77.2289819,99.0,60,55
6223,622324210,GNT1S,2025,1,77.9049638,99.0,60,55
6223,622324210,GNT2S,2025,1,82.9763421,99.0,60,55
6223,622324210,GNT3S,2025,1,70.6987601,99.0,60,55
6223,622324210,GOBCNH,2025,1,81.5934486,99.0,60,55
6223,622324210,GSEBCS,2025,1,82.9464759,99.0,60,55
6223,622324210,LOPENS,2025,1,86.0314842,99.0,60,55
6223,622324210,LSCS,2025,1,81.5923479,99.0,60,55
6223,622324210,LVJS,2025,1,81.9137967,99.0,60,55
6223,622324210,LNT1S,2025,1,83.1707575,99.0,60,55
6223,622324210,LNT2S,2025,1,85.7396473,99.0,60,55
6223,622324210,LNT3S,2025,1,83.6630885,99.0,60,55
6223,622324210,LOBCS,2025,1,85.1550148,99.0,60,55
6223,622324210,LSEBCS,2025,1,85.3469357,99.0,60,55
6223,622324210,DEFOPENS,2025,1,77.741426,99.0,60,55
6223,622324210,DEFSCS,2025,1,41.153186,99.0,60,55
6223,622324210,DEFOBCS,2025,1,56.5505021,99.0,60,55
6223,622324210,TFWS,2025,1,88.7955476,99.0,60,55
6223,622324210,DEFRSEBCS,2025,1,63.2367632,99.0,60,55
6223,622324210,EWS,2025,1,75.4489132,99.0,60,55
6223,622329310,GOPENH,2025,1,71.0421393,99.0,60,55
6223,622329310,GSCNH,2025,1,50.184431,99.0,60,55
6223,622329310,GSTNH,2025,1,38.9526061,99.0,60,55
6223,622329310,GVJS,2025,1,64.1499185,99.0,60,55
6223,622329310,GNT1S,2025,1,52.8745002,99.0,60,55
6223,622329310,GNT2S,2025,1,69.3900327,99.0,60,55
6223,622329310,GNT3S,2025,1,57.8685189,99.0,60,55
6223,622329310,GOBCNH,2025,1,68.4225402,99.0,60,55
6223,622329310,GSEBCS,2025,1,69.0271267,99.0,60,55
6223,622329310,LOPENS,2025,1,73.2041877,99.0,60,55
6223,622329310,LSCS,2025,1,49.1668381,99.0,60,55
6223,622329310,LVJS,2025,1,46.0219719,99.0,60,55
6223,622329310,LOBCS,2025,1,70.3402566,99.0,60,55
6223,622329310,LSEBCS,2025,1,66.561551,99.0,60,55
6223,622329310,DEFOPENS,2025,1,47.8532423,99.0,60,55
6223,622329310,TFWS,2025,1,79.5076004,99.0,60,55
6223,622329310,EWS,2025,1,62.2946352,99.0,60,55
6223,622337210,GOPENH,2025,1,80.2313072,99.0,60,55
6223,622337210,GSCNH,2025,1,68.6498934,99.0,60,55
6223,622337210,GVJS,2025,1,75.406809,99.0,60,55
6223,622337210,GNT1S,2025,1,71.7660957,99.0,60,55
6223,622337210,GNT2S,2025,1,79.4663048,99.0,60,55
6223,622337210,GOBCNH,2025,1,78.9025471,99.0,60,55
6223,622337210,GSEBCS,2025,1,76.2591061,99.0,60,55
6223,622337210,LOPENS,2025,1,81.4271094,99.0,60,55
6223,622337210,LSCS,2025,1,74.4163823,99.0,60,55
6223,622337210,LNT2S,2025,1,76.7952218,99.0,60,55
6223,622337210,LNT3S,2025,1,80.5595655,99.0,60,55
6223,622337210,LOBCS,2025,1,80.7004831,99.0,60,55
6223,622337210,LSEBCS,2025,1,39.9867632,99.0,60,55
6223,622337210,DEFOPENS,2025,1,86.5796724,99.0,60,55
6223,622337210,TFWS,2025,1,77.7140658,99.0,60,55
6223,622337210,EWS,2025,1,60.9758938,99.0,60,55
6223,622361210,GOPENH,2025,1,70.6970324,99.0,60,55
6223,622361210,GSCNH,2025,1,54.4258624,99.0,60,55
6223,622361210,GVJS,2025,1,39.1300992,99.0,60,55
6223,622361210,GNT1S,2025,1,22.7484499,99.0,60,55
6223,622361210,GNT2S,2025,1,66.5942029,99.0,60,55
6223,622361210,GNT3S,2025,1,18.2769061,99.0,60,55
6223,622361210,GOBCNH,2025,1,63.0171253,99.0,60,55
6223,622361210,GSEBCS,2025,1,56.1183815,99.0,60,55
6223,622361210,LOPENS,2025,1,68.7336094,99.0,60,55
6223,622361210,LSCS,2025,1,51.8020478,99.0,60,55
6223,622361210,LVJS,2025,1,12.7454023,99.0,60,55
6223,622361210,LNT1S,2025,1,65.1614878,99.0,60,55
6223,622361210,LNT2S,2025,1,57.5392085,99.0,60,55
6223,622361210,LOBCS,2025,1,77.0914416,99.0,60,55
6223,622361210,LSEBCS,2025,1,56.5182885,99.0,60,55
6223,622361210,TFWS,2025,1,29.2374051,99.0,60,55
6223,622361210,EWS,2025,1,22.6197993,99.0,60,55
6223,622399510,GOPENH,2025,1,83.73706,99.0,60,55
6223,622399510,GSCNH,2025,1,72.9916849,99.0,60,55
6223,622399510,GSTNH,2025,1,23.7839084,99.0,60,55
6223,622399510,GVJS,2025,1,81.9137967,99.0,60,55
6223,622399510,GNT1S,2025,1,82.5187713,99.0,60,55
6223,622399510,GNT2S,2025,1,82.9708753,99.0,60,55
6223,622399510,GNT3S,2025,1,65.4076693,99.0,60,55
6223,622399510,GOBCNH,2025,1,81.9381769,99.0,60,55
6223,622399510,GSEBCS,2025,1,80.78157,99.0,60,55
6223,622399510,LOPENS,2025,1,87.0084871,99.0,60,55
6223,622399510,LSCS,2025,1,84.3808448,99.0,60,55
6223,622399510,LNT2S,2025,1,78.8262695,99.0,60,55
6223,622399510,LOBCS,2025,1,84.9063828,99.0,60,55
6223,622399510,LSEBCS,2025,1,85.5419841,99.0,60,55
6223,622399510,PWDOPENS,2025,1,38.2037534,99.0,60,55
6223,622399510,TFWS,2025,1,87.2593857,99.0,60,55
6223,622399510,EWS,2025,1,80.7035589,99.0,60,55
6250,625019110,GOPENH,2025,1,84.0343736,99.0,60,55
6250,625019110,GSCNH,2025,1,72.0579403,99.0,60,55
6250,625019110,GSTNH,2025,1,34.4790806,99.0,60,55
6250,625019110,GVJS,2025,1,74.8112584,99.0,60,55
6250,625019110,GNT1S,2025,1,83.1461103,99.0,60,55
6250,625019110,GNT2S,2025,1,78.8983322,99.0,60,55
6250,625019110,GNT3S,2025,1,80.9705409,99.0,60,55
6250,625019110,GOBCNH,2025,1,80.1708014,99.0,60,55
6250,625019110,GSEBCS,2025,1,82.7777778,99.0,60,55
6250,625019110,LOPENS,2025,1,85.791852,99.0,60,55
6250,625019110,LSCS,2025,1,71.9146758,99.0,60,55
6250,625019110,LVJS,2025,1,43.6823105,99.0,60,55
6250,625019110,LNT1S,2025,1,65.8087807,99.0,60,55
6250,625019110,LNT3S,2025,1,46.0219719,99.0,60,55
6250,625019110,LOBCS,2025,1,79.5076004,99.0,60,55
6250,625019110,LSEBCS,2025,1,84.4852349,99.0,60,55
6250,625019110,PWDOPENS,2025,1,37.5813241,99.0,60,55
6250,625019110,DEFOPENS,2025,1,29.2374051,99.0,60,55
6250,625019110,TFWS,2025,1,91.0387255,99.0,60,55
6250,625019110,EWS,2025,1,52.1256716,99.0,60,55
6250,625024210,GOPENH,2025,1,89.657308,99.0,60,55
6250,625024210,GSCNH,2025,1,77.583794,99.0,60,55
6250,625024210,GSTNH,2025,1,28.6606658,99.0,60,55
6250,625024210,GVJS,2025,1,83.1950716,99.0,60,55
6250,625024210,GNT1S,2025,1,82.5741649,99.0,60,55
6250,625024210,GNT2S,2025,1,87.0343086,99.0,60,55
6250,625024210,GNT3S,2025,1,84.5795651,99.0,60,55
6250,625024210,GOBCNH,2025,1,87.2248719,99.0,60,55
6250,625024210,GSEBCS,2025,1,88.7955476,99.0,60,55
6250,625024210,LOPENS,2025,1,91.4865131,99.0,60,55
6250,625024210,LSCS,2025,1,80.5595655,99.0,60,55
6250,625024210,LVJS,2025,1,76.4346337,99.0,60,55
6250,625024210,LNT1S,2025,1,80.0260591,99.0,60,55
6250,625024210,LNT2S,2025,1,89.683918,99.0,60,55
6250,625024210,LNT3S,2025,1,85.3230758,99.0,60,55
6250,625024210,LOBCS,2025,1,88.2977496,99.0,60,55
6250,625024210,LSEBCS,2025,1,89.6590708,99.0,60,55
6250,625024210,PWDOPENS,2025,1,33.1537425,99.0,60,55
6250,625024210,DEFOPENS,2025,1,68.6498934,99.0,60,55
6250,625024210,DEFSCS,2025,1,55.4743121,99.0,60,55
6250,625024210,DEFOBCS,2025,1,65.8087807,99.0,60,55
6250,625024210,DEFSEBCS,2025,1,81.6127789,99.0,60,55
6250,625024210,TFWS,2025,1,91.8375201,99.0,60,55
6250,625024210,DEFROBCS,2025,1,76.3286018,99.0,60,55
6250,625024210,DEFRSEBCS,2025,1,74.0786749,99.0,60,55
6250,625024210,EWS,2025,1,79.5691881,99.0,60,55
6250,625037210,GOPENH,2025,1,88.0941637,99.0,60,55
6250,625037210,GSCNH,2025,1,76.4503291,99.0,60,55
6250,625037210,GVJS,2025,1,87.2379152,99.0,60,55
6250,625037210,GNT1S,2025,1,78.1913582,99.0,60,55
6250,625037210,GNT2S,2025,1,83.5700884,99.0,60,55
6250,625037210,GNT3S,2025,1,81.2737812,99.0,60,55
6250,625037210,GOBCNH,2025,1,86.5743412,99.0,60,55
6250,625037210,GSEBCS,2025,1,87.8605935,99.0,60,55
6250,625037210,LOPENS,2025,1,89.4962236,99.0,60,55
6250,625037210,LSCS,2025,1,76.973775,99.0,60,55
6250,625037210,LVJS,2025,1,72.3814647,99.0,60,55
6250,625037210,LNT1S,2025,1,70.9482593,99.0,60,55
6250,625037210,LNT3S,2025,1,62.9339383,99.0,60,55
6250,625037210,LOBCS,2025,1,88.7592898,99.0,60,55
6250,625037210,LSEBCS,2025,1,88.7955476,99.0,60,55
6250,625037210,DEFOPENS,2025,1,68.6717464,99.0,60,55
6250,625037210,DEFOBCS,2025,1,63.9535342,99.0,60,55
6250,625037210,TFWS,2025,1,91.4124337,99.0,60,55
6250,625037210,EWS,2025,1,79.9864621,99.0,60,55
6250,625050710,GOPENH,2025,1,82.1388599,99.0,60,55
6250,625050710,GSCNH,2025,1,70.6970324,99.0,60,55
6250,625050710,GNT1S,2025,1,81.1271398,99.0,60,55
6250,625050710,GNT2S,2025,1,81.2365306,99.0,60,55
6250,625050710,GNT3S,2025,1,70.0706138,99.0,60,55
6250,625050710,GOBCNH,2025,1,76.973775,99.0,60,55
6250,625050710,GSEBCS,2025,1,80.1708014,99.0,60,55
6250,625050710,LOPENS,2025,1,85.2566749,99.0,60,55
6250,625050710,LSCS,2025,1,70.9390112,99.0,60,55
6250,625050710,LNT2S,2025,1,59.5017065,99.0,60,55
6250,625050710,LOBCS,2025,1,82.190886,99.0,60,55
6250,625050710,LSEBCS,2025,1,84.4790806,99.0,60,55
6250,625050710,PWDOPENS,2025,1,29.2374051,99.0,60,55
6250,625050710,DEFOPENS,2025,1,32.4939862,99.0,60,55
6250,625050710,TFWS,2025,1,85.9891185,99.0,60,55
6250,625050710,DEFROBCS,2025,1,57.8274425,99.0,60,55
6250,625050710,EWS,2025,1,71.1120286,99.0,60,55
6250,625061210,GOPENH,2025,1,87.4609239,99.0,60,55
6250,625061210,GSCNH,2025,1,72.5330927,99.0,60,55
6250,625061210,GVJS,2025,1,77.741426,99.0,60,55
6250,625061210,GNT1S,2025,1,84.2401501,99.0,60,55
6250,625061210,GNT2S,2025,1,82.4780187,99.0,60,55
6250,625061210,GNT3S,2025,1,82.9464759,99.0,60,55
6250,625061210,GOBCNH,2025,1,82.4850758,99.0,60,55
6250,625061210,GSEBCS,2025,1,86.8832732,99.0,60,55
6250,625061210,LOPENS,2025,1,85.2824124,99.0,60,55
6250,625061210,LSCS,2025,1,72.9916849,99.0,60,55
6250,625061210,LSTS,2025,1,17.200127,99.0,60,55
6250,625061210,LVJS,2025,1,56.5580532,99.0,60,55
6250,625061210,LNT1S,2025,1,67.3538592,99.0,60,55
6250,625061210,LNT2S,2025,1,79.6966406,99.0,60,55
6250,625061210,LOBCS,2025,1,79.3766715,99.0,60,55
6250,625061210,LSEBCS,2025,1,84.3786315,99.0,60,55
6250,625061210,DEFOPENS,2025,1,74.0786749,99.0,60,55
6250,625061210,DEFOBCS,2025,1,13.9341445,99.0,60,55
6250,625061210,TFWS,2025,1,89.9001306,99.0,60,55
6250,625061210,EWS,2025,1,71.1330463,99.0,60,55
6250,625091110,GOPENH,2025,1,88.8293119,99.0,60,55
6250,625091110,GSCNH,2025,1,77.741426,99.0,60,55
6250,625091110,GSTNH,2025,1,45.8934793,99.0,60,55
6250,625091110,GVJS,2025,1,80.5383458,99.0,60,55
6250,625091110,GNT1S,2025,1,83.769652,99.0,60,55
6250,625091110,GNT2S,2025,1,84.5795651,99.0,60,55
6250,625091110,GNT3S,2025,1,81.9137967,99.0,60,55
6250,625091110,GOBCNH,2025,1,86.2660493,99.0,60,55
6250,625091110,GSEBCS,2025,1,88.525902,99.0,60,55
6250,625091110,LOPENS,2025,1,89.3655049,99.0,60,55
6250,625091110,LSCS,2025,1,79.6966406,99.0,60,55
6250,625091110,LVJS,2025,1,84.539834,99.0,60,55
6250,625091110,LNT1S,2025,1,80.7883659,99.0,60,55
6250,625091110,LNT2S,2025,1,85.791852,99.0,60,55
6250,625091110,LNT3S,2025,1,79.6966406,99.0,60,55
6250,625091110,LOBCS,2025,1,86.560206,99.0,60,55
6250,625091110,LSEBCS,2025,1,88.8686273,99.0,60,55
6250,625091110,PWDOPENS,2025,1,17.200127,99.0,60,55
6250,625091110,DEFOPENS,2025,1,81.5934486,99.0,60,55
6250,625091110,DEFOBCS,2025,1,71.1330463,99.0,60,55
6250,625091110,DEFSEBCS,2025,1,86.099446,99.0,60,55
6250,625091110,TFWS,2025,1,91.8567404,99.0,60,55
6250,625091110,DEFRSEBCS,2025,1,80.0260591,99.0,60,55
6250,625091110,EWS,2025,1,78.699881,99.0,60,55
6250,625091210,GOPENH,2025,1,86.8832732,99.0,60,55
6250,625091210,GSCNH,2025,1,73.6510161,99.0,60,55
6250,625091210,GVJS,2025,1,77.937978,99.0,60,55
6250,625091210,GNT1S,2025,1,78.699881,99.0,60,55
6250,625091210,GNT2S,2025,1,83.8560469,99.0,60,55
6250,625091210,GNT3S,2025,1,80.3167508,99.0,60,55
6250,625091210,GOBCNH,2025,1,84.3786315,99.0,60,55
6250,625091210,GSEBCS,2025,1,86.6485431,99.0,60,55
6250,625091210,LOPENS,2025,1,87.5957229,99.0,60,55
6250,625091210,LSCS,2025,1,76.2591061,99.0,60,55
6250,625091210,LVJS,2025,1,73.6510161,99.0,60,55
6250,625091210,LNT1S,2025,1,74.5525612,99.0,60,55
6250,625091210,LNT2S,2025,1,84.4547028,99.0,60,55
6250,625091210,LNT3S,2025,1,80.2298047,99.0,60,55
6250,625091210,LOBCS,2025,1,85.0853734,99.0,60,55
6250,625091210,LSEBCS,2025,1,87.4609239,99.0,60,55
6250,625091210,PWDOPENS,2025,1,40.7074872,99.0,60,55
6250,625091210,DEFOPENS,2025,1,67.967082,99.0,60,55
6250,625091210,DEFSEBCS,2025,1,61.9042106,99.0,60,55
6250,625091210,TFWS,2025,1,88.5427828,99.0,60,55
6250,625091210,DEFRSEBCS,2025,1,67.967082,99.0,60,55
6250,625091210,EWS,2025,1,74.75684,99.0,60,55
6265,626519110,GOPENH,2025,1,81.9314642,99.0,60,55
6265,626519110,LOPENS,2025,1,82.7777778,99.0,60,55
6265,626519110,TFWS,2025,1,1.7581888,99.0,60,55
6265,626524210,GOPENH,2025,1,92.4858168,99.0,60,55
6265,626524210,LOPENS,2025,1,93.8402527,99.0,60,55
6265,626524210,TFWS,2025,1,74.8210845,99.0,60,55
6265,626524610,GOPENH,2025,1,89.9742931,99.0,60,55
6265,626524610,LOPENS,2025,1,90.0621118,99.0,60,55
6265,626524610,TFWS,2025,1,58.4294088,99.0,60,55
6265,626537210,GOPENH,2025,1,88.2603909,99.0,60,55
6265,626537210,LOPENS,2025,1,88.5024155,99.0,60,55
6265,626537210,TFWS,2025,1,51.0139791,99.0,60,55
6265,626561510,GOPENH,2025,1,83.6630885,99.0,60,55
6265,626561510,LOPENS,2025,1,85.2824124,99.0,60,55
6265,626561510,TFWS,2025,1,44.7174641,99.0,60,55
6265,626584410,GOPENH,2025,1,87.7305257,99.0,60,55
6265,626584410,LOPENS,2025,1,87.9627325,99.0,60,55
6265,626584410,TFWS,2025,1,49.6322266,99.0,60,55
6265,626592110,GOPENH,2025,1,90.9203835,99.0,60,55
6265,626592110,LOPENS,2025,1,91.2331407,99.0,60,55
6265,626592110,TFWS,2025,1,65.8087807,99.0,60,55
6267,626708210,GOPENH,2025,1,98.0763412,99.0,60,55
6267,626708210,GSCNH,2025,1,95.1163181,99.0,60,55
6267,626708210,GSTNH,2025,1,84.9301439,99.0,60,55
6267,626708210,GVJS,2025,1,96.1397138,99.0,60,55
6267,626708210,GNT1S,2025,1,94.4145686,99.0,60,55
6267,626708210,GNT2S,2025,1,97.6389289,99.0,60,55
6267,626708210,GNT3S,2025,1,97.4523347,99.0,60,55
6267,626708210,GOBCNH,2025,1,96.6212014,99.0,60,55
6267,626708210,GSEBCS,2025,1,96.0141354,99.0,60,55
6267,626708210,LOPENS,2025,1,98.7094583,99.0,60,55
6267,626708210,LSCS,2025,1,97.1576653,99.0,60,55
6267,626708210,LSTS,2025,1,90.2435998,99.0,60,55
6267,626708210,LVJS,2025,1,95.3203803,99.0,60,55
6267,626708210,LNT2S,2025,1,98.2905983,99.0,60,55
6267,626708210,LOBCS,2025,1,97.6389289,99.0,60,55
6267,626708210,LSEBCS,2025,1,98.0773207,99.0,60,55
6267,626708210,PWDOPENS,2025,1,58.1049237,99.0,60,55
6267,626708210,DEFOPENS,2025,1,97.7348652,99.0,60,55
6267,626708210,DEFSCS,2025,1,70.3670082,99.0,60,55
6267,626708210,DEFOBCS,2025,1,97.4823267,99.0,60,55
6267,626708210,TFWS,2025,1,98.5861926,99.0,60,55
6267,626708210,EWS,2025,1,92.6864382,99.0,60,55
6267,626719110,GOPENH,2025,1,90.3096903,99.0,60,55
6267,626719110,GSCNH,2025,1,82.9464759,99.0,60,55
6267,626719110,GSTNH,2025,1,43.578754,99.0,60,55
6267,626719110,GVJS,2025,1,85.8665128,99.0,60,55
6267,626719110,GNT1S,2025,1,88.4177906,99.0,60,55
6267,626719110,GNT2S,2025,1,89.4256012,99.0,60,55
6267,626719110,GNT3S,2025,1,81.3089554,99.0,60,55
6267,626719110,GOBCNH,2025,1,87.8873794,99.0,60,55
6267,626719110,GSEBCS,2025,1,89.4256012,99.0,60,55
6267,626719110,LOPENS,2025,1,90.9144237,99.0,60,55
6267,626719110,LSCS,2025,1,82.9708753,99.0,60,55
6267,626719110,LNT1S,2025,1,89.451403,99.0,60,55
6267,626719110,LNT2S,2025,1,88.9649575,99.0,60,55
6267,626719110,LNT3S,2025,1,79.379989,99.0,60,55
6267,626719110,LOBCS,2025,1,90.3271341,99.0,60,55
6267,626719110,LSEBCS,2025,1,90.0963693,99.0,60,55
6267,626719110,PWDOPENS,2025,1,47.8532423,99.0,60,55
6267,626719110,DEFOPENS,2025,1,80.5595655,99.0,60,55
6267,626719110,DEFSCS,2025,1,72.9906413,99.0,60,55
6267,626719110,DEFOBCS,2025,1,65.1614878,99.0,60,55
6267,626719110,TFWS,2025,1,92.2153383,99.0,60,55
6267,626719110,EWS,2025,1,77.937978,99.0,60,55
6267,626724210,GOPENH,2025,1,96.0954149,99.0,60,55
6267,626724210,GSCNH,2025,1,89.5432094,99.0,60,55
6267,626724210,GSTNH,2025,1,12.0650457,99.0,60,55
6267,626724210,GVJS,2025,1,89.4554822,99.0,60,55
6267,626724210,GNT1S,2025,1,93.3993174,99.0,60,55
6267,626724210,GNT2S,2025,1,95.1577916,99.0,60,55
6267,626724210,GNT3S,2025,1,93.48002,99.0,60,55
6267,626724210,GOBCNH,2025,1,95.2882188,99.0,60,55
6267,626724210,GSEBCS,2025,1,95.9511018,99.0,60,55
6267,626724210,LOPENS,2025,1,96.7090158,99.0,60,55
6267,626724210,LSCS,2025,1,90.0963693,99.0,60,55
6267,626724210,LVJS,2025,1,90.5491967,99.0,60,55
6267,626724210,LNT1S,2025,1,91.3672693,99.0,60,55
6267,626724210,LNT2S,2025,1,96.5336351,99.0,60,55
6267,626724210,LOBCS,2025,1,95.6991467,99.0,60,55
6267,626724210,LSEBCS,2025,1,96.3008972,99.0,60,55
6267,626724210,PWDOPENS,2025,1,72.3753397,99.0,60,55
6267,626724210,DEFOPENS,2025,1,18.015086,99.0,60,55
6267,626724210,DEFSCS,2025,1,74.9818126,99.0,60,55
6267,626724210,DEFOBCS,2025,1,90.866765,99.0,60,55
6267,626724210,DEFSEBCS,2025,1,92.9443952,99.0,60,55
6267,626724210,TFWS,2025,1,98.3571807,99.0,60,55
6267,626724210,DEFRSEBCS,2025,1,93.4464908,99.0,60,55
6267,626724210,EWS,2025,1,92.9781315,99.0,60,55
6267,626726210,GOPENH,2025,1,93.4202865,99.0,60,55
6267,626726210,GSCNH,2025,1,84.0343736,99.0,60,55
6267,626726210,GSTNH,2025,1,40.4581492,99.0,60,55
6267,626726210,GVJS,2025,1,86.7003307,99.0,60,55
6267,626726210,GNT1S,2025,1,89.9552166,99.0,60,55
6267,626726210,GNT2S,2025,1,92.2609198,99.0,60,55
6267,626726210,GNT3S,2025,1,91.1552725,99.0,60,55
6267,626726210,GOBCNH,2025,1,92.7160749,99.0,60,55
6267,626726210,GSEBCS,2025,1,92.9781315,99.0,60,55
6267,626726210,LOPENS,2025,1,93.9486424,99.0,60,55
6267,626726210,LSCS,2025,1,85.9241674,99.0,60,55
6267,626726210,LVJS,2025,1,80.7055032,99.0,60,55
6267,626726210,LNT1S,2025,1,88.1060139,99.0,60,55
6267,626726210,LNT2S,2025,1,92.5129597,99.0,60,55
6267,626726210,LNT3S,2025,1,90.5209194,99.0,60,55
6267,626726210,LOBCS,2025,1,93.0647215,99.0,60,55
6267,626726210,LSEBCS,2025,1,93.887286,99.0,60,55
6267,626726210,DEFOPENS,2025,1,87.6160033,99.0,60,55
6267,626726210,DEFOBCS,2025,1,66.1911263,99.0,60,55
6267,626726210,DEFSEBCS,2025,1,82.3704723,99.0,60,55
6267,626726210,TFWS,2025,1,94.5074586,99.0,60,55
6267,626726210,DEFRSEBCS,2025,1,81.2737812,99.0,60,55
6267,626726210,EWS,2025,1,87.73995,99.0,60,55
6267,626729310,GOPENH,2025,1,91.5582428,99.0,60,55
6267,626729310,GSCNH,2025,1,82.3454058,99.0,60,55
6267,626729310,GSTNH,2025,1,68.6717464,99.0,60,55
6267,626729310,GVJS,2025,1,88.8632429,99.0,60,55
6267,626729310,GNT1S,2025,1,88.0315567,99.0,60,55
6267,626729310,GNT2S,2025,1,89.6934787,99.0,60,55
6267,626729310,GOBCNH,2025,1,89.8845123,99.0,60,55
6267,626729310,GSEBCS,2025,1,91.1552725,99.0,60,55
6267,626729310,LOPENS,2025,1,92.5689146,99.0,60,55
6267,626729310,LSCS,2025,1,83.2071736,99.0,60,55
6267,626729310,LVJS,2025,1,78.9956692,99.0,60,55
6267,626729310,LNT2S,2025,1,89.935711,99.0,60,55
6267,626729310,LNT3S,2025,1,91.0668866,99.0,60,55
6267,626729310,LOBCS,2025,1,90.9200385,99.0,60,55
6267,626729310,LSEBCS,2025,1,92.119419,99.0,60,55
6267,626729310,DEFOPENS,2025,1,85.8665128,99.0,60,55
6267,626729310,DEFOBCS,2025,1,50.5512969,99.0,60,55
6267,626729310,TFWS,2025,1,93.4464908,99.0,60,55
6267,626729310,EWS,2025,1,84.1149833,99.0,60,55
6267,626737210,GOPENH,2025,1,94.3676533,99.0,60,55
6267,626737210,GSCNH,2025,1,83.9990684,99.0,60,55
6267,626737210,GVJS,2025,1,87.1247638,99.0,60,55
6267,626737210,GNT1S,2025,1,89.3655049,99.0,60,55
6267,626737210,GNT2S,2025,1,92.4480361,99.0,60,55
6267,626737210,GNT3S,2025,1,88.9649575,99.0,60,55
6267,626737210,GOBCNH,2025,1,93.169136,99.0,60,55
6267,626737210,GSEBCS,2025,1,93.7445639,99.0,60,55
6267,626737210,LOPENS,2025,1,95.3026007,99.0,60,55
6267,626737210,LSCS,2025,1,82.9247643,99.0,60,55
6267,626737210,LVJS,2025,1,76.973775,99.0,60,55
6267,626737210,LNT1S,2025,1,90.2371528,99.0,60,55
6267,626737210,LNT2S,2025,1,92.5341543,99.0,60,55
6267,626737210,LOBCS,2025,1,93.442623,99.0,60,55
6267,626737210,LSEBCS,2025,1,94.9146711,99.0,60,55
6267,626737210,DEFOPENS,2025,1,85.3469357,99.0,60,55
6267,626737210,DEFOBCS,2025,1,65.6313822,99.0,60,55
6267,626737210,TFWS,2025,1,95.647381,99.0,60,55
6267,626737210,EWS,2025,1,90.2925429,99.0,60,55
6267,626761210,GOPENH,2025,1,91.6272372,99.0,60,55
6267,626761210,GSCNH,2025,1,80.2462012,99.0,60,55
6267,626761210,GVJS,2025,1,79.9422744,99.0,60,55
6267,626761210,GNT1S,2025,1,87.5237763,99.0,60,55
6267,626761210,GNT2S,2025,1,87.8873794,99.0,60,55
6267,626761210,GNT3S,2025,1,87.9735649,99.0,60,55
6267,626761210,GOBCNH,2025,1,89.5272602,99.0,60,55
6267,626761210,GSEBCS,2025,1,90.966814,99.0,60,55
6267,626761210,LOPENS,2025,1,90.1262916,99.0,60,55
6267,626761210,LSCS,2025,1,74.1899324,99.0,60,55
6267,626761210,LVJS,2025,1,72.5793422,99.0,60,55
6267,626761210,LNT1S,2025,1,79.8369603,99.0,60,55
6267,626761210,LNT2S,2025,1,89.5272602,99.0,60,55
6267,626761210,LNT3S,2025,1,75.4489132,99.0,60,55
6267,626761210,LOBCS,2025,1,85.9241674,99.0,60,55
6267,626761210,LSEBCS,2025,1,89.621821,99.0,60,55
6267,626761210,DEFOPENS,2025,1,85.6770225,99.0,60,55
6267,626761210,DEFOBCS,2025,1,76.7952218,99.0,60,55
6267,626761210,DEFSEBCS,2025,1,78.0816199,99.0,60,55
6267,626761210,TFWS,2025,1,94.2112206,99.0,60,55
6267,626761210,DEFROBCS,2025,1,80.78157,99.0,60,55
6267,626761210,EWS,2025,1,83.1821207,99.0,60,55
6267,626791110,GOPENH,2025,1,94.9430074,99.0,60,55
6267,626791110,GSCNH,2025,1,87.265016,99.0,60,55
6267,626791110,GSTNH,2025,1,21.1739609,99.0,60,55
6267,626791110,GVJS,2025,1,88.8293119,99.0,60,55
6267,626791110,GNT1S,2025,1,89.5522919,99.0,60,55
6267,626791110,GNT2S,2025,1,93.6831704,99.0,60,55
6267,626791110,GNT3S,2025,1,92.5664772,99.0,60,55
6267,626791110,GOBCNH,2025,1,93.8417347,99.0,60,55
6267,626791110,GSEBCS,2025,1,94.6694641,99.0,60,55
6267,626791110,LOPENS,2025,1,95.4954605,99.0,60,55
6267,626791110,LSCS,2025,1,87.8970321,99.0,60,55
6267,626791110,LVJS,2025,1,92.1628997,99.0,60,55
6267,626791110,LNT2S,2025,1,93.7616003,99.0,60,55
6267,626791110,LOBCS,2025,1,93.9889579,99.0,60,55
6267,626791110,LSEBCS,2025,1,95.1740567,99.0,60,55
6267,626791110,DEFOPENS,2025,1,91.0982881,99.0,60,55
6267,626791110,DEFSCS,2025,1,71.7660957,99.0,60,55
6267,626791110,DEFOBCS,2025,1,87.7305257,99.0,60,55
6267,626791110,DEFSEBCS,2025,1,89.2375447,99.0,60,55
6267,626791110,TFWS,2025,1,96.1393231,99.0,60,55
6267,626791110,DEFRSEBCS,2025,1,89.2174843,99.0,60,55
6267,626791110,EWS,2025,1,90.8211878,99.0,60,55
6267,626792210,GOPENH,2025,1,85.4732337,99.0,60,55
6267,626792210,GSCNH,2025,1,71.0421393,99.0,60,55
6267,626792210,GVJS,2025,1,82.1648735,99.0,60,55
6267,626792210,GOBCNH,2025,1,82.9459739,99.0,60,55
6267,626792210,GSEBCS,2025,1,84.4651484,99.0,60,55
6267,626792210,LOPENS,2025,1,88.1968791,99.0,60,55
6267,626792210,LSCS,2025,1,69.8131691,99.0,60,55
6267,626792210,LNT1S,2025,1,68.0484125,99.0,60,55
6267,626792210,LNT2S,2025,1,80.7055032,99.0,60,55
6267,626792210,LNT3S,2025,1,73.9721817,99.0,60,55
6267,626792210,LOBCS,2025,1,83.7030299,99.0,60,55
6267,626792210,LSEBCS,2025,1,87.468285,99.0,60,55
6267,626792210,DEFOPENS,2025,1,83.0532651,99.0,60,55
6267,626792210,TFWS,2025,1,87.3221306,99.0,60,55
6267,626792210,DEFRSEBCS,2025,1,60.5539527,99.0,60,55
6267,626792210,EWS,2025,1,72.1871837,99.0,60,55
6268,626819110,GOPENH,2025,1,75.0953827,99.0,60,55
6268,626819110,GSCNH,2025,1,43.6823105,99.0,60,55
6268,626819110,GVJS,2025,1,41.7129534,99.0,60,55
6268,626819110,GNT1S,2025,1,19.9880898,99.0,60,55
6268,626819110,GNT2S,2025,1,69.8506426,99.0,60,55
6268,626819110,GNT3S,2025,1,40.4599724,99.0,60,55
6268,626819110,GOBCNH,2025,1,65.4837825,99.0,60,55
6268,626819110,GSEBCS,2025,1,73.9721817,99.0,60,55
6268,626819110,LOPENS,2025,1,78.9956692,99.0,60,55
6268,626819110,LSCS,2025,1,30.1917921,99.0,60,55
6268,626819110,LVJS,2025,1,77.3511663,99.0,60,55
6268,626819110,LNT1S,2025,1,70.9482593,99.0,60,55
6268,626819110,LNT2S,2025,1,76.6993653,99.0,60,55
6268,626819110,LOBCS,2025,1,61.5912113,99.0,60,55
6268,626819110,LSEBCS,2025,1,83.7045586,99.0,60,55
6268,626819110,DEFOPENS,2025,1,34.0437095,99.0,60,55
6268,626819110,TFWS,2025,1,39.9385666,99.0,60,55
6268,626819110,EWS,2025,1,12.6034251,99.0,60,55
6268,626824210,GOPENH,2025,1,83.2810347,99.0,60,55
6268,626824210,GSCNH,2025,1,59.2474828,99.0,60,55
6268,626824210,GVJS,2025,1,64.2198294,99.0,60,55
6268,626824210,GNT1S,2025,1,68.6498934,99.0,60,55
6268,626824210,GNT2S,2025,1,80.5339227,99.0,60,55
6268,626824210,GNT3S,2025,1,68.7336094,99.0,60,55
6268,626824210,GOBCNH,2025,1,78.3451044,99.0,60,55
6268,626824210,GSEBCS,2025,1,82.3454058,99.0,60,55
6268,626824210,LOPENS,2025,1,85.3230758,99.0,60,55
6268,626824210,LSCS,2025,1,64.087617,99.0,60,55
6268,626824210,LVJS,2025,1,72.5022286,99.0,60,55
6268,626824210,LNT1S,2025,1,68.9346395,99.0,60,55
6268,626824210,LNT2S,2025,1,81.4993122,99.0,60,55
6268,626824210,LNT3S,2025,1,71.4377156,99.0,60,55
6268,626824210,LOBCS,2025,1,81.4993122,99.0,60,55
6268,626824210,LSEBCS,2025,1,84.4852349,99.0,60,55
6268,626824210,DEFOPENS,2025,1,52.9701068,99.0,60,55
6268,626824210,DEFSEBCS,2025,1,78.975446,99.0,60,55
6268,626824210,TFWS,2025,1,85.7757627,99.0,60,55
6268,626824210,DEFRSEBCS,2025,1,73.7754477,99.0,60,55
6268,626824210,EWS,2025,1,54.4258624,99.0,60,55
6268,626825210,GOPENH,2025,1,75.2153333,99.0,60,55
6268,626825210,GSCNH,2025,1,50.8920685,99.0,60,55
6268,626825210,GVJS,2025,1,73.9021728,99.0,60,55
6268,626825210,GNT1S,2025,1,46.4182823,99.0,60,55
6268,626825210,GNT2S,2025,1,67.458483,99.0,60,55
6268,626825210,GNT3S,2025,1,57.5477401,99.0,60,55
6268,626825210,GOBCNH,2025,1,70.3901803,99.0,60,55
6268,626825210,GSEBCS,2025,1,73.676029,99.0,60,55
6268,626825210,LOPENS,2025,1,77.022977,99.0,60,55
6268,626825210,LSCS,2025,1,58.4294088,99.0,60,55
6268,626825210,LVJS,2025,1,46.7838981,99.0,60,55
6268,626825210,LNT1S,2025,1,69.4641016,99.0,60,55
6268,626825210,LNT2S,2025,1,72.9916849,99.0,60,55
6268,626825210,LOBCS,2025,1,76.3286018,99.0,60,55
6268,626825210,LSEBCS,2025,1,12.7454023,99.0,60,55
6268,626825210,DEFOPENS,2025,1,76.4346337,99.0,60,55
6268,626825210,TFWS,2025,1,27.9569892,99.0,60,55
6268,626825210,EWS,2025,1,60.070698,99.0,60,55
6268,626826210,GOPENH,2025,1,72.6740126,99.0,60,55
6268,626826210,GSCNH,2025,1,12.9330578,99.0,60,55
6268,626826210,GVJS,2025,1,11.1849689,99.0,60,55
6268,626826210,GNT1S,2025,1,20.3272741,99.0,60,55
6268,626826210,GNT2S,2025,1,63.003413,99.0,60,55
6268,626826210,GNT3S,2025,1,62.965955,99.0,60,55
6268,626826210,GOBCNH,2025,1,68.1448034,99.0,60,55
6268,626826210,GSEBCS,2025,1,69.4641016,99.0,60,55
6268,626826210,LOPENS,2025,1,78.685137,99.0,60,55
6268,626826210,LSCS,2025,1,30.647462,99.0,60,55
6268,626826210,LVJS,2025,1,25.8331579,99.0,60,55
6268,626826210,LNT1S,2025,1,66.1911263,99.0,60,55
6268,626826210,LNT2S,2025,1,65.3107562,99.0,60,55
6268,626826210,LNT3S,2025,1,74.5525612,99.0,60,55
6268,626826210,LOBCS,2025,1,76.468112,99.0,60,55
6268,626826210,LSEBCS,2025,1,66.0913492,99.0,60,55
6268,626826210,DEFOPENS,2025,1,77.9049638,99.0,60,55
6268,626826210,TFWS,2025,1,18.3316683,99.0,60,55
6268,626826210,EWS,2025,1,15.1259327,99.0,60,55
6268,626829310,GOPENH,2025,1,78.4082225,99.0,60,55
6268,626829310,GSCNH,2025,1,49.0487536,99.0,60,55
6268,626829310,GVJS,2025,1,45.6611497,99.0,60,55
6268,626829310,GNT2S,2025,1,77.7384664,99.0,60,55
6268,626829310,GOBCNH,2025,1,73.262321,99.0,60,55
6268,626829310,GSEBCS,2025,1,78.1913582,99.0,60,55
6268,626829310,LOPENS,2025,1,81.9275869,99.0,60,55
6268,626829310,LSCS,2025,1,68.063194,99.0,60,55
6268,626829310,LVJS,2025,1,60.4816409,99.0,60,55
6268,626829310,LNT1S,2025,1,52.7016685,99.0,60,55
6268,626829310,LNT3S,2025,1,70.9482593,99.0,60,55
6268,626829310,LOBCS,2025,1,80.1708014,99.0,60,55
6268,626829310,LSEBCS,2025,1,80.1749582,99.0,60,55
6268,626829310,DEFOPENS,2025,1,83.9283276,99.0,60,55
6268,626829310,TFWS,2025,1,19.7268589,99.0,60,55
6268,626829310,DEFRSEBCS,2025,1,7.8036355,99.0,60,55
6268,626829310,EWS,2025,1,59.2124434,99.0,60,55
6268,626837210,GOPENH,2025,1,81.9275869,99.0,60,55
6268,626837210,GSCNH,2025,1,58.4294088,99.0,60,55
6268,626837210,GVJS,2025,1,57.8685189,99.0,60,55
6268,626837210,GNT1S,2025,1,62.8284912,99.0,60,55
6268,626837210,GNT2S,2025,1,78.733317,99.0,60,55
6268,626837210,GNT3S,2025,1,58.1924692,99.0,60,55
6268,626837210,GOBCNH,2025,1,76.1726079,99.0,60,55
6268,626837210,GSEBCS,2025,1,81.4993122,99.0,60,55
6268,626837210,LOPENS,2025,1,83.2810347,99.0,60,55
6268,626837210,LSCS,2025,1,52.8745002,99.0,60,55
6268,626837210,LVJS,2025,1,19.5229257,99.0,60,55
6268,626837210,LNT2S,2025,1,82.3704723,99.0,60,55
6268,626837210,LOBCS,2025,1,77.9303712,99.0,60,55
6268,626837210,LSEBCS,2025,1,82.9459739,99.0,60,55
6268,626837210,DEFOPENS,2025,1,47.7548586,99.0,60,55
6268,626837210,TFWS,2025,1,84.5857013,99.0,60,55
6268,626837210,EWS,2025,1,40.5616465,99.0,60,55
6268,626850710,GOPENH,2025,1,82.9708753,99.0,60,55
6268,626850710,GSCNH,2025,1,40.4162412,99.0,60,55
6268,626850710,GVJS,2025,1,25.432546,99.0,60,55
6268,626850710,GNT2S,2025,1,68.0484125,99.0,60,55
6268,626850710,GOBCNH,2025,1,72.4223602,99.0,60,55
6268,626850710,GSEBCS,2025,1,80.4293972,99.0,60,55
6268,626850710,LOPENS,2025,1,85.129786,99.0,60,55
6268,626850710,LSCS,2025,1,49.2473035,99.0,60,55
6268,626850710,LNT1S,2025,1,65.9070599,99.0,60,55
6268,626850710,LNT2S,2025,1,75.9743237,99.0,60,55
6268,626850710,LOBCS,2025,1,75.8548894,99.0,60,55
6268,626850710,LSEBCS,2025,1,83.5707404,99.0,60,55
6268,626850710,PWDOPENS,2025,1,78.7121389,99.0,60,55
6268,626850710,DEFOPENS,2025,1,66.2459959,99.0,60,55
6268,626850710,TFWS,2025,1,92.1611438,99.0,60,55
6268,626850710,DEFRSEBCS,2025,1,62.5282864,99.0,60,55
6268,626850710,EWS,2025,1,61.9042106,99.0,60,55
6268,626861210,GOPENH,2025,1,77.550585,99.0,60,55
6268,626861210,GSCNH,2025,1,43.578754,99.0,60,55
6268,626861210,GVJS,2025,1,41.3533547,99.0,60,55
6268,626861210,GNT1S,2025,1,61.2830506,99.0,60,55
6268,626861210,GNT2S,2025,1,69.3105802,99.0,60,55
6268,626861210,GNT3S,2025,1,34.1022162,99.0,60,55
6268,626861210,GOBCNH,2025,1,68.6031011,99.0,60,55
6268,626861210,GSEBCS,2025,1,75.6051641,99.0,60,55
6268,626861210,LOPENS,2025,1,72.5022286,99.0,60,55
6268,626861210,LSCS,2025,1,6.103771,99.0,60,55
6268,626861210,LVJS,2025,1,53.1999725,99.0,60,55
6268,626861210,LNT1S,2025,1,60.4816409,99.0,60,55
6268,626861210,LNT2S,2025,1,68.063194,99.0,60,55
6268,626861210,LOBCS,2025,1,71.7660957,99.0,60,55
6268,626861210,LSEBCS,2025,1,37.5813241,99.0,60,55
6268,626861210,DEFOPENS,2025,1,79.5076004,99.0,60,55
6268,626861210,DEFSEBCS,2025,1,83.8560469,99.0,60,55
6268,626861210,TFWS,2025,1,66.5496835,99.0,60,55
6268,626861210,DEFRSEBCS,2025,1,38.726658,99.0,60,55
6268,626861210,EWS,2025,1,38.0740533,99.0,60,55
6269,626919110,GOPENH,2025,1,60.1814551,99.0,60,55
6269,626919110,GSCNH,2025,1,28.3220209,99.0,60,55
6269,626919110,GVJS,2025,1,41.1906024,99.0,60,55
6269,626919110,GNT2S,2025,1,53.1039032,99.0,60,55
6269,626919110,GOBCNH,2025,1,49.2473035,99.0,60,55
6269,626919110,GSEBCS,2025,1,53.864934,99.0,60,55
6269,626919110,LOPENS,2025,1,57.5392085,99.0,60,55
6269,626919110,LSCS,2025,1,45.6611497,99.0,60,55
6269,626919110,LVJS,2025,1,41.1906024,99.0,60,55
6269,626919110,LNT2S,2025,1,48.8664194,99.0,60,55
6269,626919110,LOBCS,2025,1,54.9733848,99.0,60,55
6269,626919110,LSEBCS,2025,1,63.4876968,99.0,60,55
6269,626919110,TFWS,2025,1,30.9042114,99.0,60,55
6269,626919110,EWS,2025,1,31.8317161,99.0,60,55
6269,626924210,GOPENH,2025,1,69.8418157,99.0,60,55
6269,626924210,GSCNH,2025,1,2.0794666,99.0,60,55
6269,626924210,GVJS,2025,1,41.0952232,99.0,60,55
6269,626924210,GNT1S,2025,1,48.8548541,99.0,60,55
6269,626924210,GNT2S,2025,1,68.9346395,99.0,60,55
6269,626924210,GNT3S,2025,1,66.3432235,99.0,60,55
6269,626924210,GOBCNH,2025,1,54.2626684,99.0,60,55
6269,626924210,GSEBCS,2025,1,68.0484125,99.0,60,55
6269,626924210,LOPENS,2025,1,77.9049638,99.0,60,55
6269,626924210,LSCS,2025,1,38.215662,99.0,60,55
6269,626924210,LVJS,2025,1,15.6344619,99.0,60,55
6269,626924210,LNT1S,2025,1,52.9701068,99.0,60,55
6269,626924210,LNT2S,2025,1,77.7384664,99.0,60,55
6269,626924210,LNT3S,2025,1,1.5593621,99.0,60,55
6269,626924210,LOBCS,2025,1,64.4305882,99.0,60,55
6269,626924210,LSEBCS,2025,1,74.112751,99.0,60,55
6269,626924210,TFWS,2025,1,78.975446,99.0,60,55
6269,626924210,EWS,2025,1,25.6909658,99.0,60,55
6269,626937210,GOPENH,2025,1,68.6031011,99.0,60,55
6269,626937210,GSCNH,2025,1,7.3823833,99.0,60,55
6269,626937210,GNT1S,2025,1,43.6669107,99.0,60,55
6269,626937210,GNT2S,2025,1,63.552865,99.0,60,55
6269,626937210,GOBCNH,2025,1,54.873582,99.0,60,55
6269,626937210,GSEBCS,2025,1,66.3432235,99.0,60,55
6269,626937210,LOPENS,2025,1,76.973775,99.0,60,55
6269,626937210,LSCS,2025,1,34.2796407,99.0,60,55
6269,626937210,LOBCS,2025,1,69.8506426,99.0,60,55
6269,626937210,LSEBCS,2025,1,74.7351841,99.0,60,55
6269,626937210,DEFOPENS,2025,1,58.3262891,99.0,60,55
6269,626937210,TFWS,2025,1,76.3286018,99.0,60,55
6269,626937210,EWS,2025,1,41.7943409,99.0,60,55
6269,626946410,GOPENH,2025,1,52.1652563,99.0,60,55
6269,626946410,GSCNH,2025,1,28.9974428,99.0,60,55
6269,626946410,GOBCNH,2025,1,27.9569892,99.0,60,55
6269,626946410,GSEBCS,2025,1,41.153186,99.0,60,55
6269,626946410,LOPENS,2025,1,20.9233553,99.0,60,55
6269,626946410,LNT2S,2025,1,63.9535342,99.0,60,55
6269,626946410,LSEBCS,2025,1,23.5136803,99.0,60,55
6269,626946410,TFWS,2025,1,26.6925382,99.0,60,55
6269,626950710,GOPENH,2025,1,63.2367632,99.0,60,55
6269,626950710,GSCNH,2025,1,48.1265004,99.0,60,55
6269,626950710,GNT2S,2025,1,44.1937857,99.0,60,55
6269,626950710,GOBCNH,2025,1,34.7115718,99.0,60,55
6269,626950710,GSEBCS,2025,1,52.8745002,99.0,60,55
6269,626950710,LOPENS,2025,1,44.6087422,99.0,60,55
6269,626950710,LNT1S,2025,1,28.3220209,99.0,60,55
6269,626950710,LOBCS,2025,1,32.4603175,99.0,60,55
6269,626950710,LSEBCS,2025,1,77.2143105,99.0,60,55
6269,626950710,TFWS,2025,1,28.3220209,99.0,60,55
6269,626950710,EWS,2025,1,61.2510322,99.0,60,55
6269,626961210,GOPENH,2025,1,62.4995214,99.0,60,55
6269,626961210,GSCNH,2025,1,41.153186,99.0,60,55
6269,626961210,GVJS,2025,1,47.0872596,99.0,60,55
6269,626961210,GNT2S,2025,1,47.8398896,99.0,60,55
6269,626961210,GNT3S,2025,1,49.8699585,99.0,60,55
6269,626961210,GOBCNH,2025,1,41.5554243,99.0,60,55
6269,626961210,GSEBCS,2025,1,57.5477401,99.0,60,55
6269,626961210,LOPENS,2025,1,64.5293156,99.0,60,55
6269,626961210,LNT1S,2025,1,62.6016833,99.0,60,55
6269,626961210,LNT2S,2025,1,40.4162412,99.0,60,55
6269,626961210,LOBCS,2025,1,58.4262318,99.0,60,55
6269,626961210,LSEBCS,2025,1,13.510622,99.0,60,55
6269,626961210,DEFOPENS,2025,1,65.4076693,99.0,60,55
6269,626961210,TFWS,2025,1,13.510622,99.0,60,55
6269,626961210,EWS,2025,1,45.4941917,99.0,60,55
6269,626990010,GOPENH,2025,1,27.9000459,99.0,60,55
6269,626990010,GSCNH,2025,1,20.9880869,99.0,60,55
6269,626990010,GNT2S,2025,1,12.394569,99.0,60,55
6269,626990010,GSEBCS,2025,1,9.3099208,99.0,60,55
6269,626990010,LOPENS,2025,1,54.2626684,99.0,60,55
6269,626990010,LNT2S,2025,1,44.6087422,99.0,60,55
6269,626990010,LOBCS,2025,1,36.6414088,99.0,60,55
6269,626990010,LSEBCS,2025,1,49.3545528,99.0,60,55
6269,626990010,TFWS,2025,1,44.1521083,99.0,60,55
6269,626990010,EWS,2025,1,18.2420021,99.0,60,55
6269,626992510,GOPENH,2025,1,71.7660957,99.0,60,55
6269,626992510,GSCNH,2025,1,41.153186,99.0,60,55
6269,626992510,GVJS,2025,1,53.1999725,99.0,60,55
6269,626992510,GNT3S,2025,1,48.1318449,99.0,60,55
6269,626992510,GOBCNH,2025,1,55.4914407,99.0,60,55
6269,626992510,GSEBCS,2025,1,68.6717464,99.0,60,55
6269,626992510,LOPENS,2025,1,77.2619593,99.0,60,55
6269,626992510,LSCS,2025,1,71.4142775,99.0,60,55
6269,626992510,LNT1S,2025,1,60.5118338,99.0,60,55
6269,626992510,LNT2S,2025,1,54.1426021,99.0,60,55
6269,626992510,LOBCS,2025,1,60.070698,99.0,60,55
6269,626992510,LSEBCS,2025,1,75.2331528,99.0,60,55
6269,626992510,TFWS,2025,1,76.3324995,99.0,60,55
6269,626992510,EWS,2025,1,21.5368309,99.0,60,55
6269,626992610,GOPENH,2025,1,43.6823105,99.0,60,55
6269,626992610,GSCNH,2025,1,39.8653069,99.0,60,55
6269,626992610,GNT1S,2025,1,7.223771,99.0,60,55
6269,626992610,GNT2S,2025,1,9.4708811,99.0,60,55
6269,626992610,GOBCNH,2025,1,31.2469386,99.0,60,55
6269,626992610,GSEBCS,2025,1,40.4599724,99.0,60,55
6269,626992610,LOPENS,2025,1,60.9758938,99.0,60,55
6269,626992610,LSCS,2025,1,20.4040793,99.0,60,55
6269,626992610,LNT3S,2025,1,49.6322266,99.0,60,55
6269,626992610,LOBCS,2025,1,55.7277177,99.0,60,55
6269,626992610,LSEBCS,2025,1,49.4593034,99.0,60,55
6269,626992610,TFWS,2025,1,38.215662,99.0,60,55
6269,626992610,EWS,2025,1,51.4221759,99.0,60,55
6270,627019110,GOPENH,2025,1,72.1871837,99.0,60,55
6270,627019110,GSCNH,2025,1,36.6414088,99.0,60,55
6270,627019110,GVJS,2025,1,18.3316683,99.0,60,55
6270,627019110,GNT1S,2025,1,64.1499185,99.0,60,55
6270,627019110,GNT2S,2025,1,70.3901803,99.0,60,55
6270,627019110,GNT3S,2025,1,31.6249855,99.0,60,55
6270,627019110,GOBCNH,2025,1,53.1039032,99.0,60,55
6270,627019110,GSEBCS,2025,1,66.4794206,99.0,60,55
6270,627019110,LOPENS,2025,1,69.0271267,99.0,60,55
6270,627019110,LSCS,2025,1,68.7336094,99.0,60,55
6270,627019110,LVJS,2025,1,42.1633326,99.0,60,55
6270,627019110,LNT2S,2025,1,62.6016833,99.0,60,55
6270,627019110,LOBCS,2025,1,36.7116245,99.0,60,55
6270,627019110,LSEBCS,2025,1,76.5995199,99.0,60,55
6270,627019110,DEFOPENS,2025,1,37.5813241,99.0,60,55
6270,627019110,TFWS,2025,1,3.3604779,99.0,60,55
6270,627019110,EWS,2025,1,61.579051,99.0,60,55
6270,627024210,GOPENH,2025,1,75.1704646,99.0,60,55
6270,627024210,GSCNH,2025,1,40.4681495,99.0,60,55
6270,627024210,GVJS,2025,1,22.8294494,99.0,60,55
6270,627024210,GNT1S,2025,1,49.3545528,99.0,60,55
6270,627024210,GNT2S,2025,1,68.58833,99.0,60,55
6270,627024210,GNT3S,2025,1,63.003413,99.0,60,55
6270,627024210,GOBCNH,2025,1,61.8012422,99.0,60,55
6270,627024210,GSEBCS,2025,1,74.1334872,99.0,60,55
6270,627024210,LOPENS,2025,1,83.73706,99.0,60,55
6270,627024210,LSCS,2025,1,48.8548541,99.0,60,55
6270,627024210,LVJS,2025,1,16.6253199,99.0,60,55
6270,627024210,LNT1S,2025,1,50.5512969,99.0,60,55
6270,627024210,LNT2S,2025,1,78.0816199,99.0,60,55
6270,627024210,LNT3S,2025,1,68.2993965,99.0,60,55
6270,627024210,LOBCS,2025,1,73.9021728,99.0,60,55
6270,627024210,LSEBCS,2025,1,82.4592501,99.0,60,55
6270,627024210,DEFOPENS,2025,1,54.7674174,99.0,60,55
6270,627024210,TFWS,2025,1,86.2020083,99.0,60,55
6270,627024210,EWS,2025,1,46.9424901,99.0,60,55
6270,627037210,GOPENH,2025,1,74.9818126,99.0,60,55
6270,627037210,GSCNH,2025,1,44.3667268,99.0,60,55
6270,627037210,GVJS,2025,1,57.8274425,99.0,60,55
6270,627037210,GNT1S,2025,1,37.1881218,99.0,60,55
6270,627037210,GNT2S,2025,1,68.9346395,99.0,60,55
6270,627037210,GOBCNH,2025,1,66.5496835,99.0,60,55
6270,627037210,GSEBCS,2025,1,74.1334872,99.0,60,55
6270,627037210,LOPENS,2025,1,77.7384664,99.0,60,55
6270,627037210,LSCS,2025,1,32.5248195,99.0,60,55
6270,627037210,LNT2S,2025,1,68.9409579,99.0,60,55
6270,627037210,LOBCS,2025,1,76.5995199,99.0,60,55
6270,627037210,LSEBCS,2025,1,77.2143105,99.0,60,55
6270,627037210,DEFOPENS,2025,1,47.8532423,99.0,60,55
6270,627037210,TFWS,2025,1,89.683918,99.0,60,55
6270,627037210,EWS,2025,1,23.9884494,99.0,60,55
6270,627061210,GOPENH,2025,1,73.2041877,99.0,60,55
6270,627061210,GSCNH,2025,1,28.9974428,99.0,60,55
6270,627061210,GVJS,2025,1,22.0653604,99.0,60,55
6270,627061210,GNT1S,2025,1,56.5580532,99.0,60,55
6270,627061210,GNT2S,2025,1,72.6740126,99.0,60,55
6270,627061210,GOBCNH,2025,1,58.1324148,99.0,60,55
6270,627061210,GSEBCS,2025,1,72.9249982,99.0,60,55
6270,627061210,LOPENS,2025,1,69.1748413,99.0,60,55
6270,627061210,LSCS,2025,1,13.9341445,99.0,60,55
6270,627061210,LNT2S,2025,1,59.0801845,99.0,60,55
6270,627061210,LNT3S,2025,1,52.7200757,99.0,60,55
6270,627061210,LOBCS,2025,1,63.2367632,99.0,60,55
6270,627061210,LSEBCS,2025,1,67.500481,99.0,60,55
6270,627061210,DEFOPENS,2025,1,84.0342981,99.0,60,55
6270,627061210,TFWS,2025,1,55.319298,99.0,60,55
6270,627061210,DEFRSEBCS,2025,1,53.864934,99.0,60,55
6270,627061210,EWS,2025,1,59.950946,99.0,60,55
6270,627099510,GOPENH,2025,1,72.9916849,99.0,60,55
6270,627099510,GSCNH,2025,1,47.8219396,99.0,60,55
6270,627099510,GVJS,2025,1,40.6688911,99.0,60,55
6270,627099510,GNT1S,2025,1,59.8130199,99.0,60,55
6270,627099510,GNT2S,2025,1,66.8147184,99.0,60,55
6270,627099510,GNT3S,2025,1,55.7277177,99.0,60,55
6270,627099510,GOBCNH,2025,1,62.3077731,99.0,60,55
6270,627099510,GSEBCS,2025,1,71.7660957,99.0,60,55
6270,627099510,LOPENS,2025,1,82.7018873,99.0,60,55
6270,627099510,LSCS,2025,1,61.7346759,99.0,60,55
6270,627099510,LVJS,2025,1,62.6016833,99.0,60,55
6270,627099510,LNT1S,2025,1,65.9070599,99.0,60,55
6270,627099510,LNT2S,2025,1,68.6031011,99.0,60,55
6270,627099510,LOBCS,2025,1,69.7766245,99.0,60,55
6270,627099510,LSEBCS,2025,1,79.6966406,99.0,60,55
6270,627099510,DEFOPENS,2025,1,70.8903389,99.0,60,55
6270,627099510,DEFOBCS,2025,1,56.4419991,99.0,60,55
6270,627099510,TFWS,2025,1,83.6630885,99.0,60,55
6270,627099510,EWS,2025,1,60.1814551,99.0,60,55
6271,627124510,GOPENH,2025,1,99.7857034,99.0,60,55
6271,627124510,GSCNH,2025,1,98.366571,99.0,60,55
6271,627124510,GSTNH,2025,1,94.1781526,99.0,60,55
6271,627124510,GVJS,2025,1,99.3168292,99.0,60,55
6271,627124510,GNT1S,2025,1,99.4772864,99.0,60,55
6271,627124510,GNT2S,2025,1,99.3469444,99.0,60,55
6271,627124510,GNT3S,2025,1,99.6348123,99.0,60,55
6271,627124510,GOBCNH,2025,1,99.7190687,99.0,60,55
6271,627124510,GSEBCS,2025,1,99.6711217,99.0,60,55
6271,627124510,LOPENS,2025,1,99.7321533,99.0,60,55
6271,627124510,LSCS,2025,1,97.9153809,99.0,60,55
6271,627124510,LSTS,2025,1,93.620848,99.0,60,55
6271,627124510,LVJS,2025,1,98.6222068,99.0,60,55
6271,627124510,LNT1S,2025,1,99.6249809,99.0,60,55
6271,627124510,LNT2S,2025,1,99.3245604,99.0,60,55
6271,627124510,LNT3S,2025,1,99.3139932,99.0,60,55
6271,627124510,LOBCS,2025,1,99.591217,99.0,60,55
6271,627124510,LSEBCS,2025,1,99.5497069,99.0,60,55
6271,627124510,PWDOPENS,2025,1,95.2431067,99.0,60,55
6271,627124510,PWDSCS,2025,1,81.4271094,99.0,60,55
6271,627124510,PWDOBCS,2025,1,92.67182,99.0,60,55
6271,627124510,PWDSEBCS,2025,1,94.4750524,99.0,60,55
6271,627124510,DEFOPENS,2025,1,84.9063828,99.0,60,55
6271,627124510,DEFSCS,2025,1,93.1944731,99.0,60,55
6271,627124510,DEFOBCS,2025,1,71.4377156,99.0,60,55
6271,627124510,DEFSEBCS,2025,1,70.4097117,99.0,60,55
6271,627124510,TFWS,2025,1,99.797209,99.0,60,55
6271,627124510,PWDROBCS,2025,1,94.5016522,99.0,60,55
6271,627124510,DEFROBCS,2025,1,83.73706,99.0,60,55
6271,627124610,GOPENH,2025,1,99.6791809,99.0,60,55
6271,627124610,GSCNH,2025,1,97.9716801,99.0,60,55
6271,627124610,GSTNH,2025,1,92.1611438,99.0,60,55
6271,627124610,GVJS,2025,1,98.5817805,99.0,60,55
6271,627124610,GNT1S,2025,1,99.335246,99.0,60,55
6271,627124610,GNT2S,2025,1,99.1888167,99.0,60,55
6271,627124610,GNT3S,2025,1,99.5185695,99.0,60,55
6271,627124610,GOBCNH,2025,1,99.6009661,99.0,60,55
6271,627124610,GSEBCS,2025,1,99.5767918,99.0,60,55
6271,627124610,LOPENS,2025,1,99.5460666,99.0,60,55
6271,627124610,LSCS,2025,1,97.2067626,99.0,60,55
6271,627124610,LSTS,2025,1,90.8013388,99.0,60,55
6271,627124610,LVJS,2025,1,97.9857027,99.0,60,55
6271,627124610,LNT1S,2025,1,98.9010239,99.0,60,55
6271,627124610,LNT2S,2025,1,98.8107514,99.0,60,55
6271,627124610,LNT3S,2025,1,99.1739298,99.0,60,55
6271,627124610,LOBCS,2025,1,99.4643752,99.0,60,55
6271,627124610,LSEBCS,2025,1,99.3988671,99.0,60,55
6271,627124610,PWDOPENS,2025,1,92.8132001,99.0,60,55
6271,627124610,PWDSCS,2025,1,77.540946,99.0,60,55
6271,627124610,PWDOBCS,2025,1,89.5592458,99.0,60,55
6271,627124610,PWDSEBCS,2025,1,92.6363457,99.0,60,55
6271,627124610,DEFOPENS,2025,1,62.5282864,99.0,60,55
6271,627124610,DEFSCS,2025,1,91.2158031,99.0,60,55
6271,627124610,DEFOBCS,2025,1,99.2754384,99.0,60,55
6271,627124610,DEFSEBCS,2025,1,99.1945392,99.0,60,55
6271,627124610,TFWS,2025,1,99.6624505,99.0,60,55
6271,627124610,PWDROBCS,2025,1,92.6489748,99.0,60,55
6271,627124610,DEFRSEBCS,2025,1,99.0178953,99.0,60,55
6271,627126310,GOPENH,2025,1,99.762088,99.0,60,55
6271,627126310,GSCNH,2025,1,98.2533366,99.0,60,55
6271,627126310,GSTNH,2025,1,94.772118,99.0,60,55
6271,627126310,GVJS,2025,1,99.1583618,99.0,60,55
6271,627126310,GNT1S,2025,1,99.1326609,99.0,60,55
6271,627126310,GNT2S,2025,1,99.4701349,99.0,60,55
6271,627126310,GNT3S,2025,1,99.3569495,99.0,60,55
6271,627126310,GOBCNH,2025,1,99.6783704,99.0,60,55
6271,627126310,GSEBCS,2025,1,99.6517679,99.0,60,55
6271,627126310,LOPENS,2025,1,99.7268706,99.0,60,55
6271,627126310,LSCS,2025,1,97.628377,99.0,60,55
6271,627126310,LSTS,2025,1,92.5267651,99.0,60,55
6271,627126310,LOBCS,2025,1,99.5198831,99.0,60,55
6271,627126310,LSEBCS,2025,1,99.5268463,99.0,60,55
6271,627126310,PWDOPENS,2025,1,93.233135,99.0,60,55
6271,627126310,DEFOPENS,2025,1,89.2478098,99.0,60,55
6271,627126310,TFWS,2025,1,99.7368975,99.0,60,55
6271,627126310,PWDRSEBCS,2025,1,90.5979613,99.0,60,55
6271,627126310,DEFROBCS,2025,1,54.4258624,99.0,60,55
6271,627126310,EWS,2025,1,99.1997549,99.0,60,55
6271,627137210,GOPENH,2025,1,99.4478951,99.0,60,55
6271,627137210,GSCNH,2025,1,97.1023891,99.0,60,55
6271,627137210,GSTNH,2025,1,87.2636301,99.0,60,55
6271,627137210,GVJS,2025,1,97.406218,99.0,60,55
6271,627137210,GNT1S,2025,1,98.4278063,99.0,60,55
6271,627137210,GNT2S,2025,1,98.7055937,99.0,60,55
6271,627137210,GNT3S,2025,1,99.0970568,99.0,60,55
6271,627137210,GOBCNH,2025,1,99.3264576,99.0,60,55
6271,627137210,GSEBCS,2025,1,99.1918414,99.0,60,55
6271,627137210,LOPENS,2025,1,99.1627842,99.0,60,55
6271,627137210,LSCS,2025,1,96.0954149,99.0,60,55
6271,627137210,LSTS,2025,1,87.2248719,99.0,60,55
6271,627137210,LVJS,2025,1,97.1376091,99.0,60,55
6271,627137210,LNT1S,2025,1,96.94069,99.0,60,55
6271,627137210,LNT2S,2025,1,98.0628957,99.0,60,55
6271,627137210,LNT3S,2025,1,98.8054787,99.0,60,55
6271,627137210,LOBCS,2025,1,98.8016073,99.0,60,55
6271,627137210,LSEBCS,2025,1,98.9525497,99.0,60,55
6271,627137210,PWDOPENS,2025,1,87.2593857,99.0,60,55
6271,627137210,PWDSCS,2025,1,69.3105802,99.0,60,55
6271,627137210,PWDOBCS,2025,1,81.2187812,99.0,60,55
6271,627137210,PWDSEBCS,2025,1,69.8303637,99.0,60,55
6271,627137210,DEFOPENS,2025,1,98.4154992,99.0,60,55
6271,627137210,DEFSCS,2025,1,90.1398917,99.0,60,55
6271,627137210,DEFOBCS,2025,1,97.0317477,99.0,60,55
6271,627137210,DEFSEBCS,2025,1,98.0683302,99.0,60,55
6271,627137210,TFWS,2025,1,99.3229467,99.0,60,55
6271,627137210,PWDROBCS,2025,1,84.4412567,99.0,60,55
6271,627137210,DEFRNT2S,2025,1,98.2894535,99.0,60,55
6271,627137210,EWS,2025,1,91.512485,99.0,60,55
6271,627184410,GOPENH,2025,1,99.5885253,99.0,60,55
6271,627184410,GSCNH,2025,1,97.3130965,99.0,60,55
6271,627184410,GSTNH,2025,1,91.1365188,99.0,60,55
6271,627184410,GNT2S,2025,1,98.8054787,99.0,60,55
6271,627184410,GNT3S,2025,1,99.2710498,99.0,60,55
6271,627184410,GOBCNH,2025,1,99.5185695,99.0,60,55
6271,627184410,GSEBCS,2025,1,99.3979391,99.0,60,55
6271,627184410,LOPENS,2025,1,99.4246825,99.0,60,55
6271,627184410,LSCS,2025,1,96.996587,99.0,60,55
6271,627184410,LSTS,2025,1,87.1731352,99.0,60,55
6271,627184410,LVJS,2025,1,96.5917775,99.0,60,55
6271,627184410,LNT1S,2025,1,97.0949449,99.0,60,55
6271,627184410,LOBCS,2025,1,99.2693873,99.0,60,55
6271,627184410,LSEBCS,2025,1,99.3029676,99.0,60,55
6271,627184410,PWDOPENS,2025,1,85.239357,99.0,60,55
6271,627184410,DEFOPENS,2025,1,99.0024152,99.0,60,55
6271,627184410,TFWS,2025,1,99.5053877,99.0,60,55
6271,627184410,BCS,2025,1,83.9283276,99.0,60,55
6271,627184410,DEFRSEBCS,2025,1,98.7393034,99.0,60,55
6271,627184410,EWS,2025,1,98.9795918,99.0,60,55
6272,627219110,GOPENH,2025,1,94.7952218,99.0,60,55
6272,627219110,GSCNH,2025,1,87.5957229,99.0,60,55
6272,627219110,GSTNH,2025,1,75.4489132,99.0,60,55
6272,627219110,GVJS,2025,1,92.1628997,99.0,60,55
6272,627219110,GNT1S,2025,1,93.1261047,99.0,60,55
6272,627219110,GNT2S,2025,1,94.3676533,99.0,60,55
6272,627219110,GNT3S,2025,1,93.442623,99.0,60,55
6272,627219110,GOBCNH,2025,1,93.757466,99.0,60,55
6272,627219110,GSEBCS,2025,1,93.442623,99.0,60,55
6272,627219110,LOPENS,2025,1,94.5733788,99.0,60,55
6272,627219110,LSCS,2025,1,87.0343086,99.0,60,55
6272,627219110,LSTS,2025,1,56.5182885,99.0,60,55
6272,627219110,LNT2S,2025,1,93.1255955,99.0,60,55
6272,627219110,LNT3S,2025,1,91.1518015,99.0,60,55
6272,627219110,LOBCS,2025,1,92.8576339,99.0,60,55
6272,627219110,LSEBCS,2025,1,93.894198,99.0,60,55
6272,627219110,PWDOPENS,2025,1,57.8274425,99.0,60,55
6272,627219110,PWDOBCS,2025,1,47.8219396,99.0,60,55
6272,627219110,DEFOPENS,2025,1,90.1262916,99.0,60,55
6272,627219110,DEFSCS,2025,1,49.1097752,99.0,60,55
6272,627219110,DEFOBCS,2025,1,87.3937627,99.0,60,55
6272,627219110,TFWS,2025,1,95.101416,99.0,60,55
6272,627219110,EWS,2025,1,86.8632708,99.0,60,55
6272,627221910,GOPENH,2025,1,97.0945243,99.0,60,55
6272,627221910,GSCNH,2025,1,93.0166968,99.0,60,55
6272,627221910,GSTNH,2025,1,72.8027463,99.0,60,55
6272,627221910,GNT2S,2025,1,95.3082494,99.0,60,55
6272,627221910,GOBCNH,2025,1,96.5870307,99.0,60,55
6272,627221910,GSEBCS,2025,1,96.4373935,99.0,60,55
6272,627221910,LOPENS,2025,1,96.9031415,99.0,60,55
6272,627221910,LSCS,2025,1,90.5209194,99.0,60,55
6272,627221910,LVJS,2025,1,90.1398917,99.0,60,55
6272,627221910,LNT1S,2025,1,92.5689146,99.0,60,55
6272,627221910,LOBCS,2025,1,96.2975699,99.0,60,55
6272,627221910,LSEBCS,2025,1,96.7149758,99.0,60,55
6272,627221910,PWDOPENS,2025,1,43.2614932,99.0,60,55
6272,627221910,DEFOPENS,2025,1,91.6451799,99.0,60,55
6272,627221910,TFWS,2025,1,96.9378727,99.0,60,55
6272,627221910,DEFRSEBCS,2025,1,90.0830242,99.0,60,55
6272,627221910,EWS,2025,1,93.169136,99.0,60,55
6272,627224510,GOPENH,2025,1,98.1281926,99.0,60,55
6272,627224510,GSCNH,2025,1,94.775364,99.0,60,55
6272,627224510,GSTNH,2025,1,80.78157,99.0,60,55
6272,627224510,GVJS,2025,1,95.3140382,99.0,60,55
6272,627224510,GNT1S,2025,1,97.2076054,99.0,60,55
6272,627224510,GNT2S,2025,1,97.5517964,99.0,60,55
6272,627224510,GNT3S,2025,1,97.7942456,99.0,60,55
6272,627224510,GOBCNH,2025,1,97.9857027,99.0,60,55
6272,627224510,GSEBCS,2025,1,97.8998215,99.0,60,55
6272,627224510,LOPENS,2025,1,97.8063117,99.0,60,55
6272,627224510,LSCS,2025,1,93.9788054,99.0,60,55
6272,627224510,LSTS,2025,1,78.4082225,99.0,60,55
6272,627224510,LVJS,2025,1,93.8884805,99.0,60,55
6272,627224510,LNT1S,2025,1,95.9447134,99.0,60,55
6272,627224510,LNT2S,2025,1,96.996587,99.0,60,55
6272,627224510,LNT3S,2025,1,97.0946979,99.0,60,55
6272,627224510,LOBCS,2025,1,97.6794304,99.0,60,55
6272,627224510,LSEBCS,2025,1,97.5517964,99.0,60,55
6272,627224510,PWDOPENS,2025,1,67.2460619,99.0,60,55
6272,627224510,PWDOBCS,2025,1,64.1240022,99.0,60,55
6272,627224510,DEFOPENS,2025,1,95.1449191,99.0,60,55
6272,627224510,DEFSCS,2025,1,85.0803043,99.0,60,55
6272,627224510,DEFOBCS,2025,1,94.8860653,99.0,60,55
6272,627224510,DEFSEBCS,2025,1,96.1774744,99.0,60,55
6272,627224510,TFWS,2025,1,98.4131253,99.0,60,55
6272,627224510,PWDROBCS,2025,1,61.2510322,99.0,60,55
6272,627224510,DEFRSEBCS,2025,1,94.7805374,99.0,60,55
6272,627224510,EWS,2025,1,96.3017082,99.0,60,55
6272,627224610,GOPENH,2025,1,97.8438084,99.0,60,55
6272,627224610,GSCNH,2025,1,93.8402527,99.0,60,55
6272,627224610,GSTNH,2025,1,76.2668468,99.0,60,55
6272,627224610,GVJS,2025,1,95.060689,99.0,60,55
6272,627224610,GNT1S,2025,1,96.8875086,99.0,60,55
6272,627224610,GNT2S,2025,1,97.4499655,99.0,60,55
6272,627224610,GNT3S,2025,1,97.6103268,99.0,60,55
6272,627224610,GOBCNH,2025,1,97.7948817,99.0,60,55
6272,627224610,GSEBCS,2025,1,97.6978518,99.0,60,55
6272,627224610,LOPENS,2025,1,97.5302943,99.0,60,55
6272,627224610,LSCS,2025,1,93.1341297,99.0,60,55
6272,627224610,LSTS,2025,1,67.1207715,99.0,60,55
6272,627224610,LVJS,2025,1,93.4491576,99.0,60,55
6272,627224610,LNT2S,2025,1,96.1046695,99.0,60,55
6272,627224610,LOBCS,2025,1,97.4729104,99.0,60,55
6272,627224610,LSEBCS,2025,1,97.3253913,99.0,60,55
6272,627224610,PWDOPENS,2025,1,61.2510322,99.0,60,55
6272,627224610,PWDOBCS,2025,1,45.1152324,99.0,60,55
6272,627224610,DEFOPENS,2025,1,94.2691204,99.0,60,55
6272,627224610,DEFSCS,2025,1,79.0728986,99.0,60,55
6272,627224610,DEFOBCS,2025,1,94.5733788,99.0,60,55
6272,627224610,DEFSEBCS,2025,1,93.7445639,99.0,60,55
6272,627224610,TFWS,2025,1,98.1483638,99.0,60,55
6272,627224610,PWDRNT1S,2025,1,59.7703364,99.0,60,55
6272,627224610,DEFROBCS,2025,1,94.2038061,99.0,60,55
6272,627224610,EWS,2025,1,47.4563898,99.0,60,55
6272,627237210,GOPENH,2025,1,97.225256,99.0,60,55
6272,627237210,GSCNH,2025,1,93.158138,99.0,60,55
6272,627237210,GSTNH,2025,1,69.8418157,99.0,60,55
6272,627237210,GVJS,2025,1,93.0779848,99.0,60,55
6272,627237210,GNT1S,2025,1,95.6826425,99.0,60,55
6272,627237210,GNT2S,2025,1,96.5565559,99.0,60,55
6272,627237210,GNT3S,2025,1,96.9103584,99.0,60,55
6272,627237210,GOBCNH,2025,1,96.9615697,99.0,60,55
6272,627237210,GSEBCS,2025,1,97.0317477,99.0,60,55
6272,627237210,LOPENS,2025,1,97.1376091,99.0,60,55
6272,627237210,LSCS,2025,1,91.7989964,99.0,60,55
6272,627237210,LSTS,2025,1,61.7346759,99.0,60,55
6272,627237210,LVJS,2025,1,92.5341543,99.0,60,55
6272,627237210,LNT1S,2025,1,93.620848,99.0,60,55
6272,627237210,LNT2S,2025,1,95.5945285,99.0,60,55
6272,627237210,LNT3S,2025,1,95.647381,99.0,60,55
6272,627237210,LOBCS,2025,1,97.023932,99.0,60,55
6272,627237210,LSEBCS,2025,1,96.9615697,99.0,60,55
6272,627237210,PWDOPENS,2025,1,39.8653069,99.0,60,55
6272,627237210,PWDOBCS,2025,1,27.5667492,99.0,60,55
6272,627237210,DEFOPENS,2025,1,93.3993174,99.0,60,55
6272,627237210,DEFSCS,2025,1,71.4864246,99.0,60,55
6272,627237210,DEFOBCS,2025,1,92.9026198,99.0,60,55
6272,627237210,DEFSEBCS,2025,1,92.2148897,99.0,60,55
6272,627237210,TFWS,2025,1,97.624379,99.0,60,55
6272,627237210,PWDROBCS,2025,1,35.508346,99.0,60,55
6272,627237210,DEFROBCS,2025,1,92.7372014,99.0,60,55
6272,627237210,EWS,2025,1,94.6756384,99.0,60,55
6272,627246610,GOPENH,2025,1,94.416807,99.0,60,55
6272,627246610,GSCNH,2025,1,87.468285,99.0,60,55
6272,627246610,GSTNH,2025,1,24.78221,99.0,60,55
6272,627246610,GVJS,2025,1,85.129786,99.0,60,55
6272,627246610,GNT2S,2025,1,93.1341297,99.0,60,55
6272,627246610,GNT3S,2025,1,93.4616125,99.0,60,55
6272,627246610,GOBCNH,2025,1,93.9637286,99.0,60,55
6272,627246610,GSEBCS,2025,1,93.4649935,99.0,60,55
6272,627246610,LOPENS,2025,1,94.7981886,99.0,60,55
6272,627246610,LSCS,2025,1,87.730083,99.0,60,55
6272,627246610,LNT1S,2025,1,74.6275026,99.0,60,55
6272,627246610,LOBCS,2025,1,94.1913399,99.0,60,55
6272,627246610,LSEBCS,2025,1,94.1913399,99.0,60,55
6272,627246610,DEFOPENS,2025,1,86.8334686,99.0,60,55
6272,627246610,TFWS,2025,1,95.2312139,99.0,60,55
6272,627246610,DEFROBCS,2025,1,86.2722396,99.0,60,55
6272,627246610,EWS,2025,1,88.4219058,99.0,60,55
6272,627261210,GOPENH,2025,1,96.4855442,99.0,60,55
6272,627261210,GSCNH,2025,1,90.3271341,99.0,60,55
6272,627261210,GSTNH,2025,1,69.4641016,99.0,60,55
6272,627261210,GVJS,2025,1,92.0393375,99.0,60,55
6272,627261210,GNT1S,2025,1,92.9222144,99.0,60,55
6272,627261210,GNT2S,2025,1,94.8609201,99.0,60,55
6272,627261210,GNT3S,2025,1,95.4830918,99.0,60,55
6272,627261210,GOBCNH,2025,1,95.9365257,99.0,60,55
6272,627261210,GSEBCS,2025,1,96.161333,99.0,60,55
6272,627261210,LOPENS,2025,1,95.4204349,99.0,60,55
6272,627261210,LSCS,2025,1,86.2020083,99.0,60,55
6272,627261210,LSTS,2025,1,17.7299217,99.0,60,55
6272,627261210,LVJS,2025,1,84.0342981,99.0,60,55
6272,627261210,LNT2S,2025,1,91.6804693,99.0,60,55
6272,627261210,LNT3S,2025,1,92.9781315,99.0,60,55
6272,627261210,LOBCS,2025,1,94.6959625,99.0,60,55
6272,627261210,LSEBCS,2025,1,94.5553041,99.0,60,55
6272,627261210,DEFOPENS,2025,1,89.8845123,99.0,60,55
6272,627261210,DEFSCS,2025,1,62.2946352,99.0,60,55
6272,627261210,DEFOBCS,2025,1,90.0451538,99.0,60,55
6272,627261210,TFWS,2025,1,96.3017082,99.0,60,55
6272,627261210,EWS,2025,1,92.0393375,99.0,60,55
6272,627299510,GOPENH,2025,1,97.7724285,99.0,60,55
6272,627299510,GSCNH,2025,1,93.894198,99.0,60,55
6272,627299510,GSTNH,2025,1,76.099588,99.0,60,55
6272,627299510,GVJS,2025,1,94.7551233,99.0,60,55
6272,627299510,GNT1S,2025,1,96.7919146,99.0,60,55
6272,627299510,GNT2S,2025,1,97.3276451,99.0,60,55
6272,627299510,GNT3S,2025,1,97.3422829,99.0,60,55
6272,627299510,GOBCNH,2025,1,97.6811594,99.0,60,55
6272,627299510,GSEBCS,2025,1,97.5899394,99.0,60,55
6272,627299510,LOPENS,2025,1,97.510102,99.0,60,55
6272,627299510,LSCS,2025,1,92.8705176,99.0,60,55
6272,627299510,LSTS,2025,1,70.8903389,99.0,60,55
6272,627299510,LVJS,2025,1,95.8699876,99.0,60,55
6272,627299510,LNT1S,2025,1,94.5582957,99.0,60,55
6272,627299510,LNT2S,2025,1,96.4855442,99.0,60,55
6272,627299510,LOBCS,2025,1,97.4360937,99.0,60,55
6272,627299510,LSEBCS,2025,1,97.3210869,99.0,60,55
6272,627299510,PWDOPENS,2025,1,70.9390112,99.0,60,55
6272,627299510,PWDOBCS,2025,1,54.9832594,99.0,60,55
6272,627299510,DEFOPENS,2025,1,94.5768123,99.0,60,55
6272,627299510,DEFSCS,2025,1,78.0816199,99.0,60,55
6272,627299510,DEFOBCS,2025,1,94.5074586,99.0,60,55
6272,627299510,DEFSEBCS,2025,1,93.4464908,99.0,60,55
6272,627299510,TFWS,2025,1,97.9249397,99.0,60,55
6272,627299510,PWDRNT2S,2025,1,49.1668381,99.0,60,55
6272,627299510,DEFROBCS,2025,1,94.2326904,99.0,60,55
6272,627299510,EWS,2025,1,95.6935818,99.0,60,55
6273,627319110,GOPENH,2025,1,96.7675378,99.0,60,55
6273,627319110,GSCNH,2025,1,93.2955692,99.0,60,55
6273,627319110,GSTNH,2025,1,78.5981492,99.0,60,55
6273,627319110,GVJS,2025,1,95.1447135,99.0,60,55
6273,627319110,GNT1S,2025,1,95.4204349,99.0,60,55
6273,627319110,GNT2S,2025,1,95.022244,99.0,60,55
6273,627319110,GOBCNH,2025,1,95.7033017,99.0,60,55
6273,627319110,GSEBCS,2025,1,95.9638704,99.0,60,55
6273,627319110,LOPENS,2025,1,96.2975699,99.0,60,55
6273,627319110,LSCS,2025,1,90.1398917,99.0,60,55
6273,627319110,LSTS,2025,1,83.769652,99.0,60,55
6273,627319110,LVJS,2025,1,88.9649575,99.0,60,55
6273,627319110,LNT1S,2025,1,94.7041159,99.0,60,55
6273,627319110,LNT2S,2025,1,93.7255053,99.0,60,55
6273,627319110,LNT3S,2025,1,92.1611438,99.0,60,55
6273,627319110,LOBCS,2025,1,95.4482415,99.0,60,55
6273,627319110,LSEBCS,2025,1,95.5792202,99.0,60,55
6273,627319110,PWDOPENS,2025,1,68.4225402,99.0,60,55
6273,627319110,PWDOBCS,2025,1,48.8548541,99.0,60,55
6273,627319110,DEFOPENS,2025,1,94.4750524,99.0,60,55
6273,627319110,DEFSCS,2025,1,74.6516923,99.0,60,55
6273,627319110,DEFOBCS,2025,1,89.6618256,99.0,60,55
6273,627319110,TFWS,2025,1,96.7675378,99.0,60,55
6273,627319110,EWS,2025,1,91.4124337,99.0,60,55
6273,627324510,GOPENH,2025,1,99.0867404,99.0,60,55
6273,627324510,GSCNH,2025,1,96.5027076,99.0,60,55
6273,627324510,GSTNH,2025,1,86.6459627,99.0,60,55
6273,627324510,GVJS,2025,1,97.0655663,99.0,60,55
6273,627324510,GNT1S,2025,1,98.1351709,99.0,60,55
6273,627324510,GNT2S,2025,1,98.511518,99.0,60,55
6273,627324510,GNT3S,2025,1,98.7839138,99.0,60,55
6273,627324510,GOBCNH,2025,1,98.8167764,99.0,60,55
6273,627324510,GSEBCS,2025,1,98.7815884,99.0,60,55
6273,627324510,LOPENS,2025,1,98.6607658,99.0,60,55
6273,627324510,LSCS,2025,1,95.1724675,99.0,60,55
6273,627324510,LSTS,2025,1,83.7134808,99.0,60,55
6273,627324510,LVJS,2025,1,96.2409787,99.0,60,55
6273,627324510,LNT1S,2025,1,97.6372992,99.0,60,55
6273,627324510,LNT2S,2025,1,97.6794304,99.0,60,55
6273,627324510,LNT3S,2025,1,97.5124204,99.0,60,55
6273,627324510,LOBCS,2025,1,98.4193724,99.0,60,55
6273,627324510,LSEBCS,2025,1,98.2786369,99.0,60,55
6273,627324510,PWDOPENS,2025,1,79.5076004,99.0,60,55
6273,627324510,PWDSCS,2025,1,51.2488599,99.0,60,55
6273,627324510,PWDSTS,2025,1,41.153186,99.0,60,55
6273,627324510,PWDOBCS,2025,1,74.2209832,99.0,60,55
6273,627324510,PWDSEBCS,2025,1,69.9192754,99.0,60,55
6273,627324510,DEFOPENS,2025,1,97.6829141,99.0,60,55
6273,627324510,DEFSCS,2025,1,89.2347783,99.0,60,55
6273,627324510,DEFSTS,2025,1,75.406809,99.0,60,55
6273,627324510,DEFOBCS,2025,1,96.7919146,99.0,60,55
6273,627324510,DEFSEBCS,2025,1,98.0144531,99.0,60,55
6273,627324510,TFWS,2025,1,99.1510977,99.0,60,55
6273,627324610,GOPENH,2025,1,98.6962457,99.0,60,55
6273,627324610,GSCNH,2025,1,95.4873006,99.0,60,55
6273,627324610,GSTNH,2025,1,83.1821207,99.0,60,55
6273,627324610,GVJS,2025,1,96.6963838,99.0,60,55
6273,627324610,GNT1S,2025,1,97.7942456,99.0,60,55
6273,627324610,GNT2S,2025,1,98.1161695,99.0,60,55
6273,627324610,GNT3S,2025,1,98.2148483,99.0,60,55
6273,627324610,GOBCNH,2025,1,98.5168677,99.0,60,55
6273,627324610,GSEBCS,2025,1,98.4569438,99.0,60,55
6273,627324610,LOPENS,2025,1,98.3761272,99.0,60,55
6273,627324610,LSCS,2025,1,94.5705862,99.0,60,55
6273,627324610,LSTS,2025,1,76.6993653,99.0,60,55
6273,627324610,LVJS,2025,1,95.8699876,99.0,60,55
6273,627324610,LNT1S,2025,1,96.3919151,99.0,60,55
6273,627324610,LNT2S,2025,1,97.2937644,99.0,60,55
6273,627324610,LNT3S,2025,1,97.2067626,99.0,60,55
6273,627324610,LOBCS,2025,1,98.1588435,99.0,60,55
6273,627324610,LSEBCS,2025,1,98.0106799,99.0,60,55
6273,627324610,PWDOPENS,2025,1,69.4641016,99.0,60,55
6273,627324610,PWDSCS,2025,1,49.1980067,99.0,60,55
6273,627324610,PWDOBCS,2025,1,67.967082,99.0,60,55
6273,627324610,PWDSEBCS,2025,1,61.8012422,99.0,60,55
6273,627324610,DEFOPENS,2025,1,96.6963838,99.0,60,55
6273,627324610,DEFSCS,2025,1,88.1060139,99.0,60,55
6273,627324610,DEFOBCS,2025,1,96.3496751,99.0,60,55
6273,627324610,DEFSEBCS,2025,1,97.077156,99.0,60,55
6273,627324610,TFWS,2025,1,98.775117,99.0,60,55
6273,627324610,PWDRNT2S,2025,1,66.1311211,99.0,60,55
6273,627324610,PWDROBCS,2025,1,68.6031011,99.0,60,55
6273,627337210,GOPENH,2025,1,98.1552237,99.0,60,55
6273,627337210,GSCNH,2025,1,94.3811959,99.0,60,55
6273,627337210,GSTNH,2025,1,75.4489132,99.0,60,55
6273,627337210,GVJS,2025,1,95.101416,99.0,60,55
6273,627337210,GNT1S,2025,1,96.79592,99.0,60,55
6273,627337210,GNT2S,2025,1,97.4729104,99.0,60,55
6273,627337210,GNT3S,2025,1,97.2448075,99.0,60,55
6273,627337210,GOBCNH,2025,1,97.8998215,99.0,60,55
6273,627337210,GSEBCS,2025,1,97.7383653,99.0,60,55
6273,627337210,LOPENS,2025,1,97.8729143,99.0,60,55
6273,627337210,LSCS,2025,1,92.3740511,99.0,60,55
6273,627337210,LSTS,2025,1,67.9203695,99.0,60,55
6273,627337210,LVJS,2025,1,94.0080367,99.0,60,55
6273,627337210,LNT1S,2025,1,94.9430074,99.0,60,55
6273,627337210,LNT2S,2025,1,96.2623043,99.0,60,55
6273,627337210,LNT3S,2025,1,96.6498281,99.0,60,55
6273,627337210,LOBCS,2025,1,97.624379,99.0,60,55
6273,627337210,LSEBCS,2025,1,97.3099865,99.0,60,55
6273,627337210,PWDOPENS,2025,1,66.8147184,99.0,60,55
6273,627337210,PWDOBCS,2025,1,49.0487536,99.0,60,55
6273,627337210,PWDSEBCS,2025,1,24.2423208,99.0,60,55
6273,627337210,DEFOPENS,2025,1,95.1330171,99.0,60,55
6273,627337210,DEFSCS,2025,1,83.9990684,99.0,60,55
6273,627337210,DEFOBCS,2025,1,94.4809929,99.0,60,55
6273,627337210,DEFSEBCS,2025,1,94.7551233,99.0,60,55
6273,627337210,TFWS,2025,1,98.0913477,99.0,60,55
6273,627337210,PWDRVJS,2025,1,13.2183243,99.0,60,55
6273,627337210,PWDROBCS,2025,1,57.9680585,99.0,60,55
6273,627337210,DEFRNT2S,2025,1,94.9430074,99.0,60,55
6273,627337210,PWDRNT1S,2025,1,76.468112,99.0,60,55
6273,627337210,PWDRNT2S,2025,1,77.583794,99.0,60,55
6273,627337210,PWDRNT3S,2025,1,77.022977,99.0,60,55
6273,627337210,PWDROBCS,2025,1,78.9492107,99.0,60,55
6273,627337210,DEFRNT2S,2025,1,97.0655663,99.0,60,55
6273,627337210,DEFRNT3S,2025,1,97.2159208,99.0,60,55
6273,627337210,DEFROBCS,2025,1,97.2913667,99.0,60,55
6273,627337210,DEFRSEBCS,2025,1,97.1637483,99.0,60,55
6273,627337210,EWS,2025,1,39.1300992,99.0,60,55
6273,627346410,GOPENH,2025,1,96.9012685,99.0,60,55
6273,627346410,GSCNH,2025,1,91.0668866,99.0,60,55
6273,627346410,GSTNH,2025,1,41.153186,99.0,60,55
6273,627346410,GVJS,2025,1,89.4962236,99.0,60,55
6273,627346410,GNT1S,2025,1,92.1517727,99.0,60,55
6273,627346410,GNT2S,2025,1,93.9889579,99.0,60,55
6273,627346410,GNT3S,2025,1,94.6508434,99.0,60,55
6273,627346410,GOBCNH,2025,1,95.8699876,99.0,60,55
6273,627346410,GSEBCS,2025,1,95.6763142,99.0,60,55
6273,627346410,LOPENS,2025,1,96.9526275,99.0,60,55
6273,627346410,LSCS,2025,1,89.4554822,99.0,60,55
6273,627346410,LSTS,2025,1,28.7221654,99.0,60,55
6273,627346410,LVJS,2025,1,90.5209194,99.0,60,55
6273,627346410,LNT1S,2025,1,92.5132937,99.0,60,55
6273,627346410,LNT2S,2025,1,95.2958925,99.0,60,55
6273,627346410,LNT3S,2025,1,96.5496042,99.0,60,55
6273,627346410,LOBCS,2025,1,95.9873991,99.0,60,55
6273,627346410,LSEBCS,2025,1,96.8036058,99.0,60,55
6273,627346410,PWDOPENS,2025,1,32.4603175,99.0,60,55
6273,627346410,DEFOPENS,2025,1,92.1242775,99.0,60,55
6273,627346410,DEFSCS,2025,1,69.3900327,99.0,60,55
6273,627346410,DEFOBCS,2025,1,89.0033044,99.0,60,55
6273,627346410,DEFSEBCS,2025,1,88.7592898,99.0,60,55
6273,627346410,TFWS,2025,1,97.3687248,99.0,60,55
6273,627346410,DEFRSEBCS,2025,1,90.1218002,99.0,60,55
6273,627346410,EWS,2025,1,92.6363457,99.0,60,55
6273,627361210,GOPENH,2025,1,97.6794304,99.0,60,55
6273,627361210,GSCNH,2025,1,92.4095563,99.0,60,55
6273,627361210,GSTNH,2025,1,74.6275026,99.0,60,55
6273,627361210,GVJS,2025,1,93.6844271,99.0,60,55
6273,627361210,GNT1S,2025,1,94.0032188,99.0,60,55
6273,627361210,GNT2S,2025,1,95.5076994,99.0,60,55
6273,627361210,GNT3S,2025,1,95.7030198,99.0,60,55
6273,627361210,GOBCNH,2025,1,97.023932,99.0,60,55
6273,627361210,GSEBCS,2025,1,96.8016647,99.0,60,55
6273,627361210,LOPENS,2025,1,96.8936433,99.0,60,55
6273,627361210,LSCS,2025,1,90.3271341,99.0,60,55
6273,627361210,LSTS,2025,1,53.8067479,99.0,60,55
6273,627361210,LVJS,2025,1,85.9106165,99.0,60,55
6273,627361210,LNT1S,2025,1,91.0435718,99.0,60,55
6273,627361210,LNT2S,2025,1,94.1948569,99.0,60,55
6273,627361210,LNT3S,2025,1,96.6285136,99.0,60,55
6273,627361210,LOBCS,2025,1,96.1680205,99.0,60,55
6273,627361210,LSEBCS,2025,1,95.6189832,99.0,60,55
6273,627361210,PWDOPENS,2025,1,37.2122315,99.0,60,55
6273,627361210,PWDSEBCS,2025,1,33.9583652,99.0,60,55
6273,627361210,DEFOPENS,2025,1,92.3471157,99.0,60,55
6273,627361210,DEFSCS,2025,1,73.262321,99.0,60,55
6273,627361210,DEFOBCS,2025,1,91.2158031,99.0,60,55
6273,627361210,DEFSEBCS,2025,1,91.7989964,99.0,60,55
6273,627361210,TFWS,2025,1,97.5416581,99.0,60,55
6273,627361210,DEFROBCS,2025,1,91.4334483,99.0,60,55
6273,627361210,DEFRSEBCS,2025,1,92.0527932,99.0,60,55
6273,627361210,EWS,2025,1,94.0032188,99.0,60,55
6273,627391110,GOPENH,2025,1,98.6898385,99.0,60,55
6273,627391110,GSCNH,2025,1,95.5928687,99.0,60,55
6273,627391110,GSTNH,2025,1,82.9763421,99.0,60,55
6273,627391110,GVJS,2025,1,96.6594242,99.0,60,55
6273,627391110,GNT1S,2025,1,97.7201365,99.0,60,55
6273,627391110,GNT2S,2025,1,98.3540373,99.0,60,55
6273,627391110,GNT3S,2025,1,98.1066,99.0,60,55
6273,627391110,GOBCNH,2025,1,98.5070698,99.0,60,55
6273,627391110,GSEBCS,2025,1,98.4299517,99.0,60,55
6273,627391110,LOPENS,2025,1,98.2478484,99.0,60,55
6273,627391110,LSCS,2025,1,94.0733176,99.0,60,55
6273,627391110,LSTS,2025,1,75.4755316,99.0,60,55
6273,627391110,LVJS,2025,1,95.3686007,99.0,60,55
6273,627391110,LNT1S,2025,1,96.3008972,99.0,60,55
6273,627391110,LNT2S,2025,1,97.2950127,99.0,60,55
6273,627391110,LNT3S,2025,1,96.8804098,99.0,60,55
6273,627391110,LOBCS,2025,1,98.0848861,99.0,60,55
6273,627391110,LSEBCS,2025,1,97.8812233,99.0,60,55
6273,627391110,PWDOPENS,2025,1,71.4864246,99.0,60,55
6273,627391110,PWDOBCS,2025,1,70.3402566,99.0,60,55
6273,627391110,PWDSEBCS,2025,1,53.8067479,99.0,60,55
6273,627391110,DEFOPENS,2025,1,96.4266503,99.0,60,55
6273,627391110,DEFSCS,2025,1,80.9705409,99.0,60,55
6273,627391110,DEFOBCS,2025,1,96.1569533,99.0,60,55
6273,627391110,DEFSEBCS,2025,1,96.0674946,99.0,60,55
6273,627391110,TFWS,2025,1,98.7772214,99.0,60,55
6273,627391110,PWDRNT2S,2025,1,67.2980865,99.0,60,55
6273,627391110,PWDROBCS,2025,1,71.1120286,99.0,60,55
6273,627391110,DEFRNT2S,2025,1,95.9433601,99.0,60,55
6273,627391210,GOPENH,2025,1,98.3237666,99.0,60,55
6273,627391210,GSCNH,2025,1,94.9572138,99.0,60,55
6273,627391210,GSTNH,2025,1,79.5076004,99.0,60,55
6273,627391210,GVJS,2025,1,95.7690393,99.0,60,55
6273,627391210,GNT1S,2025,1,97.6874562,99.0,60,55
6273,627391210,GNT2S,2025,1,97.6880169,99.0,60,55
6273,627391210,GNT3S,2025,1,98.0447413,99.0,60,55
6273,627391210,GOBCNH,2025,1,98.174902,99.0,60,55
6273,627391210,GSEBCS,2025,1,98.0144531,99.0,60,55
6273,627391210,LOPENS,2025,1,97.9141813,99.0,60,55
6273,627391210,LSCS,2025,1,93.611957,99.0,60,55
6273,627391210,LSTS,2025,1,73.2041877,99.0,60,55
6273,627391210,LNT1S,2025,1,96.1115807,99.0,60,55
6273,627391210,LNT2S,2025,1,96.9526275,99.0,60,55
6273,627391210,LNT3S,2025,1,96.6404902,99.0,60,55
6273,627391210,LOBCS,2025,1,97.7688908,99.0,60,55
6273,627391210,LSEBCS,2025,1,97.6794304,99.0,60,55
6273,627391210,PWDOPENS,2025,1,71.9146758,99.0,60,55
6273,627391210,PWDOBCS,2025,1,61.9398096,99.0,60,55
6273,627391210,PWDSEBCS,2025,1,49.6322266,99.0,60,55
6273,627391210,DEFOPENS,2025,1,96.1725088,99.0,60,55
6273,627391210,DEFSCS,2025,1,79.4793202,99.0,60,55
6273,627391210,DEFOBCS,2025,1,94.9430074,99.0,60,55
6273,627391210,DEFSEBCS,2025,1,95.4397519,99.0,60,55
6273,627391210,TFWS,2025,1,98.4131253,99.0,60,55
6273,627391210,PWDROBCS,2025,1,66.1911263,99.0,60,55
6273,627391210,DEFROBCS,2025,1,95.6631314,99.0,60,55
6273,627391210,EWS,2025,1,77.9303712,99.0,60,55
6273,627391210,DEFROBCS,2025,1,96.1393231,99.0,60,55
6273,627391210,EWS,2025,1,39.1300992,99.0,60,55
6273,627391310,GOPENH,2025,1,98.435333,99.0,60,55
6273,627391310,GSCNH,2025,1,95.1283815,99.0,60,55
6273,627391310,GSTNH,2025,1,80.1708014,99.0,60,55
6273,627391310,GVJS,2025,1,96.0186459,99.0,60,55
6273,627391310,GNT1S,2025,1,97.3021583,99.0,60,55
6273,627391310,GNT2S,2025,1,97.9339284,99.0,60,55
6273,627391310,GNT3S,2025,1,97.9641818,99.0,60,55
6273,627391310,GOBCNH,2025,1,98.2786369,99.0,60,55
6273,627391310,GSEBCS,2025,1,98.0919408,99.0,60,55
6273,627391310,LOPENS,2025,1,98.003413,99.0,60,55
6273,627391310,LSCS,2025,1,93.894198,99.0,60,55
6273,627391310,LSTS,2025,1,74.1899324,99.0,60,55
6273,627391310,LVJS,2025,1,94.5705862,99.0,60,55
6273,627391310,LNT1S,2025,1,96.6907341,99.0,60,55
6273,627391310,LNT2S,2025,1,96.614828,99.0,60,55
6273,627391310,LNT3S,2025,1,96.6907341,99.0,60,55
6273,627391310,LOBCS,2025,1,97.8438084,99.0,60,55
6273,627391310,LSEBCS,2025,1,97.7248066,99.0,60,55
6273,627391310,PWDOPENS,2025,1,69.3900327,99.0,60,55
6273,627391310,PWDSCS,2025,1,24.5822293,99.0,60,55
6273,627391310,PWDOBCS,2025,1,63.5901214,99.0,60,55
6273,627391310,PWDSEBCS,2025,1,52.1256716,99.0,60,55
6273,627391310,DEFOPENS,2025,1,95.7937272,99.0,60,55
6273,627391310,DEFSCS,2025,1,80.2298047,99.0,60,55
6273,627391310,DEFOBCS,2025,1,95.2431067,99.0,60,55
6273,627391310,DEFSEBCS,2025,1,95.662116,99.0,60,55
6273,627391310,TFWS,2025,1,98.545009,99.0,60,55
6273,627391310,PWDRNT3S,2025,1,61.2510322,99.0,60,55
6273,627391310,PWDROBCS,2025,1,66.5496835,99.0,60,55
6273,627392010,GOPENH,2025,1,98.1021539,99.0,60,55
6273,627392010,GSCNH,2025,1,94.7789294,99.0,60,55
6273,627392010,GSTNH,2025,1,77.9303712,99.0,60,55
6273,627392010,GVJS,2025,1,96.6659792,99.0,60,55
6273,627392010,GNT1S,2025,1,97.1344765,99.0,60,55
6273,627392010,GNT2S,2025,1,97.5085324,99.0,60,55
6273,627392010,GNT3S,2025,1,97.8188113,99.0,60,55
6273,627392010,GOBCNH,2025,1,97.9968203,99.0,60,55
6273,627392010,GSEBCS,2025,1,97.9005056,99.0,60,55
6273,627392010,LOPENS,2025,1,97.8587922,99.0,60,55
6273,627392010,LSCS,2025,1,93.5949221,99.0,60,55
6273,627392010,LSTS,2025,1,70.9482593,99.0,60,55
6273,627392010,LNT2S,2025,1,96.5386733,99.0,60,55
6273,627392010,LNT3S,2025,1,95.9271498,99.0,60,55
6273,627392010,LOBCS,2025,1,97.7035859,99.0,60,55
6273,627392010,LSEBCS,2025,1,97.6214843,99.0,60,55
6273,627392010,PWDOPENS,2025,1,60.7738415,99.0,60,55
6273,627392010,PWDOBCS,2025,1,59.8130199,99.0,60,55
6273,627392010,PWDSEBCS,2025,1,43.1236655,99.0,60,55
6273,627392010,DEFOPENS,2025,1,95.6991467,99.0,60,55
6273,627392010,DEFSCS,2025,1,74.7351841,99.0,60,55
6273,627392010,DEFOBCS,2025,1,94.9624784,99.0,60,55
6273,627392010,DEFSEBCS,2025,1,95.4678311,99.0,60,55
6273,627392010,TFWS,2025,1,98.3131595,99.0,60,55
6273,627392010,PWDRVJS,2025,1,58.4262318,99.0,60,55
6273,627392010,DEFROBCS,2025,1,95.6189832,99.0,60,55
6273,627392010,EWS,2025,1,96.4373935,99.0,60,55
6273,627392710,GOPENH,2025,1,98.3867855,99.0,60,55
6273,627392710,GSCNH,2025,1,95.0960832,99.0,60,55
6273,627392710,GSTNH,2025,1,78.890785,99.0,60,55
6273,627392710,GVJS,2025,1,96.1393231,99.0,60,55
6273,627392710,GNT1S,2025,1,97.5446034,99.0,60,55
6273,627392710,GNT2S,2025,1,97.6534296,99.0,60,55
6273,627392710,GNT3S,2025,1,98.2953551,99.0,60,55
6273,627392710,GOBCNH,2025,1,98.2052656,99.0,60,55
6273,627392710,GSEBCS,2025,1,98.0744241,99.0,60,55
6273,627392710,LOPENS,2025,1,98.0167272,99.0,60,55
6273,627392710,LSCS,2025,1,93.9374669,99.0,60,55
6273,627392710,LSTS,2025,1,81.4271094,99.0,60,55
6273,627392710,LVJS,2025,1,94.3412969,99.0,60,55
6273,627392710,LNT1S,2025,1,97.4914261,99.0,60,55
6273,627392710,LNT2S,2025,1,97.4280163,99.0,60,55
6273,627392710,LOBCS,2025,1,97.7924434,99.0,60,55
6273,627392710,LSEBCS,2025,1,97.7312329,99.0,60,55
6273,627392710,PWDOPENS,2025,1,66.1911263,99.0,60,55
6273,627392710,PWDOBCS,2025,1,55.4914407,99.0,60,55
6273,627392710,PWDSEBCS,2025,1,49.6322266,99.0,60,55
6273,627392710,DEFOPENS,2025,1,96.0166614,99.0,60,55
6273,627392710,DEFSCS,2025,1,86.8832732,99.0,60,55
6273,627392710,DEFOBCS,2025,1,95.0655625,99.0,60,55
6273,627392710,DEFSEBCS,2025,1,95.7805094,99.0,60,55
6273,627392710,TFWS,2025,1,98.5075769,99.0,60,55
6273,627392710,PWDROBCS,2025,1,64.087617,99.0,60,55
6273,627392710,DEFRNT3S,2025,1,95.2179107,99.0,60,55
6273,627392710,EWS,2025,1,96.9465353,99.0,60,55
6273,627399510,GOPENH,2025,1,98.2533366,99.0,60,55
6273,627399510,GSCNH,2025,1,95.073949,99.0,60,55
6273,627399510,GSTNH,2025,1,80.3167508,99.0,60,55
6273,627399510,GVJS,2025,1,95.6189832,99.0,60,55
6273,627399510,GNT1S,2025,1,97.6880169,99.0,60,55
6273,627399510,GNT2S,2025,1,97.7248066,99.0,60,55
6273,627399510,GNT3S,2025,1,97.8346051,99.0,60,55
6273,627399510,GOBCNH,2025,1,98.1066,99.0,60,55
6273,627399510,GSEBCS,2025,1,98.044541,99.0,60,55
6273,627399510,LOPENS,2025,1,97.9249397,99.0,60,55
6273,627399510,LSCS,2025,1,93.8417347,99.0,60,55
6273,627399510,LSTS,2025,1,73.0237189,99.0,60,55
6273,627399510,LVJS,2025,1,95.2179107,99.0,60,55
6273,627399510,LNT1S,2025,1,96.0166614,99.0,60,55
6273,627399510,LNT2S,2025,1,96.5565559,99.0,60,55
6273,627399510,LNT3S,2025,1,96.6545506,99.0,60,55
6273,627399510,LOBCS,2025,1,97.7449977,99.0,60,55
6273,627399510,LSEBCS,2025,1,97.624379,99.0,60,55
6273,627399510,PWDOPENS,2025,1,68.5042436,99.0,60,55
6273,627399510,PWDOBCS,2025,1,57.9680585,99.0,60,55
6273,627399510,DEFOPENS,2025,1,95.7868519,99.0,60,55
6273,627399510,DEFSCS,2025,1,78.5981492,99.0,60,55
6273,627399510,DEFOBCS,2025,1,95.2431067,99.0,60,55
6273,627399510,DEFSEBCS,2025,1,95.4430646,99.0,60,55
6273,627399510,TFWS,2025,1,98.4993421,99.0,60,55
6273,627399510,PWDRVJS,2025,1,67.1207715,99.0,60,55
6273,627399510,PWDRNT1S,2025,1,66.5942029,99.0,60,55
6273,627399510,DEFROBCS,2025,1,95.0960832,99.0,60,55
6273,627399510,DEFRSEBCS,2025,1,95.3805594,99.0,60,55
6273,627399510,DEFROBCS,2025,1,95.764879,99.0,60,55
6273,627399510,DEFRSEBCS,2025,1,95.5814221,99.0,60,55
6273,627399510,EWS,2025,1,74.2209832,99.0,60,55
6274,627424510,GOPENH,2025,1,97.8835793,99.0,60,55
6274,627424510,GSCNH,2025,1,94.1399317,99.0,60,55
6274,627424510,GSTNH,2025,1,76.3286018,99.0,60,55
6274,627424510,GVJS,2025,1,95.0960832,99.0,60,55
6274,627424510,GNT1S,2025,1,97.2937644,99.0,60,55
6274,627424510,GNT2S,2025,1,97.3687248,99.0,60,55
6274,627424510,GNT3S,2025,1,97.4065069,99.0,60,55
6274,627424510,GOBCNH,2025,1,97.7449977,99.0,60,55
6274,627424510,GSEBCS,2025,1,97.5517964,99.0,60,55
6274,627424510,LOPENS,2025,1,97.6531257,99.0,60,55
6274,627424510,LSCS,2025,1,92.5679358,99.0,60,55
6274,627424510,LSTS,2025,1,68.58833,99.0,60,55
6274,627424510,LNT1S,2025,1,93.6416382,99.0,60,55
6274,627424510,LOBCS,2025,1,97.5446034,99.0,60,55
6274,627424510,LSEBCS,2025,1,97.3257727,99.0,60,55
6274,627424510,PWDOPENS,2025,1,58.4262318,99.0,60,55
6274,627424510,PWDOBCS,2025,1,43.723793,99.0,60,55
6274,627424510,DEFOPENS,2025,1,94.5733788,99.0,60,55
6274,627424510,DEFSCS,2025,1,72.9916849,99.0,60,55
6274,627424510,DEFOBCS,2025,1,94.2112206,99.0,60,55
6274,627424510,TFWS,2025,1,97.8090928,99.0,60,55
6274,627424510,EWS,2025,1,96.113225,99.0,60,55
6274,627424610,GOPENH,2025,1,97.4371782,99.0,60,55
6274,627424610,GSCNH,2025,1,93.1261047,99.0,60,55
6274,627424610,GSTNH,2025,1,70.3901803,99.0,60,55
6274,627424610,GVJS,2025,1,94.7610231,99.0,60,55
6274,627424610,GNT1S,2025,1,96.3174061,99.0,60,55
6274,627424610,GNT2S,2025,1,97.077156,99.0,60,55
6274,627424610,GOBCNH,2025,1,97.2984447,99.0,60,55
6274,627424610,GSEBCS,2025,1,97.189844,99.0,60,55
6274,627424610,LOPENS,2025,1,97.3687248,99.0,60,55
6274,627424610,LSCS,2025,1,91.794056,99.0,60,55
6274,627424610,LSTS,2025,1,63.4876968,99.0,60,55
6274,627424610,LVJS,2025,1,91.6804693,99.0,60,55
6274,627424610,LNT2S,2025,1,95.5076994,99.0,60,55
6274,627424610,LNT3S,2025,1,95.126872,99.0,60,55
6274,627424610,LOBCS,2025,1,97.2255266,99.0,60,55
6274,627424610,LSEBCS,2025,1,97.1576493,99.0,60,55
6274,627424610,PWDOPENS,2025,1,47.8532423,99.0,60,55
6274,627424610,PWDOBCS,2025,1,33.0737389,99.0,60,55
6274,627424610,DEFOPENS,2025,1,93.3529772,99.0,60,55
6274,627424610,DEFSCS,2025,1,89.4554822,99.0,60,55
6274,627424610,DEFOBCS,2025,1,91.5582428,99.0,60,55
6274,627424610,TFWS,2025,1,97.5014998,99.0,60,55
6274,627424610,EWS,2025,1,95.2882188,99.0,60,55
6274,627429310,GOPENH,2025,1,95.1979522,99.0,60,55
6274,627429310,GSCNH,2025,1,87.4609239,99.0,60,55
6274,627429310,GSTNH,2025,1,33.7141758,99.0,60,55
6274,627429310,GVJS,2025,1,90.7559146,99.0,60,55
6274,627429310,GNT2S,2025,1,93.4220277,99.0,60,55
6274,627429310,GNT3S,2025,1,93.7276356,99.0,60,55
6274,627429310,GOBCNH,2025,1,94.5878726,99.0,60,55
6274,627429310,GSEBCS,2025,1,94.5553041,99.0,60,55
6274,627429310,LOPENS,2025,1,95.4482415,99.0,60,55
6274,627429310,LSCS,2025,1,87.2248719,99.0,60,55
6274,627429310,LSTS,2025,1,50.184431,99.0,60,55
6274,627429310,LVJS,2025,1,92.8258661,99.0,60,55
6274,627429310,LNT1S,2025,1,88.2583444,99.0,60,55
6274,627429310,LNT2S,2025,1,92.1628997,99.0,60,55
6274,627429310,LOBCS,2025,1,94.8415735,99.0,60,55
6274,627429310,LSEBCS,2025,1,94.5878726,99.0,60,55
6274,627429310,DEFOPENS,2025,1,88.2059917,99.0,60,55
6274,627429310,DEFOBCS,2025,1,84.6586561,99.0,60,55
6274,627429310,TFWS,2025,1,95.9338334,99.0,60,55
6274,627429310,DEFRSEBCS,2025,1,86.4436823,99.0,60,55
6274,627429310,EWS,2025,1,88.7357048,99.0,60,55
6274,627437210,GOPENH,2025,1,96.8737201,99.0,60,55
6274,627437210,GSCNH,2025,1,91.1365188,99.0,60,55
6274,627437210,GSTNH,2025,1,47.8755661,99.0,60,55
6274,627437210,GVJS,2025,1,92.6489748,99.0,60,55
6274,627437210,GNT1S,2025,1,94.2326904,99.0,60,55
6274,627437210,GNT2S,2025,1,95.6554616,99.0,60,55
6274,627437210,GNT3S,2025,1,96.161333,99.0,60,55
6274,627437210,GOBCNH,2025,1,96.3129908,99.0,60,55
6274,627437210,GSEBCS,2025,1,96.5817647,99.0,60,55
6274,627437210,LOPENS,2025,1,96.6659792,99.0,60,55
6274,627437210,LSCS,2025,1,88.118041,99.0,60,55
6274,627437210,LSTS,2025,1,59.2124434,99.0,60,55
6274,627437210,LNT1S,2025,1,92.0888164,99.0,60,55
6274,627437210,LNT2S,2025,1,95.5358718,99.0,60,55
6274,627437210,LNT3S,2025,1,93.4464908,99.0,60,55
6274,627437210,LOBCS,2025,1,96.0186459,99.0,60,55
6274,627437210,LSEBCS,2025,1,96.5233373,99.0,60,55
6274,627437210,DEFOPENS,2025,1,90.7163631,99.0,60,55
6274,627437210,DEFSCS,2025,1,61.8012422,99.0,60,55
6274,627437210,DEFOBCS,2025,1,88.7627999,99.0,60,55
6274,627437210,DEFSEBCS,2025,1,88.8600683,99.0,60,55
6274,627437210,TFWS,2025,1,97.2756467,99.0,60,55
6274,627437210,EWS,2025,1,94.3676533,99.0,60,55
6274,627461210,GOPENH,2025,1,95.4397519,99.0,60,55
6274,627461210,GSCNH,2025,1,86.7003307,99.0,60,55
6274,627461210,GSTNH,2025,1,39.966573,99.0,60,55
6274,627461210,GVJS,2025,1,87.2636301,99.0,60,55
6274,627461210,GNT1S,2025,1,91.9792268,99.0,60,55
6274,627461210,GNT2S,2025,1,92.1611438,99.0,60,55
6274,627461210,GNT3S,2025,1,92.8258661,99.0,60,55
6274,627461210,GOBCNH,2025,1,94.8861284,99.0,60,55
6274,627461210,GSEBCS,2025,1,94.2142883,99.0,60,55
6274,627461210,LOPENS,2025,1,95.2142832,99.0,60,55
6274,627461210,LSCS,2025,1,85.4732337,99.0,60,55
6274,627461210,LVJS,2025,1,79.2630446,99.0,60,55
6274,627461210,LNT2S,2025,1,89.364907,99.0,60,55
6274,627461210,LOBCS,2025,1,94.4264691,99.0,60,55
6274,627461210,LSEBCS,2025,1,94.2531106,99.0,60,55
6274,627461210,DEFOPENS,2025,1,86.560206,99.0,60,55
6274,627461210,DEFSCS,2025,1,40.369284,99.0,60,55
6274,627461210,DEFOBCS,2025,1,86.2660493,99.0,60,55
6274,627461210,DEFSEBCS,2025,1,82.6530612,99.0,60,55
6274,627461210,TFWS,2025,1,95.7033017,99.0,60,55
6274,627461210,EWS,2025,1,88.4219058,99.0,60,55
6274,627484110,GOPENH,2025,1,89.4554822,99.0,60,55
6274,627484110,GSCNH,2025,1,84.1143141,99.0,60,55
6274,627484110,GVJS,2025,1,61.9042106,99.0,60,55
6274,627484110,GNT1S,2025,1,78.316075,99.0,60,55
6274,627484110,GNT2S,2025,1,72.9916849,99.0,60,55
6274,627484110,GNT3S,2025,1,78.2612238,99.0,60,55
6274,627484110,GOBCNH,2025,1,85.2098408,99.0,60,55
6274,627484110,GSEBCS,2025,1,75.4489132,99.0,60,55
6274,627484110,LOPENS,2025,1,93.0041152,99.0,60,55
6274,627484110,LSCS,2025,1,89.9278088,99.0,60,55
6274,627484110,LVJS,2025,1,85.4732337,99.0,60,55
6274,627484110,LOBCS,2025,1,81.9314642,99.0,60,55
6274,627484110,LSEBCS,2025,1,57.1737345,99.0,60,55
6274,627484110,DEFOPENS,2025,1,92.8687459,99.0,60,55
6274,627484110,TFWS,2025,1,55.4587001,99.0,60,55
6274,627484110,EWS,2025,1,60.9157012,99.0,60,55
6274,627499510,GOPENH,2025,1,97.4328274,99.0,60,55
6274,627499510,GSCNH,2025,1,93.2955692,99.0,60,55
6274,627499510,GSTNH,2025,1,69.7766245,99.0,60,55
6274,627499510,GVJS,2025,1,94.6049213,99.0,60,55
6274,627499510,GOBCNH,2025,1,97.2984447,99.0,60,55
6274,627499510,GSEBCS,2025,1,97.3130965,99.0,60,55
6274,627499510,LOPENS,2025,1,97.2448075,99.0,60,55
6274,627499510,LSCS,2025,1,92.1789653,99.0,60,55
6274,627499510,LSTS,2025,1,67.3167917,99.0,60,55
6274,627499510,LNT1S,2025,1,93.0779848,99.0,60,55
6274,627499510,LNT2S,2025,1,96.5336351,99.0,60,55
6274,627499510,LNT3S,2025,1,95.6189832,99.0,60,55
6274,627499510,LOBCS,2025,1,97.1576493,99.0,60,55
6274,627499510,LSEBCS,2025,1,97.1170667,99.0,60,55
6274,627499510,PWDOPENS,2025,1,40.5616465,99.0,60,55
6274,627499510,DEFOPENS,2025,1,94.1950375,99.0,60,55
6274,627499510,TFWS,2025,1,97.5701659,99.0,60,55
6274,627499510,BCS,2025,1,37.8307719,99.0,60,55
6274,627499510,DEFRSEBCS,2025,1,93.0647215,99.0,60,55
6274,627499510,EWS,2025,1,95.3795495,99.0,60,55
6275,627519110,DEFOPENS,2025,1,21.5368309,99.0,60,55
6275,627519110,TFWS,2025,1,80.7004831,99.0,60,55
6275,627519110,EWS,2025,1,30.8808364,99.0,60,55
6275,627524510,DEFOPENS,2025,1,45.6611497,99.0,60,55
6275,627524510,DEFOBCS,2025,1,44.1937857,99.0,60,55
6275,627524510,DEFSEBCS,2025,1,35.5990164,99.0,60,55
6275,627524510,TFWS,2025,1,87.2636301,99.0,60,55
6275,627524510,EWS,2025,1,52.0988164,99.0,60,55
6275,627524610,DEFOPENS,2025,1,63.9535342,99.0,60,55
6275,627524610,TFWS,2025,1,86.2020083,99.0,60,55
6275,627524610,EWS,2025,1,39.966573,99.0,60,55
6275,627529310,TFWS,2025,1,83.8560469,99.0,60,55
6275,627529310,EWS,2025,1,12.2913505,99.0,60,55
6275,627537210,DEFOPENS,2025,1,52.1256716,99.0,60,55
6275,627537210,TFWS,2025,1,82.8318522,99.0,60,55
6275,627537210,EWS,2025,1,9.4708811,99.0,60,55
6275,627561210,DEFOPENS,2025,1,56.5505021,99.0,60,55
6275,627561210,TFWS,2025,1,83.988979,99.0,60,55
6275,627561210,EWS,2025,1,30.191544,99.0,60,55
6275,627562410,TFWS,2025,1,73.9021728,99.0,60,55
6275,627562410,EWS,2025,1,27.147084,99.0,60,55
6275,627592110,DEFOPENS,2025,1,49.1668381,99.0,60,55
6275,627592110,TFWS,2025,1,88.0988826,99.0,60,55
6275,627592110,EWS,2025,1,59.8130199,99.0,60,55
6276,627592110,LOPENS,2025,1,99.4005994,99.0,60,55
6276,627592110,LSCS,2025,1,96.4812287,99.0,60,55
6276,627592110,LSTS,2025,1,89.4256012,99.0,60,55
6276,627592110,LVJS,2025,1,97.4065069,99.0,60,55
6276,627592110,LNT1S,2025,1,98.2117385,99.0,60,55
6276,627592110,LNT2S,2025,1,98.2635235,99.0,60,55
6276,627592110,LNT3S,2025,1,98.1761432,99.0,60,55
6276,627592110,LOBCS,2025,1,99.2014366,99.0,60,55
6276,627592110,LSEBCS,2025,1,99.1530508,99.0,60,55
6276,627592110,PWDOPENS,2025,1,89.5539769,99.0,60,55
6276,627592110,PWDOBCS,2025,1,79.9422744,99.0,60,55
6276,627592110,PWDSEBCS,2025,1,79.3794141,99.0,60,55
6276,627592110,DEFOPENS,2025,1,85.4732337,99.0,60,55
6276,627592110,DEFSCS,2025,1,88.7592898,99.0,60,55
6276,627592110,DEFOBCS,2025,1,98.4327624,99.0,60,55
6276,627592110,DEFSEBCS,2025,1,97.6103268,99.0,60,55
6276,627592110,TFWS,2025,1,99.2415545,99.0,60,55
6276,627592110,PWDROBCS,2025,1,86.564971,99.0,60,55
6276,627592110,DEFROBCS,2025,1,98.8515144,99.0,60,55
6276,627592110,EWS,2025,1,94.6595693,99.0,60,55
6276,627592110,LOPENS,2025,1,99.1536834,99.0,60,55
6276,627592110,LSCS,2025,1,95.9365257,99.0,60,55
6276,627592110,LSTS,2025,1,84.3786315,99.0,60,55
6276,627592110,LVJS,2025,1,96.9607316,99.0,60,55
6276,627592110,LNT1S,2025,1,97.8021978,99.0,60,55
6276,627592110,LNT2S,2025,1,97.9339284,99.0,60,55
6276,627592110,LNT3S,2025,1,98.0683302,99.0,60,55
6276,627592110,LOBCS,2025,1,98.9164146,99.0,60,55
6276,627592110,LSEBCS,2025,1,98.8650296,99.0,60,55
6276,627592110,PWDOPENS,2025,1,81.6656822,99.0,60,55
6276,627592110,PWDOBCS,2025,1,74.8210845,99.0,60,55
6276,627592110,DEFOPENS,2025,1,98.5484356,99.0,60,55
6276,627592110,DEFSCS,2025,1,81.4271094,99.0,60,55
6276,627592110,DEFOBCS,2025,1,97.9249397,99.0,60,55
6276,627592110,TFWS,2025,1,98.8626758,99.0,60,55
6276,627592110,EWS,2025,1,85.9425358,99.0,60,55
6276,627592110,LOPENS,2025,1,98.8054787,99.0,60,55
6276,627592110,LSCS,2025,1,93.894198,99.0,60,55
6276,627592110,LSTS,2025,1,77.8612083,99.0,60,55
6276,627592110,LVJS,2025,1,96.2091503,99.0,60,55
6276,627592110,LNT1S,2025,1,96.614828,99.0,60,55
6276,627592110,LNT2S,2025,1,97.7383653,99.0,60,55
6276,627592110,LNT3S,2025,1,96.79592,99.0,60,55
6276,627592110,LOBCS,2025,1,98.545009,99.0,60,55
6276,627592110,LSEBCS,2025,1,98.5350565,99.0,60,55
6276,627592110,PWDOPENS,2025,1,73.9721817,99.0,60,55
6276,627592110,PWDOBCS,2025,1,51.0139791,99.0,60,55
6276,627592110,PWDSEBCS,2025,1,51.7178644,99.0,60,55
6276,627592110,DEFOPENS,2025,1,97.1170545,99.0,60,55
6276,627592110,DEFSCS,2025,1,82.0388536,99.0,60,55
6276,627592110,DEFOBCS,2025,1,96.8737201,99.0,60,55
6276,627592110,DEFSEBCS,2025,1,96.9477536,99.0,60,55
6276,627592110,TFWS,2025,1,98.5817805,99.0,60,55
6276,627592110,PWDROBCS,2025,1,68.7336094,99.0,60,55
6276,627592110,DEFRNT2S,2025,1,96.4373935,99.0,60,55
6276,627592110,EWS,2025,1,91.6610792,99.0,60,55
6276,627592110,LOPENS,2025,1,98.1152875,99.0,60,55
6276,627592110,LSCS,2025,1,90.9203835,99.0,60,55
6276,627592110,LSTS,2025,1,61.114444,99.0,60,55
6276,627592110,LVJS,2025,1,92.3740511,99.0,60,55
6276,627592110,LNT1S,2025,1,93.9551486,99.0,60,55
6276,627592110,LNT2S,2025,1,94.6011366,99.0,60,55
6276,627592110,LOBCS,2025,1,97.5517964,99.0,60,55
6276,627592110,LSEBCS,2025,1,97.510102,99.0,60,55
6276,627592110,DEFOPENS,2025,1,95.9544923,99.0,60,55
6276,627592110,TFWS,2025,1,97.3413057,99.0,60,55
6276,627592110,DEFRSEBCS,2025,1,95.4397519,99.0,60,55
6276,627592110,EWS,2025,1,95.9770336,99.0,60,55
6276,627592110,LOPENS,2025,1,98.3540373,99.0,60,55
6276,627592110,LSCS,2025,1,92.4480361,99.0,60,55
6276,627592110,LSTS,2025,1,71.5917775,99.0,60,55
6276,627592110,LVJS,2025,1,91.6068238,99.0,60,55
6276,627592110,LNT1S,2025,1,95.9447134,99.0,60,55
6276,627592110,LNT2S,2025,1,96.9012685,99.0,60,55
6276,627592110,LNT3S,2025,1,95.4986174,99.0,60,55
6276,627592110,LOBCS,2025,1,97.8098824,99.0,60,55
6276,627592110,LSEBCS,2025,1,97.8021978,99.0,60,55
6276,627592110,PWDOPENS,2025,1,52.6909021,99.0,60,55
6276,627592110,DEFOPENS,2025,1,95.862761,99.0,60,55
6276,627592110,TFWS,2025,1,97.5478847,99.0,60,55
6276,627592110,PWDROBCS,2025,1,34.8005502,99.0,60,55
6276,627592110,DEFROBCS,2025,1,95.764879,99.0,60,55
6276,627592110,EWS,2025,1,96.7149758,99.0,60,55
6277,627719110,GOPENH,2025,1,61.8012422,99.0,60,55
6277,627719110,GSCNH,2025,1,29.41486,99.0,60,55
6277,627719110,GVJS,2025,1,19.0169976,99.0,60,55
6277,627719110,GNT2S,2025,1,58.1324148,99.0,60,55
6277,627719110,GNT3S,2025,1,39.9385666,99.0,60,55
6277,627719110,GOBCNH,2025,1,44.6246246,99.0,60,55
6277,627719110,GSEBCS,2025,1,55.7277177,99.0,60,55
6277,627719110,LOPENS,2025,1,65.4837825,99.0,60,55
6277,627719110,LSCS,2025,1,1.2798635,99.0,60,55
6277,627719110,LNT2S,2025,1,60.070698,99.0,60,55
6277,627719110,LOBCS,2025,1,55.319298,99.0,60,55
6277,627719110,LSEBCS,2025,1,57.502776,99.0,60,55
6277,627719110,TFWS,2025,1,66.5942029,99.0,60,55
6277,627719110,EWS,2025,1,17.5485857,99.0,60,55
6277,627724210,GOPENH,2025,1,76.3324995,99.0,60,55
6277,627724210,GSCNH,2025,1,49.8699585,99.0,60,55
6277,627724210,GVJS,2025,1,68.8065641,99.0,60,55
6277,627724210,GNT1S,2025,1,72.5330927,99.0,60,55
6277,627724210,GNT2S,2025,1,72.9916849,99.0,60,55
6277,627724210,GNT3S,2025,1,66.0549811,99.0,60,55
6277,627724210,GOBCNH,2025,1,68.063194,99.0,60,55
6277,627724210,GSEBCS,2025,1,73.6510161,99.0,60,55
6277,627724210,LOPENS,2025,1,80.7004831,99.0,60,55
6277,627724210,LSCS,2025,1,57.5477401,99.0,60,55
6277,627724210,LVJS,2025,1,76.1726079,99.0,60,55
6277,627724210,LNT3S,2025,1,80.5595655,99.0,60,55
6277,627724210,LOBCS,2025,1,69.8303637,99.0,60,55
6277,627724210,LSEBCS,2025,1,75.2153333,99.0,60,55
6277,627724210,DEFOPENS,2025,1,54.4258624,99.0,60,55
6277,627724210,TFWS,2025,1,76.468112,99.0,60,55
6277,627724210,EWS,2025,1,59.8130199,99.0,60,55
6277,627724610,GOPENH,2025,1,63.003413,99.0,60,55
6277,627724610,GSCNH,2025,1,30.647462,99.0,60,55
6277,627724610,GVJS,2025,1,34.7115718,99.0,60,55
6277,627724610,GNT1S,2025,1,41.153186,99.0,60,55
6277,627724610,GNT2S,2025,1,60.7556304,99.0,60,55
6277,627724610,GNT3S,2025,1,56.5182885,99.0,60,55
6277,627724610,GOBCNH,2025,1,53.7903103,99.0,60,55
6277,627724610,GSEBCS,2025,1,60.1814551,99.0,60,55
6277,627724610,LOPENS,2025,1,70.6987601,99.0,60,55
6277,627724610,LSCS,2025,1,15.7373377,99.0,60,55
6277,627724610,LVJS,2025,1,60.268127,99.0,60,55
6277,627724610,LNT1S,2025,1,66.5942029,99.0,60,55
6277,627724610,LNT2S,2025,1,69.7766245,99.0,60,55
6277,627724610,LOBCS,2025,1,69.3105802,99.0,60,55
6277,627724610,LSEBCS,2025,1,31.8317161,99.0,60,55
6277,627724610,TFWS,2025,1,27.1206001,99.0,60,55
6277,627724610,EWS,2025,1,36.6414088,99.0,60,55
6277,627726310,GOPENH,2025,1,72.5330927,99.0,60,55
6277,627726310,GSCNH,2025,1,40.4581492,99.0,60,55
6277,627726310,GVJS,2025,1,59.2124434,99.0,60,55
6277,627726310,GNT1S,2025,1,36.6414088,99.0,60,55
6277,627726310,GNT2S,2025,1,66.4794206,99.0,60,55
6277,627726310,GOBCNH,2025,1,63.5901214,99.0,60,55
6277,627726310,GSEBCS,2025,1,72.3251186,99.0,60,55
6277,627726310,LOPENS,2025,1,77.2289819,99.0,60,55
6277,627726310,LSCS,2025,1,66.5496835,99.0,60,55
6277,627726310,LNT1S,2025,1,42.3488094,99.0,60,55
6277,627726310,LNT2S,2025,1,66.5942029,99.0,60,55
6277,627726310,LOBCS,2025,1,67.500481,99.0,60,55
6277,627726310,LSEBCS,2025,1,73.676029,99.0,60,55
6277,627726310,DEFOPENS,2025,1,59.8130199,99.0,60,55
6277,627726310,TFWS,2025,1,78.975446,99.0,60,55
6277,627726310,EWS,2025,1,51.8020478,99.0,60,55
6277,627737210,GOPENH,2025,1,71.1330463,99.0,60,55
6277,627737210,GSCNH,2025,1,20.4073236,99.0,60,55
6277,627737210,GNT1S,2025,1,54.7674174,99.0,60,55
6277,627737210,GNT2S,2025,1,66.5942029,99.0,60,55
6277,627737210,GOBCNH,2025,1,59.5499981,99.0,60,55
6277,627737210,GSEBCS,2025,1,68.4225402,99.0,60,55
6277,627737210,LOPENS,2025,1,76.2668468,99.0,60,55
6277,627737210,LSCS,2025,1,19.5229257,99.0,60,55
6277,627737210,LVJS,2025,1,2.1046992,99.0,60,55
6277,627737210,LOBCS,2025,1,64.5293156,99.0,60,55
6277,627737210,LSEBCS,2025,1,72.5793422,99.0,60,55
6277,627737210,TFWS,2025,1,72.9906413,99.0,60,55
6277,627737210,EWS,2025,1,45.6611497,99.0,60,55
6277,627761210,GOPENH,2025,1,61.579051,99.0,60,55
6277,627761210,GSCNH,2025,1,16.8122355,99.0,60,55
6277,627761210,GNT1S,2025,1,27.0109031,99.0,60,55
6277,627761210,GNT2S,2025,1,60.5118338,99.0,60,55
6277,627761210,GOBCNH,2025,1,43.578754,99.0,60,55
6277,627761210,GSEBCS,2025,1,59.7703364,99.0,60,55
6277,627761210,LOPENS,2025,1,57.5392085,99.0,60,55
6277,627761210,LSCS,2025,1,2.340634,99.0,60,55
6277,627761210,LNT2S,2025,1,51.7178644,99.0,60,55
6277,627761210,LOBCS,2025,1,27.8805461,99.0,60,55
6277,627761210,LSEBCS,2025,1,55.3743463,99.0,60,55
6277,627761210,TFWS,2025,1,71.7479911,99.0,60,55
6277,627761210,EWS,2025,1,22.5386607,99.0,60,55
6278,627819110,GOPENH,2025,1,93.1663509,99.0,60,55
6278,627819110,GSCNH,2025,1,85.819156,99.0,60,55
6278,627819110,GSTNH,2025,1,68.8065641,99.0,60,55
6278,627819110,GVJS,2025,1,91.9792268,99.0,60,55
6278,627819110,GNT1S,2025,1,92.4480361,99.0,60,55
6278,627819110,GNT2S,2025,1,92.3369677,99.0,60,55
6278,627819110,GNT3S,2025,1,92.0527932,99.0,60,55
6278,627819110,GOBCNH,2025,1,92.1732083,99.0,60,55
6278,627819110,GSEBCS,2025,1,92.0615223,99.0,60,55
6278,627819110,LOPENS,2025,1,92.9026198,99.0,60,55
6278,627819110,LSCS,2025,1,83.2071736,99.0,60,55
6278,627819110,LSTS,2025,1,49.0487536,99.0,60,55
6278,627819110,LVJS,2025,1,80.2313072,99.0,60,55
6278,627819110,LNT2S,2025,1,90.3566145,99.0,60,55
6278,627819110,LOBCS,2025,1,91.9326024,99.0,60,55
6278,627819110,LSEBCS,2025,1,92.4095563,99.0,60,55
6278,627819110,PWDOPENS,2025,1,53.7405107,99.0,60,55
6278,627819110,PWDSCS,2025,1,21.3588155,99.0,60,55
6278,627819110,PWDOBCS,2025,1,43.2064159,99.0,60,55
6278,627819110,DEFOPENS,2025,1,76.2668468,99.0,60,55
6278,627819110,DEFSCS,2025,1,71.7479911,99.0,60,55
6278,627819110,DEFOBCS,2025,1,87.493276,99.0,60,55
6278,627819110,TFWS,2025,1,93.9578436,99.0,60,55
6278,627819110,EWS,2025,1,41.6288192,99.0,60,55
6278,627821910,GOPENH,2025,1,95.8307555,99.0,60,55
6278,627821910,GSCNH,2025,1,91.512485,99.0,60,55
6278,627821910,GSTNH,2025,1,54.9986599,99.0,60,55
6278,627821910,GVJS,2025,1,87.468285,99.0,60,55
6278,627821910,GNT2S,2025,1,92.9717253,99.0,60,55
6278,627821910,GNT3S,2025,1,93.1944731,99.0,60,55
6278,627821910,GOBCNH,2025,1,95.0960832,99.0,60,55
6278,627821910,GSEBCS,2025,1,95.2778203,99.0,60,55
6278,627821910,LOPENS,2025,1,95.6554616,99.0,60,55
6278,627821910,LSCS,2025,1,89.7903443,99.0,60,55
6278,627821910,LVJS,2025,1,87.9627325,99.0,60,55
6278,627821910,LNT1S,2025,1,91.6606042,99.0,60,55
6278,627821910,LOBCS,2025,1,95.3858303,99.0,60,55
6278,627821910,LSEBCS,2025,1,94.772118,99.0,60,55
6278,627821910,DEFOPENS,2025,1,88.986683,99.0,60,55
6278,627821910,TFWS,2025,1,95.2882188,99.0,60,55
6278,627821910,DEFRSEBCS,2025,1,86.6676057,99.0,60,55
6278,627821910,EWS,2025,1,91.1365188,99.0,60,55
6278,627824510,GOPENH,2025,1,97.6747797,99.0,60,55
6278,627824510,GSCNH,2025,1,93.757466,99.0,60,55
6278,627824510,GSTNH,2025,1,73.9021728,99.0,60,55
6278,627824510,GVJS,2025,1,94.6480451,99.0,60,55
6278,627824510,GNT1S,2025,1,97.0798432,99.0,60,55
6278,627824510,GNT2S,2025,1,96.5339488,99.0,60,55
6278,627824510,GOBCNH,2025,1,97.3257727,99.0,60,55
6278,627824510,GSEBCS,2025,1,97.225256,99.0,60,55
6278,627824510,LOPENS,2025,1,97.35148,99.0,60,55
6278,627824510,LSCS,2025,1,92.0527932,99.0,60,55
6278,627824510,LSTS,2025,1,68.6031011,99.0,60,55
6278,627824510,LNT2S,2025,1,96.279915,99.0,60,55
6278,627824510,LNT3S,2025,1,95.7030198,99.0,60,55
6278,627824510,LOBCS,2025,1,97.2984447,99.0,60,55
6278,627824510,LSEBCS,2025,1,97.1923599,99.0,60,55
6278,627824510,PWDOPENS,2025,1,40.5616465,99.0,60,55
6278,627824510,PWDOBCS,2025,1,29.7556282,99.0,60,55
6278,627824510,DEFOPENS,2025,1,93.3993174,99.0,60,55
6278,627824510,DEFSCS,2025,1,62.8284912,99.0,60,55
6278,627824510,DEFOBCS,2025,1,92.3369677,99.0,60,55
6278,627824510,TFWS,2025,1,97.5701659,99.0,60,55
6278,627824510,EWS,2025,1,95.4430646,99.0,60,55
6278,627829310,GOPENH,2025,1,95.3185047,99.0,60,55
6278,627829310,GSCNH,2025,1,88.2583444,99.0,60,55
6278,627829310,GSTNH,2025,1,65.2933256,99.0,60,55
6278,627829310,GNT1S,2025,1,91.6505265,99.0,60,55
6278,627829310,GNT2S,2025,1,92.8362212,99.0,60,55
6278,627829310,GNT3S,2025,1,92.5664772,99.0,60,55
6278,627829310,GOBCNH,2025,1,94.1948569,99.0,60,55
6278,627829310,GSEBCS,2025,1,94.5074586,99.0,60,55
6278,627829310,LOPENS,2025,1,94.4912483,99.0,60,55
6278,627829310,LSCS,2025,1,87.2152238,99.0,60,55
6278,627829310,LSTS,2025,1,67.9621973,99.0,60,55
6278,627829310,LVJS,2025,1,84.207639,99.0,60,55
6278,627829310,LNT2S,2025,1,92.1611438,99.0,60,55
6278,627829310,LOBCS,2025,1,94.2307013,99.0,60,55
6278,627829310,LSEBCS,2025,1,94.4673823,99.0,60,55
6278,627829310,PWDOPENS,2025,1,45.8934793,99.0,60,55
6278,627829310,DEFOPENS,2025,1,89.451403,99.0,60,55
6278,627829310,TFWS,2025,1,95.9558175,99.0,60,55
6278,627829310,DEFROBCS,2025,1,84.4137833,99.0,60,55
6278,627829310,EWS,2025,1,88.5024155,99.0,60,55
6278,627837210,GOPENH,2025,1,96.5870307,99.0,60,55
6278,627837210,GSCNH,2025,1,91.3216011,99.0,60,55
6278,627837210,GSTNH,2025,1,74.1899324,99.0,60,55
6278,627837210,GVJS,2025,1,92.0107754,99.0,60,55
6278,627837210,GNT2S,2025,1,94.9303758,99.0,60,55
6278,627837210,GNT3S,2025,1,95.2312139,99.0,60,55
6278,627837210,GOBCNH,2025,1,96.1179887,99.0,60,55
6278,627837210,GSEBCS,2025,1,96.3646855,99.0,60,55
6278,627837210,LOPENS,2025,1,96.3919151,99.0,60,55
6278,627837210,LSCS,2025,1,90.1775065,99.0,60,55
6278,627837210,LSTS,2025,1,59.5017065,99.0,60,55
6278,627837210,LNT1S,2025,1,92.8576339,99.0,60,55
6278,627837210,LOBCS,2025,1,96.2975699,99.0,60,55
6278,627837210,LSEBCS,2025,1,95.9897611,99.0,60,55
6278,627837210,PWDOPENS,2025,1,27.147084,99.0,60,55
6278,627837210,DEFOPENS,2025,1,92.0068259,99.0,60,55
6278,627837210,TFWS,2025,1,96.5565559,99.0,60,55
6278,627837210,DEFRSEBCS,2025,1,91.8347853,99.0,60,55
6278,627837210,EWS,2025,1,93.158138,99.0,60,55
6278,627837810,GOPENH,2025,1,95.5773573,99.0,60,55
6278,627837810,GSCNH,2025,1,88.2977496,99.0,60,55
6278,627837810,GVJS,2025,1,88.2059917,99.0,60,55
6278,627837810,GNT1S,2025,1,92.8766596,99.0,60,55
6278,627837810,GNT2S,2025,1,94.2038061,99.0,60,55
6278,627837810,GOBCNH,2025,1,95.2882188,99.0,60,55
6278,627837810,GSEBCS,2025,1,94.9146711,99.0,60,55
6278,627837810,LOPENS,2025,1,95.6987601,99.0,60,55
6278,627837810,LSCS,2025,1,89.0033044,99.0,60,55
6278,627837810,LNT3S,2025,1,91.6804693,99.0,60,55
6278,627837810,LOBCS,2025,1,95.4830918,99.0,60,55
6278,627837810,DEFOPENS,2025,1,87.4032298,99.0,60,55
6278,627837810,TFWS,2025,1,95.3610436,99.0,60,55
6278,627837810,DEFROBCS,2025,1,86.5796724,99.0,60,55
6278,627837810,EWS,2025,1,91.0435718,99.0,60,55
6278,627850710,GOPENH,2025,1,91.8375201,99.0,60,55
6278,627850710,GSCNH,2025,1,81.3089554,99.0,60,55
6278,627850710,GSTNH,2025,1,56.2435713,99.0,60,55
6278,627850710,GNT1S,2025,1,86.4436823,99.0,60,55
6278,627850710,GNT2S,2025,1,90.1775065,99.0,60,55
6278,627850710,GNT3S,2025,1,89.451403,99.0,60,55
6278,627850710,GOBCNH,2025,1,90.5491967,99.0,60,55
6278,627850710,GSEBCS,2025,1,89.8801547,99.0,60,55
6278,627850710,LOPENS,2025,1,93.0779848,99.0,60,55
6278,627850710,LSCS,2025,1,90.1004135,99.0,60,55
6278,627850710,LSTS,2025,1,79.3692556,99.0,60,55
6278,627850710,LVJS,2025,1,88.1060139,99.0,60,55
6278,627850710,LNT2S,2025,1,92.0615223,99.0,60,55
6278,627850710,LOBCS,2025,1,88.118041,99.0,60,55
6278,627850710,LSEBCS,2025,1,73.7754477,99.0,60,55
6278,627850710,DEFOPENS,2025,1,93.8402527,99.0,60,55
6278,627850710,TFWS,2025,1,72.9916849,99.0,60,55
6278,627850710,DEFROBCS,2025,1,80.1749582,99.0,60,55
6278,627850710,EWS,2025,1,43.2064159,99.0,60,55
6278,627861210,GOPENH,2025,1,95.2882188,99.0,60,55
6278,627861210,GSCNH,2025,1,87.9627325,99.0,60,55
6278,627861210,GSTNH,2025,1,56.1183815,99.0,60,55
6278,627861210,GVJS,2025,1,90.5659048,99.0,60,55
6278,627861210,GNT1S,2025,1,92.3471157,99.0,60,55
6278,627861210,GNT2S,2025,1,92.2738405,99.0,60,55
6278,627861210,GNT3S,2025,1,93.1635295,99.0,60,55
6278,627861210,GOBCNH,2025,1,94.7585145,99.0,60,55
6278,627861210,GSEBCS,2025,1,94.3460306,99.0,60,55
6278,627861210,LOPENS,2025,1,94.7105213,99.0,60,55
6278,627861210,LSCS,2025,1,83.7134808,99.0,60,55
6278,627861210,LSTS,2025,1,30.74803,99.0,60,55
6278,627861210,LNT1S,2025,1,82.9708753,99.0,60,55
6278,627861210,LNT2S,2025,1,92.8258661,99.0,60,55
6278,627861210,LOBCS,2025,1,94.3460306,99.0,60,55
6278,627861210,LSEBCS,2025,1,93.48002,99.0,60,55
6278,627861210,PWDOPENS,2025,1,60.7738415,99.0,60,55
6278,627861210,DEFOPENS,2025,1,86.099446,99.0,60,55
6278,627861210,DEFSCS,2025,1,63.0171253,99.0,60,55
6278,627861210,DEFOBCS,2025,1,85.2824124,99.0,60,55
6278,627861210,TFWS,2025,1,95.8464164,99.0,60,55
6278,627861210,EWS,2025,1,88.7627999,99.0,60,55
6278,627862510,GOPENH,2025,1,93.2009875,99.0,60,55
6278,627862510,GSCNH,2025,1,81.4271094,99.0,60,55
6278,627862510,GNT1S,2025,1,91.7316874,99.0,60,55
6278,627862510,GNT2S,2025,1,89.5119454,99.0,60,55
6278,627862510,GOBCNH,2025,1,91.6505265,99.0,60,55
6278,627862510,GSEBCS,2025,1,92.0013784,99.0,60,55
6278,627862510,LOPENS,2025,1,92.2976964,99.0,60,55
6278,627862510,LSCS,2025,1,77.8612083,99.0,60,55
6278,627862510,LVJS,2025,1,77.9589871,99.0,60,55
6278,627862510,LNT3S,2025,1,83.1821207,99.0,60,55
6278,627862510,LOBCS,2025,1,91.3857287,99.0,60,55
6278,627862510,LSEBCS,2025,1,92.1242775,99.0,60,55
6278,627862510,DEFOPENS,2025,1,85.1550148,99.0,60,55
6278,627862510,TFWS,2025,1,93.3688303,99.0,60,55
6278,627862510,DEFRSEBCS,2025,1,79.4793202,99.0,60,55
6278,627862510,EWS,2025,1,83.6630885,99.0,60,55
6278,627892110,GOPENH,2025,1,96.9031415,99.0,60,55
6278,627892110,GSCNH,2025,1,92.0888164,99.0,60,55
6278,627892110,GSTNH,2025,1,65.4076693,99.0,60,55
6278,627892110,GVJS,2025,1,93.1944731,99.0,60,55
6278,627892110,GNT1S,2025,1,96.6852182,99.0,60,55
6278,627892110,GNT2S,2025,1,95.8390646,99.0,60,55
6278,627892110,GNT3S,2025,1,96.3170599,99.0,60,55
6278,627892110,GOBCNH,2025,1,96.6404902,99.0,60,55
6278,627892110,GSEBCS,2025,1,96.6852182,99.0,60,55
6278,627892110,LOPENS,2025,1,96.9607316,99.0,60,55
6278,627892110,LSCS,2025,1,91.3734349,99.0,60,55
6278,627892110,LSTS,2025,1,59.4665021,99.0,60,55
6278,627892110,LVJS,2025,1,92.7467219,99.0,60,55
6278,627892110,LNT1S,2025,1,94.0675053,99.0,60,55
6278,627892110,LNT2S,2025,1,95.3151853,99.0,60,55
6278,627892110,LOBCS,2025,1,96.7673658,99.0,60,55
6278,627892110,LSEBCS,2025,1,96.489538,99.0,60,55
6278,627892110,PWDOPENS,2025,1,59.5499981,99.0,60,55
6278,627892110,PWDOBCS,2025,1,52.1496391,99.0,60,55
6278,627892110,DEFOPENS,2025,1,93.7060041,99.0,60,55
6278,627892110,DEFSCS,2025,1,52.7200757,99.0,60,55
6278,627892110,DEFOBCS,2025,1,92.2609198,99.0,60,55
6278,627892110,TFWS,2025,1,97.2950127,99.0,60,55
6278,627892110,EWS,2025,1,50.184431,99.0,60,55
6281,628124510,GOPENH,2025,1,94.4454247,99.0,60,55
6281,628124510,GSCNH,2025,1,87.5726309,99.0,60,55
6281,628124510,GSTNH,2025,1,30.6903413,99.0,60,55
6281,628124510,GVJS,2025,1,90.2558184,99.0,60,55
6281,628124510,GNT1S,2025,1,91.4802758,99.0,60,55
6281,628124510,GNT2S,2025,1,93.233135,99.0,60,55
6281,628124510,GNT3S,2025,1,93.0779848,99.0,60,55
6281,628124510,GOBCNH,2025,1,93.9909165,99.0,60,55
6281,628124510,GSEBCS,2025,1,93.9707059,99.0,60,55
6281,628124510,LOPENS,2025,1,94.6595693,99.0,60,55
6281,628124510,LSCS,2025,1,87.8605935,99.0,60,55
6281,628124510,LSTS,2025,1,27.2101033,99.0,60,55
6281,628124510,LVJS,2025,1,86.8334686,99.0,60,55
6281,628124510,LNT1S,2025,1,90.2558184,99.0,60,55
6281,628124510,LNT2S,2025,1,92.2402421,99.0,60,55
6281,628124510,LOBCS,2025,1,94.3460306,99.0,60,55
6281,628124510,LSEBCS,2025,1,94.2326904,99.0,60,55
6281,628124510,PWDOPENS,2025,1,68.6254044,99.0,60,55
6281,628124510,DEFOPENS,2025,1,86.3482671,99.0,60,55
6281,628124510,DEFSCS,2025,1,3.6424493,99.0,60,55
6281,628124510,DEFOBCS,2025,1,85.7396473,99.0,60,55
6281,628124510,DEFSEBCS,2025,1,85.239357,99.0,60,55
6281,628124510,TFWS,2025,1,94.5553041,99.0,60,55
6281,628124510,DEFROBCS,2025,1,85.2566749,99.0,60,55
6281,628124510,DEFRSEBCS,2025,1,81.6127789,99.0,60,55
6281,628124510,EWS,2025,1,64.1499185,99.0,60,55
6281,628137210,GOPENH,2025,1,93.3993174,99.0,60,55
6281,628137210,GSCNH,2025,1,84.5857013,99.0,60,55
6281,628137210,GVJS,2025,1,87.5957229,99.0,60,55
6281,628137210,GNT1S,2025,1,89.1450013,99.0,60,55
6281,628137210,GNT2S,2025,1,91.8375201,99.0,60,55
6281,628137210,GNT3S,2025,1,91.7858261,99.0,60,55
6281,628137210,GOBCNH,2025,1,92.6165904,99.0,60,55
6281,628137210,GSEBCS,2025,1,92.9026198,99.0,60,55
6281,628137210,LOPENS,2025,1,93.6609837,99.0,60,55
6281,628137210,LSCS,2025,1,84.4137833,99.0,60,55
6281,628137210,LSTS,2025,1,66.0913492,99.0,60,55
6281,628137210,LVJS,2025,1,87.468285,99.0,60,55
6281,628137210,LNT1S,2025,1,85.2566749,99.0,60,55
6281,628137210,LNT2S,2025,1,92.1628997,99.0,60,55
6281,628137210,LNT3S,2025,1,88.2583444,99.0,60,55
6281,628137210,LOBCS,2025,1,92.8132001,99.0,60,55
6281,628137210,LSEBCS,2025,1,93.4202865,99.0,60,55
6281,628137210,DEFOPENS,2025,1,84.5857013,99.0,60,55
6281,628137210,DEFOBCS,2025,1,84.2401501,99.0,60,55
6281,628137210,DEFSEBCS,2025,1,78.4082225,99.0,60,55
6281,628137210,TFWS,2025,1,93.6831704,99.0,60,55
6281,628137210,EWS,2025,1,85.7396473,99.0,60,55
6281,628161210,GOPENH,2025,1,89.8845123,99.0,60,55
6281,628161210,GSCNH,2025,1,79.4663048,99.0,60,55
6281,628161210,GVJS,2025,1,79.6966406,99.0,60,55
6281,628161210,GNT1S,2025,1,80.2298047,99.0,60,55
6281,628161210,GNT2S,2025,1,84.7521447,99.0,60,55
6281,628161210,GNT3S,2025,1,88.7299064,99.0,60,55
6281,628161210,GOBCNH,2025,1,87.4032298,99.0,60,55
6281,628161210,GSEBCS,2025,1,88.1060139,99.0,60,55
6281,628161210,LOPENS,2025,1,87.9627325,99.0,60,55
6281,628161210,LSCS,2025,1,76.5032413,99.0,60,55
6281,628161210,LNT2S,2025,1,80.4992916,99.0,60,55
6281,628161210,LNT3S,2025,1,82.3548238,99.0,60,55
6281,628161210,LOBCS,2025,1,87.0084871,99.0,60,55
6281,628161210,LSEBCS,2025,1,86.8632708,99.0,60,55
6281,628161210,DEFOPENS,2025,1,72.3753397,99.0,60,55
6281,628161210,DEFOBCS,2025,1,53.864934,99.0,60,55
6281,628161210,DEFSEBCS,2025,1,70.4097117,99.0,60,55
6281,628161210,TFWS,2025,1,90.0196524,99.0,60,55
6281,628161210,EWS,2025,1,74.8112584,99.0,60,55
6281,628191610,GOPENH,2025,1,92.6284151,99.0,60,55
6281,628191610,GSCNH,2025,1,84.9063828,99.0,60,55
6281,628191610,GSTNH,2025,1,14.1268505,99.0,60,55
6281,628191610,GVJS,2025,1,85.2566749,99.0,60,55
6281,628191610,GNT1S,2025,1,85.791852,99.0,60,55
6281,628191610,GNT2S,2025,1,89.2174843,99.0,60,55
6281,628191610,GOBCNH,2025,1,91.9326024,99.0,60,55
6281,628191610,GSEBCS,2025,1,91.8455822,99.0,60,55
6281,628191610,LOPENS,2025,1,92.9443952,99.0,60,55
6281,628191610,LSCS,2025,1,85.7757627,99.0,60,55
6281,628191610,LNT2S,2025,1,90.7025504,99.0,60,55
6281,628191610,LNT3S,2025,1,88.0866426,99.0,60,55
6281,628191610,LOBCS,2025,1,92.5664772,99.0,60,55
6281,628191610,LSEBCS,2025,1,92.5267651,99.0,60,55
6281,628191610,PWDOPENS,2025,1,26.166493,99.0,60,55
6281,628191610,DEFOPENS,2025,1,83.7431799,99.0,60,55
6281,628191610,DEFOBCS,2025,1,74.2209832,99.0,60,55
6281,628191610,TFWS,2025,1,92.5689146,99.0,60,55
6281,628191610,DEFROBCS,2025,1,76.3286018,99.0,60,55
6281,628191610,EWS,2025,1,85.2566749,99.0,60,55
6282,628224510,GOPENH,2025,1,96.9615697,99.0,60,55
6282,628224510,GSCNH,2025,1,92.0078173,99.0,60,55
6282,628224510,GSTNH,2025,1,73.2041877,99.0,60,55
6282,628224510,GVJS,2025,1,93.4294534,99.0,60,55
6282,628224510,GNT1S,2025,1,95.3347214,99.0,60,55
6282,628224510,GNT2S,2025,1,96.8036058,99.0,60,55
6282,628224510,GNT3S,2025,1,96.2623043,99.0,60,55
6282,628224510,GOBCNH,2025,1,96.6594242,99.0,60,55
6282,628224510,GSEBCS,2025,1,96.7120842,99.0,60,55
6282,628224510,LOPENS,2025,1,97.1023891,99.0,60,55
6282,628224510,LSCS,2025,1,91.6804693,99.0,60,55
6282,628224510,LSTS,2025,1,53.8067479,99.0,60,55
6282,628224510,LNT1S,2025,1,92.9443952,99.0,60,55
6282,628224510,LNT2S,2025,1,95.721604,99.0,60,55
6282,628224510,LNT3S,2025,1,95.6631314,99.0,60,55
6282,628224510,LOBCS,2025,1,96.6453344,99.0,60,55
6282,628224510,LSEBCS,2025,1,96.9378727,99.0,60,55
6282,628224510,PWDOPENS,2025,1,56.6825649,99.0,60,55
6282,628224510,PWDOBCS,2025,1,52.1496391,99.0,60,55
6282,628224510,DEFOPENS,2025,1,95.1933808,99.0,60,55
6282,628224510,DEFSCS,2025,1,77.0914416,99.0,60,55
6282,628224510,DEFOBCS,2025,1,92.7517958,99.0,60,55
6282,628224510,DEFSEBCS,2025,1,92.5664772,99.0,60,55
6282,628224510,TFWS,2025,1,97.119681,99.0,60,55
6282,628224510,DEFROBCS,2025,1,93.7616003,99.0,60,55
6282,628224510,EWS,2025,1,93.9372552,99.0,60,55
6282,628224610,GOPENH,2025,1,96.4352588,99.0,60,55
6282,628224610,GSCNH,2025,1,91.3734349,99.0,60,55
6282,628224610,GSTNH,2025,1,63.552865,99.0,60,55
6282,628224610,GVJS,2025,1,93.0429397,99.0,60,55
6282,628224610,GNT1S,2025,1,94.5768123,99.0,60,55
6282,628224610,GNT2S,2025,1,96.3941538,99.0,60,55
6282,628224610,GNT3S,2025,1,95.9338334,99.0,60,55
6282,628224610,GOBCNH,2025,1,96.3129908,99.0,60,55
6282,628224610,GSEBCS,2025,1,96.2707087,99.0,60,55
6282,628224610,LOPENS,2025,1,96.5095247,99.0,60,55
6282,628224610,LSCS,2025,1,90.3030767,99.0,60,55
6282,628224610,LSTS,2025,1,62.965955,99.0,60,55
6282,628224610,LVJS,2025,1,89.9552166,99.0,60,55
6282,628224610,LNT2S,2025,1,95.1347459,99.0,60,55
6282,628224610,LOBCS,2025,1,96.3941538,99.0,60,55
6282,628224610,LSEBCS,2025,1,96.4373935,99.0,60,55
6282,628224610,DEFOPENS,2025,1,90.9144237,99.0,60,55
6282,628224610,DEFSCS,2025,1,83.3904312,99.0,60,55
6282,628224610,DEFOBCS,2025,1,90.354069,99.0,60,55
6282,628224610,DEFSEBCS,2025,1,92.4858168,99.0,60,55
6282,628224610,TFWS,2025,1,96.5870307,99.0,60,55
6282,628224610,DEFRNT2S,2025,1,90.866765,99.0,60,55
6282,628224610,EWS,2025,1,92.8576339,99.0,60,55
6282,628229310,GOPENH,2025,1,93.8417347,99.0,60,55
6282,628229310,GSCNH,2025,1,89.0615554,99.0,60,55
6282,628229310,GSTNH,2025,1,51.2488599,99.0,60,55
6282,628229310,GVJS,2025,1,89.1791812,99.0,60,55
6282,628229310,GNT2S,2025,1,92.6489748,99.0,60,55
6282,628229310,GOBCNH,2025,1,93.5645877,99.0,60,55
6282,628229310,GSEBCS,2025,1,93.0716724,99.0,60,55
6282,628229310,LOPENS,2025,1,93.6844271,99.0,60,55
6282,628229310,LSCS,2025,1,85.2566749,99.0,60,55
6282,628229310,LSTS,2025,1,32.0852596,99.0,60,55
6282,628229310,LNT1S,2025,1,82.7018873,99.0,60,55
6282,628229310,LNT3S,2025,1,90.8211878,99.0,60,55
6282,628229310,LOBCS,2025,1,93.1663509,99.0,60,55
6282,628229310,LSEBCS,2025,1,92.5664772,99.0,60,55
6282,628229310,DEFOPENS,2025,1,88.9649575,99.0,60,55
6282,628229310,TFWS,2025,1,94.1948569,99.0,60,55
6282,628229310,DEFROBCS,2025,1,82.5792479,99.0,60,55
6282,628229310,EWS,2025,1,85.7757627,99.0,60,55
6282,628237210,GOPENH,2025,1,95.8464164,99.0,60,55
6282,628237210,GSCNH,2025,1,89.9205793,99.0,60,55
6282,628237210,GSTNH,2025,1,41.7620841,99.0,60,55
6282,628237210,GVJS,2025,1,91.512485,99.0,60,55
6282,628237210,GNT1S,2025,1,93.4649935,99.0,60,55
6282,628237210,GNT2S,2025,1,94.5391572,99.0,60,55
6282,628237210,GNT3S,2025,1,94.5936573,99.0,60,55
6282,628237210,GOBCNH,2025,1,95.6149583,99.0,60,55
6282,628237210,GSEBCS,2025,1,95.4954605,99.0,60,55
6282,628237210,LOPENS,2025,1,96.0219043,99.0,60,55
6282,628237210,LSCS,2025,1,89.4554822,99.0,60,55
6282,628237210,LSTS,2025,1,24.5822293,99.0,60,55
6282,628237210,LVJS,2025,1,89.4554822,99.0,60,55
6282,628237210,LNT2S,2025,1,94.8431909,99.0,60,55
6282,628237210,LOBCS,2025,1,95.5511974,99.0,60,55
6282,628237210,LSEBCS,2025,1,95.5320057,99.0,60,55
6282,628237210,DEFOPENS,2025,1,90.0963693,99.0,60,55
6282,628237210,DEFSCS,2025,1,40.7074872,99.0,60,55
6282,628237210,DEFOBCS,2025,1,88.8464637,99.0,60,55
6282,628237210,TFWS,2025,1,95.862761,99.0,60,55
6282,628237210,EWS,2025,1,91.2552493,99.0,60,55
6282,628246610,GOPENH,2025,1,92.5679358,99.0,60,55
6282,628246610,GSCNH,2025,1,84.3396689,99.0,60,55
6282,628246610,GSTNH,2025,1,40.4581492,99.0,60,55
6282,628246610,GVJS,2025,1,81.3283933,99.0,60,55
6282,628246610,GNT2S,2025,1,90.3030767,99.0,60,55
6282,628246610,GNT3S,2025,1,90.3566145,99.0,60,55
6282,628246610,GOBCNH,2025,1,92.0078173,99.0,60,55
6282,628246610,GSEBCS,2025,1,92.0527932,99.0,60,55
6282,628246610,LOPENS,2025,1,93.4463876,99.0,60,55
6282,628246610,LSCS,2025,1,84.2401501,99.0,60,55
6282,628246610,LOBCS,2025,1,92.4965846,99.0,60,55
6282,628246610,LSEBCS,2025,1,92.7372014,99.0,60,55
6282,628246610,DEFOPENS,2025,1,60.010721,99.0,60,55
6282,628246610,TFWS,2025,1,94.7981886,99.0,60,55
6282,628246610,DEFROBCS,2025,1,59.3625359,99.0,60,55
6282,628246610,EWS,2025,1,84.4651484,99.0,60,55
6282,628299510,GOPENH,2025,1,96.4320221,99.0,60,55
6282,628299510,GSCNH,2025,1,90.9200385,99.0,60,55
6282,628299510,GSTNH,2025,1,64.4305882,99.0,60,55
6282,628299510,GVJS,2025,1,92.5664772,99.0,60,55
6282,628299510,GNT1S,2025,1,94.9173586,99.0,60,55
6282,628299510,GNT2S,2025,1,95.4060578,99.0,60,55
6282,628299510,GNT3S,2025,1,95.6826425,99.0,60,55
6282,628299510,GOBCNH,2025,1,96.2975699,99.0,60,55
6282,628299510,GSEBCS,2025,1,96.1774744,99.0,60,55
6282,628299510,LOPENS,2025,1,96.489538,99.0,60,55
6282,628299510,LSCS,2025,1,90.4021551,99.0,60,55
6282,628299510,LSTS,2025,1,52.7200757,99.0,60,55
6282,628299510,LVJS,2025,1,91.2083671,99.0,60,55
6282,628299510,LNT1S,2025,1,93.4296473,99.0,60,55
6282,628299510,LNT2S,2025,1,95.2958925,99.0,60,55
6282,628299510,LNT3S,2025,1,96.1068782,99.0,60,55
6282,628299510,LOBCS,2025,1,96.1741748,99.0,60,55
6282,628299510,LSEBCS,2025,1,96.245889,99.0,60,55
6282,628299510,PWDOPENS,2025,1,34.7351841,99.0,60,55
6282,628299510,PWDOBCS,2025,1,8.051581,99.0,60,55
6282,628299510,DEFOPENS,2025,1,92.5664772,99.0,60,55
6282,628299510,DEFSCS,2025,1,55.7703505,99.0,60,55
6282,628299510,DEFOBCS,2025,1,91.512485,99.0,60,55
6282,628299510,DEFSEBCS,2025,1,93.1708179,99.0,60,55
6282,628299510,TFWS,2025,1,96.8852136,99.0,60,55
6282,628299510,DEFROBCS,2025,1,91.3421736,99.0,60,55
6282,628299510,EWS,2025,1,92.8822002,99.0,60,55
6283,628300210,GOPENH,2025,1,78.4699621,99.0,60,55
6283,628300210,GSCNH,2025,1,54.7674174,99.0,60,55
6283,628300210,GVJS,2025,1,59.2124434,99.0,60,55
6283,628300210,GNT2S,2025,1,72.3753397,99.0,60,55
6283,628300210,GNT3S,2025,1,53.864934,99.0,60,55
6283,628300210,GOBCNH,2025,1,74.4163823,99.0,60,55
6283,628300210,GSEBCS,2025,1,76.3324995,99.0,60,55
6283,628300210,LOPENS,2025,1,85.3954204,99.0,60,55
6283,628300210,LSCS,2025,1,62.965955,99.0,60,55
6283,628300210,LVJS,2025,1,50.9743237,99.0,60,55
6283,628300210,LNT1S,2025,1,78.0816199,99.0,60,55
6283,628300210,LNT2S,2025,1,76.5032413,99.0,60,55
6283,628300210,LOBCS,2025,1,84.4412567,99.0,60,55
6283,628300210,LSEBCS,2025,1,46.7128425,99.0,60,55
6283,628300210,DEFOPENS,2025,1,81.2524249,99.0,60,55
6283,628300210,TFWS,2025,1,68.063194,99.0,60,55
6283,628300210,EWS,2025,1,57.8685189,99.0,60,55
6283,628319110,GOPENH,2025,1,78.4082225,99.0,60,55
6283,628319110,GSCNH,2025,1,53.1039032,99.0,60,55
6283,628319110,GVJS,2025,1,59.4665021,99.0,60,55
6283,628319110,GNT1S,2025,1,55.2387338,99.0,60,55
6283,628319110,GNT2S,2025,1,76.3286018,99.0,60,55
6283,628319110,GOBCNH,2025,1,67.1207715,99.0,60,55
6283,628319110,GSEBCS,2025,1,77.2289819,99.0,60,55
6283,628319110,LOPENS,2025,1,83.1950716,99.0,60,55
6283,628319110,LSCS,2025,1,50.5512969,99.0,60,55
6283,628319110,LNT2S,2025,1,81.0334862,99.0,60,55
6283,628319110,LNT3S,2025,1,51.7178644,99.0,60,55
6283,628319110,LOBCS,2025,1,70.8903389,99.0,60,55
6283,628319110,LSEBCS,2025,1,82.0388536,99.0,60,55
6283,628319110,PWDOPENS,2025,1,52.1256716,99.0,60,55
6283,628319110,DEFOPENS,2025,1,55.7703505,99.0,60,55
6283,628319110,TFWS,2025,1,84.4467601,99.0,60,55
6283,628319110,EWS,2025,1,19.7268589,99.0,60,55
6283,628324210,GOPENH,2025,1,87.6160033,99.0,60,55
6283,628324210,GSCNH,2025,1,74.4163823,99.0,60,55
6283,628324210,GVJS,2025,1,72.3753397,99.0,60,55
6283,628324210,GNT1S,2025,1,81.6705255,99.0,60,55
6283,628324210,GNT2S,2025,1,87.1247638,99.0,60,55
6283,628324210,GNT3S,2025,1,85.1182895,99.0,60,55
6283,628324210,GOBCNH,2025,1,85.225256,99.0,60,55
6283,628324210,GSEBCS,2025,1,87.1731352,99.0,60,55
6283,628324210,LOPENS,2025,1,88.8881114,99.0,60,55
6283,628324210,LSCS,2025,1,76.2668468,99.0,60,55
6283,628324210,LVJS,2025,1,78.975446,99.0,60,55
6283,628324210,LNT1S,2025,1,69.8303637,99.0,60,55
6283,628324210,LNT2S,2025,1,87.089825,99.0,60,55
6283,628324210,LOBCS,2025,1,86.8632708,99.0,60,55
6283,628324210,LSEBCS,2025,1,88.1535836,99.0,60,55
6283,628324210,DEFOPENS,2025,1,76.6993653,99.0,60,55
6283,628324210,DEFOBCS,2025,1,75.6280193,99.0,60,55
6283,628324210,DEFSEBCS,2025,1,79.7046663,99.0,60,55
6283,628324210,TFWS,2025,1,89.6934787,99.0,60,55
6283,628324210,DEFRNT2S,2025,1,47.0872596,99.0,60,55
6283,628324210,EWS,2025,1,77.540946,99.0,60,55
6283,628326310,GOPENH,2025,1,85.791852,99.0,60,55
6283,628326310,GSCNH,2025,1,73.3356624,99.0,60,55
6283,628326310,GVJS,2025,1,68.6498934,99.0,60,55
6283,628326310,GNT1S,2025,1,73.9021728,99.0,60,55
6283,628326310,GNT2S,2025,1,84.3786315,99.0,60,55
6283,628326310,GNT3S,2025,1,77.6220509,99.0,60,55
6283,628326310,GOBCNH,2025,1,83.1707575,99.0,60,55
6283,628326310,GSEBCS,2025,1,85.1550148,99.0,60,55
6283,628326310,LOPENS,2025,1,88.7592898,99.0,60,55
6283,628326310,LSCS,2025,1,71.7660957,99.0,60,55
6283,628326310,LVJS,2025,1,73.2041877,99.0,60,55
6283,628326310,LNT1S,2025,1,75.6280193,99.0,60,55
6283,628326310,LNT2S,2025,1,87.0084871,99.0,60,55
6283,628326310,LNT3S,2025,1,3.0695292,99.0,60,55
6283,628326310,LOBCS,2025,1,85.225256,99.0,60,55
6283,628326310,LSEBCS,2025,1,87.1247638,99.0,60,55
6283,628326310,DEFOPENS,2025,1,49.1097752,99.0,60,55
6283,628326310,TFWS,2025,1,86.8832732,99.0,60,55
6283,628326310,EWS,2025,1,72.9916849,99.0,60,55
6283,628326610,GOPENH,2025,1,81.2365306,99.0,60,55
6283,628326610,GSCNH,2025,1,68.6254044,99.0,60,55
6283,628326610,GVJS,2025,1,49.3545528,99.0,60,55
6283,628326610,GNT1S,2025,1,73.9721817,99.0,60,55
6283,628326610,GNT2S,2025,1,80.4944215,99.0,60,55
6283,628326610,GNT3S,2025,1,52.6909021,99.0,60,55
6283,628326610,GOBCNH,2025,1,77.3511663,99.0,60,55
6283,628326610,GSEBCS,2025,1,80.4293972,99.0,60,55
6283,628326610,LOPENS,2025,1,83.7030299,99.0,60,55
6283,628326610,LSCS,2025,1,64.2198294,99.0,60,55
6283,628326610,LOBCS,2025,1,77.8890571,99.0,60,55
6283,628326610,LSEBCS,2025,1,82.9428736,99.0,60,55
6283,628326610,TFWS,2025,1,83.988979,99.0,60,55
6283,628326610,EWS,2025,1,66.2459959,99.0,60,55
6283,628329310,GOPENH,2025,1,82.6530612,99.0,60,55
6283,628329310,GSCNH,2025,1,65.814611,99.0,60,55
6283,628329310,GVJS,2025,1,57.9680585,99.0,60,55
6283,628329310,GNT2S,2025,1,79.379989,99.0,60,55
6283,628329310,GOBCNH,2025,1,78.9492107,99.0,60,55
6283,628329310,GSEBCS,2025,1,81.7199,99.0,60,55
6283,628329310,LOPENS,2025,1,84.207639,99.0,60,55
6283,628329310,LSCS,2025,1,59.3625359,99.0,60,55
6283,628329310,LVJS,2025,1,74.4163823,99.0,60,55
6283,628329310,LNT1S,2025,1,75.6280193,99.0,60,55
6283,628329310,LNT2S,2025,1,81.3607995,99.0,60,55
6283,628329310,LOBCS,2025,1,83.0532651,99.0,60,55
6283,628329310,LSEBCS,2025,1,30.1917921,99.0,60,55
6283,628329310,DEFOPENS,2025,1,86.6485431,99.0,60,55
6283,628329310,TFWS,2025,1,65.3107562,99.0,60,55
6283,628329310,EWS,2025,1,54.1426021,99.0,60,55
6283,628337210,GOPENH,2025,1,84.3808448,99.0,60,55
6283,628337210,GSCNH,2025,1,66.5496835,99.0,60,55
6283,628337210,GNT1S,2025,1,77.8890571,99.0,60,55
6283,628337210,GNT2S,2025,1,84.207639,99.0,60,55
6283,628337210,GOBCNH,2025,1,82.1268327,99.0,60,55
6283,628337210,GSEBCS,2025,1,84.3808448,99.0,60,55
6283,628337210,LOPENS,2025,1,85.4974574,99.0,60,55
6283,628337210,LSCS,2025,1,62.8284912,99.0,60,55
6283,628337210,LVJS,2025,1,55.7703505,99.0,60,55
6283,628337210,LOBCS,2025,1,83.6630885,99.0,60,55
6283,628337210,LSEBCS,2025,1,84.4547028,99.0,60,55
6283,628337210,DEFOPENS,2025,1,65.4076693,99.0,60,55
6283,628337210,TFWS,2025,1,87.4466038,99.0,60,55
6283,628337210,DEFRSEBCS,2025,1,40.4599724,99.0,60,55
6283,628337210,EWS,2025,1,74.112751,99.0,60,55
6283,628350310,GOPENH,2025,1,94.9297293,99.0,60,55
6283,628350310,GSCNH,2025,1,91.7950237,99.0,60,55
6283,628350310,GVJS,2025,1,90.0351458,99.0,60,55
6283,628350310,GNT1S,2025,1,70.8495776,99.0,60,55
6283,628350310,GNT3S,2025,1,92.5438596,99.0,60,55
6283,628350310,GOBCNH,2025,1,93.1332424,99.0,60,55
6283,628350310,GSEBCS,2025,1,89.5245969,99.0,60,55
6283,628350310,LOPENS,2025,1,95.4355126,99.0,60,55
6283,628350310,LSTS,2025,1,29.1778948,99.0,60,55
6283,628350310,LNT2S,2025,1,87.4137081,99.0,60,55
6283,628350310,LOBCS,2025,1,94.6630839,99.0,60,55
6283,628350310,TFWS,2025,1,93.9108974,99.0,60,55
6283,628350310,EWS,2025,1,77.0303183,99.0,60,55
6283,628361210,GOPENH,2025,1,82.1268327,99.0,60,55
6283,628361210,GSCNH,2025,1,65.1614878,99.0,60,55
6283,628361210,GVJS,2025,1,72.3753397,99.0,60,55
6283,628361210,GNT1S,2025,1,75.110975,99.0,60,55
6283,628361210,GNT2S,2025,1,78.5981492,99.0,60,55
6283,628361210,GNT3S,2025,1,64.2926156,99.0,60,55
6283,628361210,GOBCNH,2025,1,77.6220509,99.0,60,55
6283,628361210,GSEBCS,2025,1,80.5595655,99.0,60,55
6283,628361210,LOPENS,2025,1,80.78157,99.0,60,55
6283,628361210,LSCS,2025,1,45.1152324,99.0,60,55
6283,628361210,LNT1S,2025,1,68.5042436,99.0,60,55
6283,628361210,LNT2S,2025,1,77.583794,99.0,60,55
6283,628361210,LOBCS,2025,1,77.8612083,99.0,60,55
6283,628361210,LSEBCS,2025,1,80.7035589,99.0,60,55
6283,628361210,DEFOPENS,2025,1,71.7660957,99.0,60,55
6283,628361210,DEFOBCS,2025,1,79.5928226,99.0,60,55
6283,628361210,TFWS,2025,1,85.791852,99.0,60,55
6283,628361210,EWS,2025,1,59.5017065,99.0,60,55
6283,628392010,GOPENH,2025,1,82.7018873,99.0,60,55
6283,628392010,GSCNH,2025,1,62.9339383,99.0,60,55
6283,628392010,GNT1S,2025,1,67.3167917,99.0,60,55
6283,628392010,GNT2S,2025,1,80.7910924,99.0,60,55
6283,628392010,GOBCNH,2025,1,80.7055032,99.0,60,55
6283,628392010,GSEBCS,2025,1,82.1648735,99.0,60,55
6283,628392010,LOPENS,2025,1,85.1182895,99.0,60,55
6283,628392010,LSCS,2025,1,58.3262891,99.0,60,55
6283,628392010,LVJS,2025,1,83.2071736,99.0,60,55
6283,628392010,LNT3S,2025,1,84.207639,99.0,60,55
6283,628392010,LOBCS,2025,1,26.166493,99.0,60,55
6283,628392010,LSEBCS,2025,1,84.2510483,99.0,60,55
6283,628392010,DEFOPENS,2025,1,76.6875679,99.0,60,55
6283,628392010,TFWS,2025,1,72.1871837,99.0,60,55
6283,628392010,DEFRSEBCS,2025,1,61.9398096,99.0,60,55
6283,628392010,EWS,2025,1,80.1766472,99.0,60,55
6284,628419110,GOPENH,2025,1,85.6770225,99.0,60,55
6284,628419110,GSCNH,2025,1,72.5022286,99.0,60,55
6284,628419110,GSTNH,2025,1,58.1324148,99.0,60,55
6284,628419110,GVJS,2025,1,71.4785529,99.0,60,55
6284,628419110,GNT1S,2025,1,84.7521447,99.0,60,55
6284,628419110,GNT2S,2025,1,83.1950716,99.0,60,55
6284,628419110,GNT3S,2025,1,83.1481862,99.0,60,55
6284,628419110,GOBCNH,2025,1,83.2071736,99.0,60,55
6284,628419110,GSEBCS,2025,1,85.129786,99.0,60,55
6284,628419110,LOPENS,2025,1,87.5726309,99.0,60,55
6284,628419110,LSCS,2025,1,82.9247643,99.0,60,55
6284,628419110,LSTS,2025,1,29.7556282,99.0,60,55
6284,628419110,LNT1S,2025,1,84.4467601,99.0,60,55
6284,628419110,LOBCS,2025,1,85.819156,99.0,60,55
6284,628419110,LSEBCS,2025,1,84.2510483,99.0,60,55
6284,628419110,PWDOPENS,2025,1,85.2987504,99.0,60,55
6284,628419110,PWDOBCS,2025,1,30.6903413,99.0,60,55
6284,628419110,DEFOPENS,2025,1,64.7164682,99.0,60,55
6284,628419110,TFWS,2025,1,88.525902,99.0,60,55
6284,628419110,DEFRSEBCS,2025,1,63.9535342,99.0,60,55
6284,628419110,EWS,2025,1,41.1906024,99.0,60,55
6284,628424510,GOPENH,2025,1,92.0013784,99.0,60,55
6284,628424510,GSCNH,2025,1,82.4999118,99.0,60,55
6284,628424510,GVJS,2025,1,86.0457957,99.0,60,55
6284,628424510,GNT1S,2025,1,81.5934486,99.0,60,55
6284,628424510,GNT2S,2025,1,91.4700615,99.0,60,55
6284,628424510,GNT3S,2025,1,90.7879085,99.0,60,55
6284,628424510,GOBCNH,2025,1,90.966814,99.0,60,55
6284,628424510,GSEBCS,2025,1,91.4802758,99.0,60,55
6284,628424510,LOPENS,2025,1,93.4329298,99.0,60,55
6284,628424510,LSCS,2025,1,82.1268327,99.0,60,55
6284,628424510,LVJS,2025,1,84.4790806,99.0,60,55
6284,628424510,LNT1S,2025,1,87.2636301,99.0,60,55
6284,628424510,LNT2S,2025,1,91.2552493,99.0,60,55
6284,628424510,LNT3S,2025,1,92.8705176,99.0,60,55
6284,628424510,LOBCS,2025,1,92.2402301,99.0,60,55
6284,628424510,LSEBCS,2025,1,92.8362212,99.0,60,55
6284,628424510,PWDOPENS,2025,1,9.3008868,99.0,60,55
6284,628424510,DEFOPENS,2025,1,85.9106165,99.0,60,55
6284,628424510,DEFOBCS,2025,1,79.4793202,99.0,60,55
6284,628424510,DEFSEBCS,2025,1,83.6944391,99.0,60,55
6284,628424510,TFWS,2025,1,94.4912483,99.0,60,55
6284,628424510,DEFRSEBCS,2025,1,85.8946885,99.0,60,55
6284,628424510,EWS,2025,1,81.3607995,99.0,60,55
6284,628424610,GOPENH,2025,1,90.1398917,99.0,60,55
6284,628424610,GSCNH,2025,1,79.9864621,99.0,60,55
6284,628424610,GVJS,2025,1,81.4271094,99.0,60,55
6284,628424610,GNT1S,2025,1,80.5793663,99.0,60,55
6284,628424610,GNT2S,2025,1,88.8464637,99.0,60,55
6284,628424610,GNT3S,2025,1,88.1468922,99.0,60,55
6284,628424610,GOBCNH,2025,1,89.0033044,99.0,60,55
6284,628424610,GSEBCS,2025,1,89.3655049,99.0,60,55
6284,628424610,LOPENS,2025,1,90.6279863,99.0,60,55
6284,628424610,LSCS,2025,1,81.5934486,99.0,60,55
6284,628424610,LVJS,2025,1,75.4489132,99.0,60,55
6284,628424610,LNT2S,2025,1,88.5540762,99.0,60,55
6284,628424610,LNT3S,2025,1,90.2371528,99.0,60,55
6284,628424610,LOBCS,2025,1,89.657308,99.0,60,55
6284,628424610,LSEBCS,2025,1,90.1398917,99.0,60,55
6284,628424610,DEFOPENS,2025,1,77.3511663,99.0,60,55
6284,628424610,DEFOBCS,2025,1,56.4419991,99.0,60,55
6284,628424610,DEFSEBCS,2025,1,71.4377156,99.0,60,55
6284,628424610,TFWS,2025,1,90.8037449,99.0,60,55
6284,628424610,EWS,2025,1,74.4163823,99.0,60,55
6284,628429310,GOPENH,2025,1,86.560206,99.0,60,55
6284,628429310,GSCNH,2025,1,69.8418157,99.0,60,55
6284,628429310,GVJS,2025,1,85.1550148,99.0,60,55
6284,628429310,GNT2S,2025,1,83.5707404,99.0,60,55
6284,628429310,GNT3S,2025,1,84.4547028,99.0,60,55
6284,628429310,GOBCNH,2025,1,85.3230758,99.0,60,55
6284,628429310,GSEBCS,2025,1,85.4732337,99.0,60,55
6284,628429310,LOPENS,2025,1,87.73995,99.0,60,55
6284,628429310,LSCS,2025,1,64.4305882,99.0,60,55
6284,628429310,LNT1S,2025,1,76.5032413,99.0,60,55
6284,628429310,LNT2S,2025,1,81.9712626,99.0,60,55
6284,628429310,LOBCS,2025,1,86.8005513,99.0,60,55
6284,628429310,LSEBCS,2025,1,85.4974574,99.0,60,55
6284,628429310,DEFOPENS,2025,1,68.7336094,99.0,60,55
6284,628429310,TFWS,2025,1,89.2457163,99.0,60,55
6284,628429310,EWS,2025,1,66.5496835,99.0,60,55
6284,628437210,GOPENH,2025,1,89.364907,99.0,60,55
6284,628437210,GSCNH,2025,1,80.0260591,99.0,60,55
6284,628437210,GVJS,2025,1,80.7910924,99.0,60,55
6284,628437210,GNT1S,2025,1,88.8881114,99.0,60,55
6284,628437210,GNT2S,2025,1,88.4226013,99.0,60,55
6284,628437210,GNT3S,2025,1,88.5637068,99.0,60,55
6284,628437210,GOBCNH,2025,1,88.2909271,99.0,60,55
6284,628437210,GSEBCS,2025,1,89.0368294,99.0,60,55
6284,628437210,LOPENS,2025,1,90.1398917,99.0,60,55
6284,628437210,LSCS,2025,1,81.6705255,99.0,60,55
6284,628437210,LVJS,2025,1,66.0625569,99.0,60,55
6284,628437210,LOBCS,2025,1,88.4219058,99.0,60,55
6284,628437210,LSEBCS,2025,1,89.6934787,99.0,60,55
6284,628437210,DEFOPENS,2025,1,74.9818126,99.0,60,55
6284,628437210,DEFOBCS,2025,1,43.6669107,99.0,60,55
6284,628437210,TFWS,2025,1,91.794056,99.0,60,55
6284,628437210,DEFROBCS,2025,1,67.9203695,99.0,60,55
6284,628437210,EWS,2025,1,73.6510161,99.0,60,55
6284,628461210,GOPENH,2025,1,86.3037543,99.0,60,55
6284,628461210,GSCNH,2025,1,76.3286018,99.0,60,55
6284,628461210,GSTNH,2025,1,54.9986599,99.0,60,55
6284,628461210,GVJS,2025,1,73.676029,99.0,60,55
6284,628461210,GNT1S,2025,1,76.6875679,99.0,60,55
6284,628461210,GNT2S,2025,1,82.3548238,99.0,60,55
6284,628461210,GOBCNH,2025,1,83.7986478,99.0,60,55
6284,628461210,GSEBCS,2025,1,85.9212092,99.0,60,55
6284,628461210,LOPENS,2025,1,86.0314842,99.0,60,55
6284,628461210,LSCS,2025,1,75.8548894,99.0,60,55
6284,628461210,LNT1S,2025,1,53.864934,99.0,60,55
6284,628461210,LNT2S,2025,1,83.9283276,99.0,60,55
6284,628461210,LNT3S,2025,1,79.3794141,99.0,60,55
6284,628461210,LOBCS,2025,1,82.4999118,99.0,60,55
6284,628461210,LSEBCS,2025,1,83.7134808,99.0,60,55
6284,628461210,DEFOPENS,2025,1,80.9705409,99.0,60,55
6284,628461210,TFWS,2025,1,88.986683,99.0,60,55
6284,628461210,DEFRSEBCS,2025,1,61.579051,99.0,60,55
6284,628461210,EWS,2025,1,52.1652563,99.0,60,55
6284,628499510,GOPENH,2025,1,89.7957754,99.0,60,55
6284,628499510,GSCNH,2025,1,79.6966406,99.0,60,55
6284,628499510,GVJS,2025,1,83.1461103,99.0,60,55
6284,628499510,GNT1S,2025,1,80.2313072,99.0,60,55
6284,628499510,GNT2S,2025,1,87.9344536,99.0,60,55
6284,628499510,GNT3S,2025,1,87.7884762,99.0,60,55
6284,628499510,GOBCNH,2025,1,88.5427828,99.0,60,55
6284,628499510,GSEBCS,2025,1,89.3655049,99.0,60,55
6284,628499510,LOPENS,2025,1,90.9108002,99.0,60,55
6284,628499510,LSCS,2025,1,79.5538038,99.0,60,55
6284,628499510,LVJS,2025,1,72.9249982,99.0,60,55
6284,628499510,LNT1S,2025,1,81.7199,99.0,60,55
6284,628499510,LNT2S,2025,1,88.525902,99.0,60,55
6284,628499510,LNT3S,2025,1,86.8632708,99.0,60,55
6284,628499510,LOBCS,2025,1,88.9445493,99.0,60,55
6284,628499510,LSEBCS,2025,1,89.9205793,99.0,60,55
6284,628499510,DEFOPENS,2025,1,77.9303712,99.0,60,55
6284,628499510,DEFOBCS,2025,1,62.2946352,99.0,60,55
6284,628499510,DEFSEBCS,2025,1,77.2619593,99.0,60,55
6284,628499510,TFWS,2025,1,90.866765,99.0,60,55
6284,628499510,DEFRNT3S,2025,1,77.2619593,99.0,60,55
6284,628499510,DEFROBCS,2025,1,76.5995199,99.0,60,55
6284,628499510,DEFRSEBCS,2025,1,77.9049638,99.0,60,55
6284,628499510,EWS,2025,1,73.0237189,99.0,60,55
6285,628499510,DEFOPENS,2025,1,89.2347783,99.0,60,55
6285,628499510,DEFOBCS,2025,1,84.6438942,99.0,60,55
6285,628499510,DEFSEBCS,2025,1,82.5187713,99.0,60,55
6285,628499510,TFWS,2025,1,94.8648367,99.0,60,55
6285,628499510,DEFRNT2S,2025,1,85.9212092,99.0,60,55
6285,628499510,EWS,2025,1,89.5539769,99.0,60,55
6285,628499510,DEFOPENS,2025,1,90.0843448,99.0,60,55
6285,628499510,TFWS,2025,1,94.4809929,99.0,60,55
6285,628499510,DEFROBCS,2025,1,84.5857013,99.0,60,55
6285,628499510,EWS,2025,1,88.7299064,99.0,60,55
6285,628499510,DEFOPENS,2025,1,85.2566749,99.0,60,55
6285,628499510,DEFOBCS,2025,1,81.6127789,99.0,60,55
6285,628499510,DEFSEBCS,2025,1,82.4850758,99.0,60,55
6285,628499510,TFWS,2025,1,92.8241551,99.0,60,55
6285,628499510,EWS,2025,1,85.5419841,99.0,60,55
6285,628499510,DEFOPENS,2025,1,84.4651484,99.0,60,55
6285,628499510,TFWS,2025,1,94.1948569,99.0,60,55
6285,628499510,DEFROBCS,2025,1,82.9247643,99.0,60,55
6285,628499510,EWS,2025,1,88.9649575,99.0,60,55
6288,628824210,DEFOPENS,2025,1,17.4168914,99.0,60,55
6288,628824210,DEFSEBCS,2025,1,59.7703364,99.0,60,55
6288,628824210,TFWS,2025,1,84.207639,99.0,60,55
6288,628824210,EWS,2025,1,51.0139791,99.0,60,55
6288,628837210,DEFOPENS,2025,1,69.3105802,99.0,60,55
6288,628837210,TFWS,2025,1,85.819156,99.0,60,55
6288,628837210,EWS,2025,1,32.0852596,99.0,60,55
6288,628861210,DEFOPENS,2025,1,67.458483,99.0,60,55
6288,628861210,TFWS,2025,1,80.7055032,99.0,60,55
6288,628861210,EWS,2025,1,16.3855337,99.0,60,55
6288,628891110,DEFOPENS,2025,1,43.6823105,99.0,60,55
6288,628891110,TFWS,2025,1,84.4852349,99.0,60,55
6288,628891110,EWS,2025,1,42.4145111,99.0,60,55
6293,629324210,TFWS,2025,1,65.4837825,99.0,60,55
6293,629324210,EWS,2025,1,37.9825825,99.0,60,55
6293,629329310,EWS,2025,1,0.3670113,99.0,60,55
6293,629337210,DEFOPENS,2025,1,15.1259327,99.0,60,55
6293,629337210,TFWS,2025,1,40.4162412,99.0,60,55
6293,629337210,EWS,2025,1,22.1854696,99.0,60,55
6293,629361210,TFWS,2025,1,63.540901,99.0,60,55
6293,629361210,EWS,2025,1,9.5804392,99.0,60,55
6293,629399510,TFWS,2025,1,55.319298,99.0,60,55
6293,629399510,EWS,2025,1,29.1650526,99.0,60,55
6298,629819110,GOPENH,2025,1,79.7671884,99.0,60,55
6298,629819110,GSCNH,2025,1,71.4377156,99.0,60,55
6298,629819110,GSTNH,2025,1,19.5229257,99.0,60,55
6298,629819110,GVJS,2025,1,76.099588,99.0,60,55
6298,629819110,GNT1S,2025,1,76.131941,99.0,60,55
6298,629819110,GNT2S,2025,1,74.6217331,99.0,60,55
6298,629819110,GNT3S,2025,1,76.2591061,99.0,60,55
6298,629819110,GOBCNH,2025,1,77.550585,99.0,60,55
6298,629819110,GSEBCS,2025,1,77.2143105,99.0,60,55
6298,629819110,LOPENS,2025,1,76.7952218,99.0,60,55
6298,629819110,LSCS,2025,1,71.5917775,99.0,60,55
6298,629819110,LVJS,2025,1,61.114444,99.0,60,55
6298,629819110,LNT1S,2025,1,63.540901,99.0,60,55
6298,629819110,LNT2S,2025,1,76.3286018,99.0,60,55
6298,629819110,LOBCS,2025,1,75.4489132,99.0,60,55
6298,629819110,LSEBCS,2025,1,76.3286018,99.0,60,55
6298,629819110,DEFOPENS,2025,1,54.7674174,99.0,60,55
6298,629819110,DEFOBCS,2025,1,37.8307719,99.0,60,55
6298,629819110,TFWS,2025,1,81.9275869,99.0,60,55
6298,629819110,DEFRSCS,2025,1,45.1152324,99.0,60,55
6298,629819110,EWS,2025,1,52.1585439,99.0,60,55
6298,629821910,GOPENH,2025,1,81.2524249,99.0,60,55
6298,629821910,GSCNH,2025,1,69.8131691,99.0,60,55
6298,629821910,GVJS,2025,1,72.1871837,99.0,60,55
6298,629821910,GNT1S,2025,1,68.6498934,99.0,60,55
6298,629821910,GNT2S,2025,1,74.112751,99.0,60,55
6298,629821910,GNT3S,2025,1,77.1955616,99.0,60,55
6298,629821910,GOBCNH,2025,1,78.975446,99.0,60,55
6298,629821910,GSEBCS,2025,1,77.9303712,99.0,60,55
6298,629821910,LOPENS,2025,1,83.6630885,99.0,60,55
6298,629821910,LSCS,2025,1,67.9621973,99.0,60,55
6298,629821910,LVJS,2025,1,72.9916849,99.0,60,55
6298,629821910,LNT1S,2025,1,66.5942029,99.0,60,55
6298,629821910,LNT2S,2025,1,74.75684,99.0,60,55
6298,629821910,LNT3S,2025,1,77.8890571,99.0,60,55
6298,629821910,LOBCS,2025,1,80.3167508,99.0,60,55
6298,629821910,LSEBCS,2025,1,80.0260591,99.0,60,55
6298,629821910,DEFOPENS,2025,1,47.7838912,99.0,60,55
6298,629821910,TFWS,2025,1,81.7199,99.0,60,55
6298,629821910,DEFRNT2S,2025,1,44.1937857,99.0,60,55
6298,629821910,EWS,2025,1,45.035095,99.0,60,55
6298,629824510,GOPENH,2025,1,88.8881114,99.0,60,55
6298,629824510,GSCNH,2025,1,81.2737812,99.0,60,55
6298,629824510,GSTNH,2025,1,44.5569356,99.0,60,55
6298,629824510,GVJS,2025,1,85.1749825,99.0,60,55
6298,629824510,GNT1S,2025,1,86.3032893,99.0,60,55
6298,629824510,GNT2S,2025,1,86.8832732,99.0,60,55
6298,629824510,GNT3S,2025,1,86.713982,99.0,60,55
6298,629824510,GOBCNH,2025,1,88.1060139,99.0,60,55
6298,629824510,GSEBCS,2025,1,88.1535836,99.0,60,55
6298,629824510,LOPENS,2025,1,89.9742931,99.0,60,55
6298,629824510,LSCS,2025,1,82.6245527,99.0,60,55
6298,629824510,LVJS,2025,1,83.7030299,99.0,60,55
6298,629824510,LNT1S,2025,1,87.4466038,99.0,60,55
6298,629824510,LNT2S,2025,1,86.9322985,99.0,60,55
6298,629824510,LNT3S,2025,1,87.0771468,99.0,60,55
6298,629824510,LOBCS,2025,1,88.5540762,99.0,60,55
6298,629824510,LSEBCS,2025,1,88.525902,99.0,60,55
6298,629824510,DEFOPENS,2025,1,75.1704646,99.0,60,55
6298,629824510,DEFOBCS,2025,1,68.58833,99.0,60,55
6298,629824510,DEFSEBCS,2025,1,63.4876968,99.0,60,55
6298,629824510,TFWS,2025,1,90.5194308,99.0,60,55
6298,629824510,DEFRNT3S,2025,1,72.0579403,99.0,60,55
6298,629824510,DEFROBCS,2025,1,72.3753397,99.0,60,55
6298,629824510,EWS,2025,1,76.099588,99.0,60,55
6298,629824510,GOPENH,2025,1,87.2593857,99.0,60,55
6298,629824510,GSCNH,2025,1,81.2365306,99.0,60,55
6298,629824510,GSTNH,2025,1,37.8307719,99.0,60,55
6298,629824510,GVJS,2025,1,83.1950716,99.0,60,55
6298,629824510,GNT1S,2025,1,80.4992916,99.0,60,55
6298,629824510,GNT2S,2025,1,85.8946885,99.0,60,55
6298,629824510,GNT3S,2025,1,85.4732337,99.0,60,55
6298,629824510,GOBCNH,2025,1,86.3032893,99.0,60,55
6298,629824510,GSEBCS,2025,1,86.3482671,99.0,60,55
6298,629824510,LOPENS,2025,1,87.609626,99.0,60,55
6298,629824510,LSCS,2025,1,78.9956692,99.0,60,55
6298,629824510,LNT1S,2025,1,81.643697,99.0,60,55
6298,629824510,LNT2S,2025,1,84.4463229,99.0,60,55
6298,629824510,LOBCS,2025,1,86.3505412,99.0,60,55
6298,629824510,LSEBCS,2025,1,86.8632708,99.0,60,55
6298,629824510,DEFOPENS,2025,1,67.967082,99.0,60,55
6298,629824510,DEFOBCS,2025,1,40.5616465,99.0,60,55
6298,629824510,TFWS,2025,1,88.2737276,99.0,60,55
6298,629824510,EWS,2025,1,70.3444621,99.0,60,55
6298,629824610,GOPENH,2025,1,87.2379152,99.0,60,55
6298,629824610,GSCNH,2025,1,78.733317,99.0,60,55
6298,629824610,GSTNH,2025,1,22.0653604,99.0,60,55
6298,629824610,GVJS,2025,1,84.0343736,99.0,60,55
6298,629824610,GNT1S,2025,1,85.1550148,99.0,60,55
6298,629824610,GNT2S,2025,1,86.2660493,99.0,60,55
6298,629824610,GNT3S,2025,1,85.129786,99.0,60,55
6298,629824610,GOBCNH,2025,1,86.4436823,99.0,60,55
6298,629824610,GSEBCS,2025,1,86.3482671,99.0,60,55
6298,629824610,LOPENS,2025,1,87.609626,99.0,60,55
6298,629824610,LSCS,2025,1,78.975446,99.0,60,55
6298,629824610,LVJS,2025,1,81.2365306,99.0,60,55
6298,629824610,LNT1S,2025,1,86.7003307,99.0,60,55
6298,629824610,LNT2S,2025,1,83.8560469,99.0,60,55
6298,629824610,LNT3S,2025,1,85.2987504,99.0,60,55
6298,629824610,LOBCS,2025,1,86.8897379,99.0,60,55
6298,629824610,LSEBCS,2025,1,86.7003307,99.0,60,55
6298,629824610,DEFOPENS,2025,1,69.8418157,99.0,60,55
6298,629824610,DEFOBCS,2025,1,55.6712077,99.0,60,55
6298,629824610,DEFSEBCS,2025,1,57.502776,99.0,60,55
6298,629824610,TFWS,2025,1,89.2457163,99.0,60,55
6298,629824610,DEFRVJS,2025,1,60.7738415,99.0,60,55
6298,629824610,EWS,2025,1,69.4641016,99.0,60,55
6298,629827110,GOPENH,2025,1,84.0343736,99.0,60,55
6298,629827110,GSCNH,2025,1,76.4503291,99.0,60,55
6298,629827110,GVJS,2025,1,79.6966406,99.0,60,55
6298,629827110,GNT1S,2025,1,70.9482593,99.0,60,55
6298,629827110,GNT2S,2025,1,81.4271094,99.0,60,55
6298,629827110,GNT3S,2025,1,80.7035589,99.0,60,55
6298,629827110,GOBCNH,2025,1,83.73706,99.0,60,55
6298,629827110,GSEBCS,2025,1,82.9763421,99.0,60,55
6298,629827110,LOPENS,2025,1,84.4852349,99.0,60,55
6298,629827110,LSCS,2025,1,76.3384255,99.0,60,55
6298,629827110,LOBCS,2025,1,84.3786315,99.0,60,55
6298,629827110,LSEBCS,2025,1,83.7030299,99.0,60,55
6298,629827110,DEFOPENS,2025,1,47.0872596,99.0,60,55
6298,629827110,DEFROBCS,2025,1,34.3896838,99.0,60,55
6298,629827110,EWS,2025,1,61.2510322,99.0,60,55
6298,629829310,GOPENH,2025,1,78.9492107,99.0,60,55
6298,629829310,GSCNH,2025,1,66.0549811,99.0,60,55
6298,629829310,GVJS,2025,1,70.9390112,99.0,60,55
6298,629829310,GNT1S,2025,1,68.9409579,99.0,60,55
6298,629829310,GNT2S,2025,1,76.2591061,99.0,60,55
6298,629829310,GNT3S,2025,1,77.2619593,99.0,60,55
6298,629829310,GOBCNH,2025,1,75.9291421,99.0,60,55
6298,629829310,GSEBCS,2025,1,76.3324995,99.0,60,55
6298,629829310,LOPENS,2025,1,77.7384664,99.0,60,55
6298,629829310,LSCS,2025,1,68.9409579,99.0,60,55
6298,629829310,LVJS,2025,1,71.5917775,99.0,60,55
6298,629829310,LNT1S,2025,1,69.4641016,99.0,60,55
6298,629829310,LNT2S,2025,1,69.4641016,99.0,60,55
6298,629829310,LNT3S,2025,1,76.1726079,99.0,60,55
6298,629829310,LOBCS,2025,1,76.1726079,99.0,60,55
6298,629829310,LSEBCS,2025,1,76.5032413,99.0,60,55
6298,629829310,DEFOPENS,2025,1,48.1265004,99.0,60,55
6298,629829310,TFWS,2025,1,80.1766472,99.0,60,55
6298,629829310,EWS,2025,1,11.5809928,99.0,60,55
6298,629837210,GOPENH,2025,1,85.1182895,99.0,60,55
6298,629837210,GSCNH,2025,1,75.4755316,99.0,60,55
6298,629837210,GVJS,2025,1,79.5076004,99.0,60,55
6298,629837210,GNT1S,2025,1,79.9422744,99.0,60,55
6298,629837210,GNT2S,2025,1,83.4251983,99.0,60,55
6298,629837210,GNT3S,2025,1,81.2365306,99.0,60,55
6298,629837210,GOBCNH,2025,1,84.2510483,99.0,60,55
6298,629837210,GSEBCS,2025,1,84.207639,99.0,60,55
6298,629837210,LOPENS,2025,1,86.0346936,99.0,60,55
6298,629837210,LSCS,2025,1,73.9021728,99.0,60,55
6298,629837210,LVJS,2025,1,68.2993965,99.0,60,55
6298,629837210,LNT1S,2025,1,67.2460619,99.0,60,55
6298,629837210,LNT2S,2025,1,80.0260591,99.0,60,55
6298,629837210,LNT3S,2025,1,81.2365306,99.0,60,55
6298,629837210,LOBCS,2025,1,84.4852349,99.0,60,55
6298,629837210,LSEBCS,2025,1,85.0853734,99.0,60,55
6298,629837210,DEFOPENS,2025,1,5.9388373,99.0,60,55
6298,629837210,DEFOBCS,2025,1,76.1726079,99.0,60,55
6298,629837210,TFWS,2025,1,86.3943435,99.0,60,55
6298,629837210,DEFRNT2S,2025,1,5.5559443,99.0,60,55
6298,629837210,EWS,2025,1,61.5912113,99.0,60,55
6298,629837210,GOPENH,2025,1,83.1481862,99.0,60,55
6298,629837210,GSCNH,2025,1,73.2860799,99.0,60,55
6298,629837210,GVJS,2025,1,74.9818126,99.0,60,55
6298,629837210,GNT1S,2025,1,78.8262695,99.0,60,55
6298,629837210,GNT2S,2025,1,82.7018873,99.0,60,55
6298,629837210,GOBCNH,2025,1,82.5187713,99.0,60,55
6298,629837210,GSEBCS,2025,1,82.0388536,99.0,60,55
6298,629837210,LOPENS,2025,1,84.3396689,99.0,60,55
6298,629837210,LSCS,2025,1,71.4785529,99.0,60,55
6298,629837210,LNT3S,2025,1,77.2289819,99.0,60,55
6298,629837210,LOBCS,2025,1,83.1950716,99.0,60,55
6298,629837210,LSEBCS,2025,1,83.9561363,99.0,60,55
6298,629837210,DEFOPENS,2025,1,77.9589871,99.0,60,55
6298,629837210,DEFOBCS,2025,1,43.6669107,99.0,60,55
6298,629837210,TFWS,2025,1,85.0853734,99.0,60,55
6298,629837210,DEFROBCS,2025,1,76.6993653,99.0,60,55
6298,629837210,EWS,2025,1,48.8548541,99.0,60,55
6298,629861210,GOPENH,2025,1,78.975446,99.0,60,55
6298,629861210,GSCNH,2025,1,68.9346395,99.0,60,55
6298,629861210,GVJS,2025,1,73.0237189,99.0,60,55
6298,629861210,GNT1S,2025,1,75.110975,99.0,60,55
6298,629861210,GNT2S,2025,1,77.3511663,99.0,60,55
6298,629861210,GNT3S,2025,1,74.7351841,99.0,60,55
6298,629861210,GOBCNH,2025,1,76.3324995,99.0,60,55
6298,629861210,GSEBCS,2025,1,76.6993653,99.0,60,55
6298,629861210,LOPENS,2025,1,78.685137,99.0,60,55
6298,629861210,LSCS,2025,1,57.5477401,99.0,60,55
6298,629861210,LVJS,2025,1,54.2626684,99.0,60,55
6298,629861210,LNT1S,2025,1,64.5293156,99.0,60,55
6298,629861210,LNT2S,2025,1,68.9409579,99.0,60,55
6298,629861210,LOBCS,2025,1,74.9818126,99.0,60,55
6298,629861210,LSEBCS,2025,1,74.1334872,99.0,60,55
6298,629861210,DEFOPENS,2025,1,55.319298,99.0,60,55
6298,629861210,DEFSEBCS,2025,1,54.873582,99.0,60,55
6298,629861210,TFWS,2025,1,83.2071736,99.0,60,55
6298,629861210,EWS,2025,1,15.6344619,99.0,60,55
6298,629884410,GOPENH,2025,1,82.4850758,99.0,60,55
6298,629884410,GSCNH,2025,1,71.7544603,99.0,60,55
6298,629884410,GVJS,2025,1,77.2289819,99.0,60,55
6298,629884410,GNT1S,2025,1,70.3444621,99.0,60,55
6298,629884410,GNT2S,2025,1,79.5928226,99.0,60,55
6298,629884410,GNT3S,2025,1,81.6705255,99.0,60,55
6298,629884410,GOBCNH,2025,1,81.9221888,99.0,60,55
6298,629884410,GSEBCS,2025,1,81.2737812,99.0,60,55
6298,629884410,LOPENS,2025,1,83.9561363,99.0,60,55
6298,629884410,LSCS,2025,1,72.8488305,99.0,60,55
6298,629884410,LVJS,2025,1,71.2894525,99.0,60,55
6298,629884410,LNT1S,2025,1,66.4794206,99.0,60,55
6298,629884410,LNT2S,2025,1,82.3548238,99.0,60,55
6298,629884410,LNT3S,2025,1,80.1708014,99.0,60,55
6298,629884410,LOBCS,2025,1,82.5741649,99.0,60,55
6298,629884410,LSEBCS,2025,1,82.5792479,99.0,60,55
6298,629884410,DEFOPENS,2025,1,47.8755661,99.0,60,55
6298,629884410,DEFOBCS,2025,1,24.2423208,99.0,60,55
6298,629884410,TFWS,2025,1,83.7986478,99.0,60,55
6298,629884410,DEFRNT3S,2025,1,46.7838981,99.0,60,55
6298,629884410,EWS,2025,1,35.508346,99.0,60,55
6298,629884410,GOPENH,2025,1,80.78157,99.0,60,55
6298,629884410,GSCNH,2025,1,68.8065641,99.0,60,55
6298,629884410,GVJS,2025,1,73.2908824,99.0,60,55
6298,629884410,GOBCNH,2025,1,79.0728986,99.0,60,55
6298,629884410,GSEBCS,2025,1,80.2313072,99.0,60,55
6298,629884410,LOPENS,2025,1,81.5923479,99.0,60,55
6298,629884410,LSCS,2025,1,68.78733,99.0,60,55
6298,629884410,LNT1S,2025,1,61.114444,99.0,60,55
6298,629884410,LNT2S,2025,1,78.8724264,99.0,60,55
6298,629884410,LNT3S,2025,1,74.1334872,99.0,60,55
6298,629884410,LOBCS,2025,1,81.2737812,99.0,60,55
6298,629884410,LSEBCS,2025,1,79.0264353,99.0,60,55
6298,629884410,DEFOPENS,2025,1,63.5901214,99.0,60,55
6298,629884410,TFWS,2025,1,82.5741649,99.0,60,55
6298,629884410,EWS,2025,1,31.4943887,99.0,60,55
6298,629892110,GOPENH,2025,1,87.089825,99.0,60,55
6298,629892110,GSCNH,2025,1,78.2850242,99.0,60,55
6298,629892110,GSTNH,2025,1,10.0170648,99.0,60,55
6298,629892110,GVJS,2025,1,82.4780187,99.0,60,55
6298,629892110,GNT1S,2025,1,84.539834,99.0,60,55
6298,629892110,GNT2S,2025,1,83.988979,99.0,60,55
6298,629892110,GNT3S,2025,1,85.2824124,99.0,60,55
6298,629892110,GOBCNH,2025,1,86.0314842,99.0,60,55
6298,629892110,GSEBCS,2025,1,85.5419841,99.0,60,55
6298,629892110,LOPENS,2025,1,86.3037543,99.0,60,55
6298,629892110,LSCS,2025,1,76.4503291,99.0,60,55
6298,629892110,LSTS,2025,1,71.0421393,99.0,60,55
6298,629892110,LVJS,2025,1,78.0816199,99.0,60,55
6298,629892110,LNT2S,2025,1,84.4651484,99.0,60,55
6298,629892110,LNT3S,2025,1,83.6630885,99.0,60,55
6298,629892110,LOBCS,2025,1,85.0971341,99.0,60,55
6298,629892110,LSEBCS,2025,1,86.0314842,99.0,60,55
6298,629892110,DEFOPENS,2025,1,77.3787188,99.0,60,55
6298,629892110,DEFOBCS,2025,1,54.2626684,99.0,60,55
6298,629892110,DEFSEBCS,2025,1,76.3172626,99.0,60,55
6298,629892110,TFWS,2025,1,88.2059917,99.0,60,55
6298,629892110,DEFRNT3S,2025,1,65.1648234,99.0,60,55
6298,629892110,EWS,2025,1,69.0271267,99.0,60,55
6298,629899510,GOPENH,2025,1,85.9425358,99.0,60,55
6298,629899510,GSCNH,2025,1,76.5235824,99.0,60,55
6298,629899510,GSTNH,2025,1,30.191544,99.0,60,55
6298,629899510,GVJS,2025,1,81.5923479,99.0,60,55
6298,629899510,GNT1S,2025,1,82.6530612,99.0,60,55
6298,629899510,GNT2S,2025,1,84.7521447,99.0,60,55
6298,629899510,GNT3S,2025,1,85.0853734,99.0,60,55
6298,629899510,GOBCNH,2025,1,84.9063828,99.0,60,55
6298,629899510,GSEBCS,2025,1,85.0853734,99.0,60,55
6298,629899510,LOPENS,2025,1,86.8897379,99.0,60,55
6298,629899510,LSCS,2025,1,76.6875679,99.0,60,55
6298,629899510,LVJS,2025,1,78.0816199,99.0,60,55
6298,629899510,LNT1S,2025,1,81.4271094,99.0,60,55
6298,629899510,LNT2S,2025,1,83.9283276,99.0,60,55
6298,629899510,LNT3S,2025,1,84.4651484,99.0,60,55
6298,629899510,LOBCS,2025,1,85.3954204,99.0,60,55
6298,629899510,LSEBCS,2025,1,85.3230758,99.0,60,55
6298,629899510,DEFOPENS,2025,1,57.5392085,99.0,60,55
6298,629899510,DEFOBCS,2025,1,40.5616465,99.0,60,55
6298,629899510,DEFSEBCS,2025,1,54.1426021,99.0,60,55
6298,629899510,TFWS,2025,1,87.921673,99.0,60,55
6298,629899510,DEFRNT2S,2025,1,43.2064159,99.0,60,55
6298,629899510,DEFRNT3S,2025,1,54.1426021,99.0,60,55
6298,629899510,EWS,2025,1,63.5303851,99.0,60,55
6298,629899510,GOPENH,2025,1,84.4463229,99.0,60,55
6298,629899510,GSCNH,2025,1,75.2153333,99.0,60,55
6298,629899510,GVJS,2025,1,80.1766472,99.0,60,55
6298,629899510,GNT1S,2025,1,73.9021728,99.0,60,55
6298,629899510,GNT2S,2025,1,83.1481862,99.0,60,55
6298,629899510,GNT3S,2025,1,83.9283276,99.0,60,55
6298,629899510,GOBCNH,2025,1,83.3956241,99.0,60,55
6298,629899510,GSEBCS,2025,1,83.1481862,99.0,60,55
6298,629899510,LOPENS,2025,1,84.7521447,99.0,60,55
6298,629899510,LSCS,2025,1,76.5995199,99.0,60,55
6298,629899510,LVJS,2025,1,74.112751,99.0,60,55
6298,629899510,LNT2S,2025,1,83.73706,99.0,60,55
6298,629899510,LNT3S,2025,1,84.0342981,99.0,60,55
6298,629899510,LOBCS,2025,1,83.1821207,99.0,60,55
6298,629899510,LSEBCS,2025,1,84.539834,99.0,60,55
6298,629899510,DEFOPENS,2025,1,52.7200757,99.0,60,55
6298,629899510,DEFOBCS,2025,1,59.7703364,99.0,60,55
6298,629899510,TFWS,2025,1,88.0866426,99.0,60,55
6298,629899510,EWS,2025,1,58.3262891,99.0,60,55
6303,630324210,DEFOPENS,2025,1,72.0579403,99.0,60,55
6303,630324210,TFWS,2025,1,84.3786315,99.0,60,55
6303,630324210,EWS,2025,1,24.3359483,99.0,60,55
6303,630337210,DEFOPENS,2025,1,46.3536656,99.0,60,55
6303,630337210,TFWS,2025,1,70.3901803,99.0,60,55
6303,630337210,EWS,2025,1,33.4150899,99.0,60,55
6303,630361210,TFWS,2025,1,78.9956692,99.0,60,55
6303,630361210,EWS,2025,1,28.2298995,99.0,60,55
6303,630399510,DEFOPENS,2025,1,77.1955616,99.0,60,55
6303,630399510,TFWS,2025,1,83.1950716,99.0,60,55
6303,630399510,EWS,2025,1,23.5097171,99.0,60,55
6304,630419110,GOPENH,2025,1,24.2423208,99.0,60,55
6304,630419110,GSCNH,2025,1,7.6400322,99.0,60,55
6304,630419110,GVJS,2025,1,10.3339505,99.0,60,55
6304,630419110,GOBCNH,2025,1,23.5136803,99.0,60,55
6304,630419110,LOPENS,2025,1,45.457039,99.0,60,55
6304,630419110,LNT2S,2025,1,43.578754,99.0,60,55
6304,630419110,LOBCS,2025,1,29.41486,99.0,60,55
6304,630419110,TFWS,2025,1,37.8307719,99.0,60,55
6304,630424210,GOPENH,2025,1,38.215662,99.0,60,55
6304,630424210,GSCNH,2025,1,0.7708479,99.0,60,55
6304,630424210,GNT2S,2025,1,23.9624698,99.0,60,55
6304,630424210,GOBCNH,2025,1,9.1673381,99.0,60,55
6304,630424210,GSEBCS,2025,1,8.0477816,99.0,60,55
6304,630424210,LOPENS,2025,1,68.6254044,99.0,60,55
6304,630424210,LSCS,2025,1,14.8254817,99.0,60,55
6304,630424210,LNT2S,2025,1,61.8012422,99.0,60,55
6304,630424210,LOBCS,2025,1,43.0034494,99.0,60,55
6304,630424210,LSEBCS,2025,1,60.268127,99.0,60,55
6304,630424210,TFWS,2025,1,28.7105475,99.0,60,55
6304,630429310,GOPENH,2025,1,40.4162412,99.0,60,55
6304,630429310,GNT2S,2025,1,39.1300992,99.0,60,55
6304,630429310,GOBCNH,2025,1,11.0148558,99.0,60,55
6304,630429310,GSEBCS,2025,1,29.4122187,99.0,60,55
6304,630429310,LOPENS,2025,1,40.1861311,99.0,60,55
6304,630429310,LVJS,2025,1,11.4456589,99.0,60,55
6304,630429310,LSEBCS,2025,1,34.1022162,99.0,60,55
6304,630429310,EWS,2025,1,32.8661478,99.0,60,55
6304,630437210,GOPENH,2025,1,40.4581492,99.0,60,55
6304,630437210,GOBCNH,2025,1,27.2101033,99.0,60,55
6304,630437210,GSEBCS,2025,1,14.9547816,99.0,60,55
6304,630437210,LOPENS,2025,1,55.6597249,99.0,60,55
6304,630437210,LNT2S,2025,1,2.2350452,99.0,60,55
6304,630437210,LOBCS,2025,1,52.1191375,99.0,60,55
6304,630437210,LSEBCS,2025,1,54.9733848,99.0,60,55
6304,630437210,TFWS,2025,1,23.9624698,99.0,60,55
6304,630437210,EWS,2025,1,57.8685189,99.0,60,55
6304,630461210,GOPENH,2025,1,48.6512524,99.0,60,55
6304,630461210,GSCNH,2025,1,4.7246286,99.0,60,55
6304,630461210,GNT2S,2025,1,8.5124544,99.0,60,55
6304,630461210,GOBCNH,2025,1,17.5512583,99.0,60,55
6304,630461210,GSEBCS,2025,1,25.8331579,99.0,60,55
6304,630461210,LOPENS,2025,1,34.7351841,99.0,60,55
6304,630461210,LSEBCS,2025,1,24.7436032,99.0,60,55
6304,630461210,TFWS,2025,1,71.4864246,99.0,60,55
6304,630492110,GOPENH,2025,1,19.4285936,99.0,60,55
6304,630492110,GSEBCS,2025,1,7.223771,99.0,60,55
6304,630492110,LOPENS,2025,1,60.4816409,99.0,60,55
6304,630492110,LSEBCS,2025,1,19.2990746,99.0,60,55
6304,630492110,TFWS,2025,1,44.5569356,99.0,60,55
6304,630492110,EWS,2025,1,59.5017065,99.0,60,55
6305,630519110,GOPENH,2025,1,52.1585439,99.0,60,55
6305,630519110,GOBCNH,2025,1,11.5809928,99.0,60,55
6305,630519110,LOPENS,2025,1,20.9290709,99.0,60,55
6305,630519110,LSEBCS,2025,1,13.2598171,99.0,60,55
6305,630524210,GOPENH,2025,1,31.7722006,99.0,60,55
6305,630524210,LOPENS,2025,1,19.4445432,99.0,60,55
6305,630524610,GOPENH,2025,1,57.0044084,99.0,60,55
6305,630524610,LOPENS,2025,1,20.4073236,99.0,60,55
6305,630537210,GOPENH,2025,1,29.4122187,99.0,60,55
6305,630561210,GOPENH,2025,1,4.711155,99.0,60,55
6307,630724510,DEFOPENS,2025,1,65.6970807,99.0,60,55
6307,630724510,DEFOBCS,2025,1,84.4547028,99.0,60,55
6307,630724510,TFWS,2025,1,88.0988826,99.0,60,55
6307,630724510,EWS,2025,1,67.967082,99.0,60,55
6307,630724610,DEFOPENS,2025,1,66.561551,99.0,60,55
6307,630724610,TFWS,2025,1,87.1247638,99.0,60,55
6307,630724610,DEFROBCS,2025,1,79.7671884,99.0,60,55
6307,630724610,EWS,2025,1,64.4305882,99.0,60,55
6307,630737210,DEFOPENS,2025,1,61.2830506,99.0,60,55
6307,630737210,TFWS,2025,1,85.2566749,99.0,60,55
6307,630737210,DEFROBCS,2025,1,56.5505021,99.0,60,55
6307,630737210,EWS,2025,1,46.728217,99.0,60,55
6307,630760210,TFWS,2025,1,81.9275869,99.0,60,55
6307,630760210,EWS,2025,1,42.4145111,99.0,60,55
6308,630819110,GOPENH,2025,1,44.3667268,99.0,60,55
6308,630819110,GSCNH,2025,1,10.3857148,99.0,60,55
6308,630819110,GNT2S,2025,1,19.9986005,99.0,60,55
6308,630819110,GNT3S,2025,1,32.7909025,99.0,60,55
6308,630819110,GOBCNH,2025,1,19.9880898,99.0,60,55
6308,630819110,GSEBCS,2025,1,34.8863278,99.0,60,55
6308,630819110,LOPENS,2025,1,35.5990164,99.0,60,55
6308,630819110,LOBCS,2025,1,19.7268589,99.0,60,55
6308,630819110,EWS,2025,1,11.0099135,99.0,60,55
6308,630824510,GOPENH,2025,1,72.9249982,99.0,60,55
6308,630824510,GSCNH,2025,1,63.0171253,99.0,60,55
6308,630824510,GVJS,2025,1,66.4794206,99.0,60,55
6308,630824510,GNT1S,2025,1,60.5118338,99.0,60,55
6308,630824510,GNT2S,2025,1,67.3167917,99.0,60,55
6308,630824510,GNT3S,2025,1,47.8219396,99.0,60,55
6308,630824510,GOBCNH,2025,1,64.4305882,99.0,60,55
6308,630824510,GSEBCS,2025,1,42.3488094,99.0,60,55
6308,630824510,LOPENS,2025,1,75.110975,99.0,60,55
6308,630824510,LSCS,2025,1,59.4665021,99.0,60,55
6308,630824510,LNT2S,2025,1,53.1999725,99.0,60,55
6308,630824510,LOBCS,2025,1,70.4215645,99.0,60,55
6308,630824510,LSEBCS,2025,1,56.6825649,99.0,60,55
6308,630824510,TFWS,2025,1,69.3900327,99.0,60,55
6308,630824510,EWS,2025,1,51.8020478,99.0,60,55
6308,630837210,GOPENH,2025,1,59.5499981,99.0,60,55
6308,630837210,GSCNH,2025,1,31.2469386,99.0,60,55
6308,630837210,GNT2S,2025,1,50.8920685,99.0,60,55
6308,630837210,GOBCNH,2025,1,51.2488599,99.0,60,55
6308,630837210,GSEBCS,2025,1,33.1537425,99.0,60,55
6308,630837210,LOPENS,2025,1,56.4419991,99.0,60,55
6308,630837210,LSCS,2025,1,46.7128425,99.0,60,55
6308,630837210,LVJS,2025,1,53.864934,99.0,60,55
6308,630837210,LOBCS,2025,1,34.2796407,99.0,60,55
6308,630837210,LSEBCS,2025,1,66.1169676,99.0,60,55
6308,630837210,TFWS,2025,1,48.6512524,99.0,60,55
6308,630837210,EWS,2025,1,29.41486,99.0,60,55
6308,630861210,GOPENH,2025,1,37.2122315,99.0,60,55
6308,630861210,GSCNH,2025,1,6.2663906,99.0,60,55
6308,630861210,GNT1S,2025,1,9.3008868,99.0,60,55
6308,630861210,GNT2S,2025,1,34.4790806,99.0,60,55
6308,630861210,GOBCNH,2025,1,27.8805461,99.0,60,55
6308,630861210,GSEBCS,2025,1,10.57655,99.0,60,55
6308,630861210,LOPENS,2025,1,42.1633326,99.0,60,55
6308,630861210,LNT2S,2025,1,33.9583652,99.0,60,55
6308,630861210,LOBCS,2025,1,39.4647165,99.0,60,55
6308,630861210,EWS,2025,1,27.84396,99.0,60,55
6310,631024210,GOPENH,2025,1,92.6165904,99.0,60,55
6310,631024210,GSCNH,2025,1,85.1996728,99.0,60,55
6310,631024210,GSTNH,2025,1,37.1379111,99.0,60,55
6310,631024210,GVJS,2025,1,90.0843448,99.0,60,55
6310,631024210,GNT1S,2025,1,88.2977496,99.0,60,55
6310,631024210,GNT2S,2025,1,91.1602633,99.0,60,55
6310,631024210,GNT3S,2025,1,92.3369677,99.0,60,55
6310,631024210,GOBCNH,2025,1,92.2409094,99.0,60,55
6310,631024210,GSEBCS,2025,1,91.8375201,99.0,60,55
6310,631024210,LOPENS,2025,1,92.7467219,99.0,60,55
6310,631024210,LSCS,2025,1,85.129786,99.0,60,55
6310,631024210,LSTS,2025,1,40.6688911,99.0,60,55
6310,631024210,LVJS,2025,1,83.1707575,99.0,60,55
6310,631024210,LNT2S,2025,1,92.1611438,99.0,60,55
6310,631024210,LOBCS,2025,1,92.5129597,99.0,60,55
6310,631024210,LSEBCS,2025,1,91.9792268,99.0,60,55
6310,631024210,DEFOPENS,2025,1,85.239357,99.0,60,55
6310,631024210,DEFOBCS,2025,1,80.4944215,99.0,60,55
6310,631024210,DEFSEBCS,2025,1,81.0334862,99.0,60,55
6310,631024210,TFWS,2025,1,92.8362212,99.0,60,55
6310,631024210,DEFRNT3S,2025,1,81.6656822,99.0,60,55
6310,631024210,EWS,2025,1,84.6586561,99.0,60,55
6310,631024510,GOPENH,2025,1,93.1261047,99.0,60,55
6310,631024510,GSCNH,2025,1,85.0971341,99.0,60,55
6310,631024510,GVJS,2025,1,88.8686273,99.0,60,55
6310,631024510,GNT1S,2025,1,91.8375201,99.0,60,55
6310,631024510,GNT2S,2025,1,91.7854984,99.0,60,55
6310,631024510,GNT3S,2025,1,92.9781315,99.0,60,55
6310,631024510,GOBCNH,2025,1,92.7467219,99.0,60,55
6310,631024510,GSEBCS,2025,1,92.4132948,99.0,60,55
6310,631024510,LOPENS,2025,1,93.158138,99.0,60,55
6310,631024510,LSCS,2025,1,86.8005513,99.0,60,55
6310,631024510,LVJS,2025,1,89.2347783,99.0,60,55
6310,631024510,LNT1S,2025,1,83.6630885,99.0,60,55
6310,631024510,LNT2S,2025,1,91.8455822,99.0,60,55
6310,631024510,LNT3S,2025,1,90.1262916,99.0,60,55
6310,631024510,LOBCS,2025,1,92.9717253,99.0,60,55
6310,631024510,LSEBCS,2025,1,92.4614728,99.0,60,55
6310,631024510,DEFOPENS,2025,1,84.5795651,99.0,60,55
6310,631024510,DEFOBCS,2025,1,81.4993122,99.0,60,55
6310,631024510,DEFSEBCS,2025,1,82.5741649,99.0,60,55
6310,631024510,TFWS,2025,1,93.1261047,99.0,60,55
6310,631024510,DEFRNT3S,2025,1,83.1030453,99.0,60,55
6310,631024510,EWS,2025,1,82.7777778,99.0,60,55
6310,631024610,GOPENH,2025,1,91.7858261,99.0,60,55
6310,631024610,GSCNH,2025,1,83.1707575,99.0,60,55
6310,631024610,GSTNH,2025,1,32.6058557,99.0,60,55
6310,631024610,GVJS,2025,1,87.468285,99.0,60,55
6310,631024610,GNT1S,2025,1,90.112628,99.0,60,55
6310,631024610,GNT2S,2025,1,90.5244362,99.0,60,55
6310,631024610,GNT3S,2025,1,91.5631399,99.0,60,55
6310,631024610,GOBCNH,2025,1,91.6505265,99.0,60,55
6310,631024610,GSEBCS,2025,1,91.4334483,99.0,60,55
6310,631024610,LOPENS,2025,1,92.2381205,99.0,60,55
6310,631024610,LSCS,2025,1,80.7035589,99.0,60,55
6310,631024610,LVJS,2025,1,85.2566749,99.0,60,55
6310,631024610,LOBCS,2025,1,91.8461716,99.0,60,55
6310,631024610,LSEBCS,2025,1,92.1517727,99.0,60,55
6310,631024610,DEFOPENS,2025,1,79.8369603,99.0,60,55
6310,631024610,DEFOBCS,2025,1,78.975446,99.0,60,55
6310,631024610,TFWS,2025,1,92.119419,99.0,60,55
6310,631024610,EWS,2025,1,80.7055032,99.0,60,55
6310,631037210,GOPENH,2025,1,90.6279863,99.0,60,55
6310,631037210,GSCNH,2025,1,80.9705409,99.0,60,55
6310,631037210,GSTNH,2025,1,2.082677,99.0,60,55
6310,631037210,GVJS,2025,1,84.207639,99.0,60,55
6310,631037210,GNT1S,2025,1,88.118041,99.0,60,55
6310,631037210,GNT2S,2025,1,90.1262916,99.0,60,55
6310,631037210,GNT3S,2025,1,88.8293119,99.0,60,55
6310,631037210,GOBCNH,2025,1,90.354069,99.0,60,55
6310,631037210,GSEBCS,2025,1,90.3566145,99.0,60,55
6310,631037210,LOPENS,2025,1,90.9727817,99.0,60,55
6310,631037210,LSCS,2025,1,80.5595655,99.0,60,55
6310,631037210,LNT1S,2025,1,80.5793663,99.0,60,55
6310,631037210,LNT2S,2025,1,88.2603909,99.0,60,55
6310,631037210,LNT3S,2025,1,90.112628,99.0,60,55
6310,631037210,LOBCS,2025,1,90.8037449,99.0,60,55
6310,631037210,LSEBCS,2025,1,90.7879085,99.0,60,55
6310,631037210,DEFOPENS,2025,1,76.3172626,99.0,60,55
6310,631037210,DEFOBCS,2025,1,64.2926156,99.0,60,55
6310,631037210,TFWS,2025,1,91.0694792,99.0,60,55
6310,631037210,EWS,2025,1,76.7952218,99.0,60,55
6310,631061210,GOPENH,2025,1,86.8832732,99.0,60,55
6310,631061210,GSCNH,2025,1,77.2619593,99.0,60,55
6310,631061210,GVJS,2025,1,81.8599034,99.0,60,55
6310,631061210,GNT1S,2025,1,80.7035589,99.0,60,55
6310,631061210,GNT2S,2025,1,84.8637817,99.0,60,55
6310,631061210,GNT3S,2025,1,86.2722396,99.0,60,55
6310,631061210,GOBCNH,2025,1,85.65358,99.0,60,55
6310,631061210,GSEBCS,2025,1,84.4651484,99.0,60,55
6310,631061210,LOPENS,2025,1,86.7003307,99.0,60,55
6310,631061210,LSCS,2025,1,72.5793422,99.0,60,55
6310,631061210,LVJS,2025,1,77.9049638,99.0,60,55
6310,631061210,LNT2S,2025,1,80.1708014,99.0,60,55
6310,631061210,LOBCS,2025,1,85.65358,99.0,60,55
6310,631061210,LSEBCS,2025,1,84.4651484,99.0,60,55
6310,631061210,DEFOPENS,2025,1,65.2933256,99.0,60,55
6310,631061210,DEFOBCS,2025,1,23.426501,99.0,60,55
6310,631061210,TFWS,2025,1,86.5796724,99.0,60,55
6310,631061210,EWS,2025,1,59.7703364,99.0,60,55
6310,631084410,GOPENH,2025,1,90.3271341,99.0,60,55
6310,631084410,GSCNH,2025,1,80.7403032,99.0,60,55
6310,631084410,GVJS,2025,1,85.225256,99.0,60,55
6310,631084410,GNT1S,2025,1,88.0941637,99.0,60,55
6310,631084410,GNT2S,2025,1,88.2059917,99.0,60,55
6310,631084410,GNT3S,2025,1,89.0615554,99.0,60,55
6310,631084410,GOBCNH,2025,1,90.0843448,99.0,60,55
6310,631084410,GSEBCS,2025,1,89.6934787,99.0,60,55
6310,631084410,LOPENS,2025,1,90.8571649,99.0,60,55
6310,631084410,LSCS,2025,1,80.4716144,99.0,60,55
6310,631084410,LNT1S,2025,1,84.3786315,99.0,60,55
6310,631084410,LNT2S,2025,1,87.8970321,99.0,60,55
6310,631084410,LOBCS,2025,1,90.4021551,99.0,60,55
6310,631084410,LSEBCS,2025,1,90.5704062,99.0,60,55
6310,631084410,DEFOPENS,2025,1,75.2331528,99.0,60,55
6310,631084410,DEFOBCS,2025,1,69.7766245,99.0,60,55
6310,631084410,TFWS,2025,1,90.4512103,99.0,60,55
6310,631084410,EWS,2025,1,68.78733,99.0,60,55
6310,631091310,GOPENH,2025,1,92.2409094,99.0,60,55
6310,631091310,GSCNH,2025,1,85.0853734,99.0,60,55
6310,631091310,GSTNH,2025,1,66.5942029,99.0,60,55
6310,631091310,GVJS,2025,1,87.2593857,99.0,60,55
6310,631091310,GNT1S,2025,1,88.7592898,99.0,60,55
6310,631091310,GNT2S,2025,1,92.0615223,99.0,60,55
6310,631091310,GOBCNH,2025,1,91.9326024,99.0,60,55
6310,631091310,GSEBCS,2025,1,91.6606042,99.0,60,55
6310,631091310,LOPENS,2025,1,92.2148897,99.0,60,55
6310,631091310,LSCS,2025,1,84.7521447,99.0,60,55
6310,631091310,LSTS,2025,1,51.0139791,99.0,60,55
6310,631091310,LVJS,2025,1,81.4271094,99.0,60,55
6310,631091310,LOBCS,2025,1,92.0078173,99.0,60,55
6310,631091310,LSEBCS,2025,1,91.7854984,99.0,60,55
6310,631091310,DEFOPENS,2025,1,81.4993122,99.0,60,55
6310,631091310,TFWS,2025,1,92.4480361,99.0,60,55
6310,631091310,DEFROBCS,2025,1,78.0162614,99.0,60,55
6310,631091310,EWS,2025,1,81.9221888,99.0,60,55
6310,631099510,GOPENH,2025,1,91.5582428,99.0,60,55
6310,631099510,GSCNH,2025,1,83.2071736,99.0,60,55
6310,631099510,GVJS,2025,1,87.2593857,99.0,60,55
6310,631099510,GNT1S,2025,1,88.8881114,99.0,60,55
6310,631099510,GNT2S,2025,1,90.5659048,99.0,60,55
6310,631099510,GNT3S,2025,1,91.3857287,99.0,60,55
6310,631099510,GOBCNH,2025,1,91.3435037,99.0,60,55
6310,631099510,GSEBCS,2025,1,91.2552493,99.0,60,55
6310,631099510,LOPENS,2025,1,91.6606042,99.0,60,55
6310,631099510,LSCS,2025,1,81.0159708,99.0,60,55
6310,631099510,LVJS,2025,1,85.2987504,99.0,60,55
6310,631099510,LNT1S,2025,1,83.1707575,99.0,60,55
6310,631099510,LNT2S,2025,1,88.9445493,99.0,60,55
6310,631099510,LNT3S,2025,1,88.1968791,99.0,60,55
6310,631099510,LOBCS,2025,1,91.4174744,99.0,60,55
6310,631099510,LSEBCS,2025,1,91.4806522,99.0,60,55
6310,631099510,DEFOPENS,2025,1,79.3766715,99.0,60,55
6310,631099510,DEFOBCS,2025,1,76.5995199,99.0,60,55
6310,631099510,TFWS,2025,1,91.6804693,99.0,60,55
6310,631099510,EWS,2025,1,81.2524249,99.0,60,55
6311,631124510,DEFOPENS,2025,1,85.225256,99.0,60,55
6311,631124510,DEFOBCS,2025,1,83.5707404,99.0,60,55
6311,631124510,DEFSEBCS,2025,1,81.1271398,99.0,60,55
6311,631124510,TFWS,2025,1,92.8241551,99.0,60,55
6311,631124510,DEFROBCS,2025,1,80.0260591,99.0,60,55
6311,631124510,EWS,2025,1,83.9283276,99.0,60,55
6311,631124610,DEFOPENS,2025,1,79.8369603,99.0,60,55
6311,631124610,DEFOBCS,2025,1,77.7140658,99.0,60,55
6311,631124610,TFWS,2025,1,91.5329871,99.0,60,55
6311,631124610,EWS,2025,1,82.0388536,99.0,60,55
6311,631129310,DEFOPENS,2025,1,65.9070599,99.0,60,55
6311,631129310,DEFOBCS,2025,1,61.5912113,99.0,60,55
6311,631129310,TFWS,2025,1,90.0962861,99.0,60,55
6311,631129310,EWS,2025,1,57.6578681,99.0,60,55
6311,631137210,DEFOPENS,2025,1,88.2977496,99.0,60,55
6311,631137210,TFWS,2025,1,90.9727817,99.0,60,55
6311,631137210,DEFROBCS,2025,1,73.2908824,99.0,60,55
6311,631137210,EWS,2025,1,76.099588,99.0,60,55
6311,631161210,DEFOPENS,2025,1,52.1256716,99.0,60,55
6311,631161210,DEFOBCS,2025,1,41.7943409,99.0,60,55
6311,631161210,TFWS,2025,1,85.9765355,99.0,60,55
6311,631161210,EWS,2025,1,39.8653069,99.0,60,55
6313,631324510,TFWS,2025,1,71.1120286,99.0,60,55
6313,631324510,EWS,2025,1,65.1614878,99.0,60,55
6313,631326310,TFWS,2025,1,22.8294494,99.0,60,55
6313,631326310,EWS,2025,1,21.3588155,99.0,60,55
6313,631361210,EWS,2025,1,43.6823105,99.0,60,55
6315,631519110,GOPENH,2025,1,50.8920685,99.0,60,55
6315,631519110,GSCNH,2025,1,6.3402527,99.0,60,55
6315,631519110,GVJS,2025,1,16.8122355,99.0,60,55
6315,631519110,GNT2S,2025,1,32.5421636,99.0,60,55
6315,631519110,GOBCNH,2025,1,27.84396,99.0,60,55
6315,631519110,GSEBCS,2025,1,28.3220209,99.0,60,55
6315,631519110,LOPENS,2025,1,40.4599724,99.0,60,55
6315,631519110,LOBCS,2025,1,22.4923895,99.0,60,55
6315,631519110,LSEBCS,2025,1,28.9974428,99.0,60,55
6315,631519110,TFWS,2025,1,63.5901214,99.0,60,55
6315,631521910,GOPENH,2025,1,10.9696342,99.0,60,55
6315,631521910,LOPENS,2025,1,52.7016685,99.0,60,55
6315,631521910,TFWS,2025,1,30.647462,99.0,60,55
6315,631524210,GOPENH,2025,1,59.2443064,99.0,60,55
6315,631524210,GSCNH,2025,1,20.7039337,99.0,60,55
6315,631524210,GNT1S,2025,1,54.9986599,99.0,60,55
6315,631524210,GNT2S,2025,1,29.612695,99.0,60,55
6315,631524210,GNT3S,2025,1,46.0219719,99.0,60,55
6315,631524210,GOBCNH,2025,1,27.147084,99.0,60,55
6315,631524210,GSEBCS,2025,1,57.0044084,99.0,60,55
6315,631524210,LOPENS,2025,1,68.6498934,99.0,60,55
6315,631524210,LSCS,2025,1,56.6825649,99.0,60,55
6315,631524210,LNT2S,2025,1,38.726658,99.0,60,55
6315,631524210,LOBCS,2025,1,41.7943409,99.0,60,55
6315,631524210,LSEBCS,2025,1,60.7738415,99.0,60,55
6315,631524210,TFWS,2025,1,68.58833,99.0,60,55
6315,631524210,EWS,2025,1,30.191544,99.0,60,55
6315,631529310,GOPENH,2025,1,40.4681495,99.0,60,55
6315,631529310,GNT2S,2025,1,10.9251779,99.0,60,55
6315,631529310,GOBCNH,2025,1,23.426501,99.0,60,55
6315,631529310,GSEBCS,2025,1,34.4790806,99.0,60,55
6315,631529310,LOPENS,2025,1,31.8464164,99.0,60,55
6315,631529310,LNT1S,2025,1,11.0099135,99.0,60,55
6315,631529310,LOBCS,2025,1,20.9054033,99.0,60,55
6315,631529310,LSEBCS,2025,1,70.6970324,99.0,60,55
6315,631529310,TFWS,2025,1,6.3481229,99.0,60,55
6315,631561210,GOPENH,2025,1,60.9157012,99.0,60,55
6315,631561210,GSCNH,2025,1,10.3339505,99.0,60,55
6315,631561210,GOBCNH,2025,1,40.6688911,99.0,60,55
6315,631561210,GSEBCS,2025,1,48.6512524,99.0,60,55
6315,631561210,LOPENS,2025,1,22.4923895,99.0,60,55
6315,631561210,LNT3S,2025,1,17.7235495,99.0,60,55
6315,631561210,LOBCS,2025,1,76.099588,99.0,60,55
6315,631561210,LSEBCS,2025,1,22.7484499,99.0,60,55
6315,631561210,TFWS,2025,1,19.4445432,99.0,60,55
6315,631584410,GOPENH,2025,1,32.7909025,99.0,60,55
6315,631584410,GOBCNH,2025,1,13.1401169,99.0,60,55
6315,631584410,GSEBCS,2025,1,27.5667492,99.0,60,55
6315,631584410,LOPENS,2025,1,40.4599724,99.0,60,55
6315,631584410,LSCS,2025,1,11.420728,99.0,60,55
6315,631584410,LOBCS,2025,1,10.3339505,99.0,60,55
6315,631584410,TFWS,2025,1,37.9825825,99.0,60,55
6315,631592110,GOPENH,2025,1,49.7711098,99.0,60,55
6315,631592110,GSCNH,2025,1,32.8661478,99.0,60,55
6315,631592110,GVJS,2025,1,25.432546,99.0,60,55
6315,631592110,GNT2S,2025,1,47.7838912,99.0,60,55
6315,631592110,GOBCNH,2025,1,24.7436032,99.0,60,55
6315,631592110,GSEBCS,2025,1,44.6246246,99.0,60,55
6315,631592110,LOPENS,2025,1,67.500481,99.0,60,55
6315,631592110,LSCS,2025,1,50.184431,99.0,60,55
6315,631592110,LNT1S,2025,1,23.5136803,99.0,60,55
6315,631592110,LNT2S,2025,1,42.3488094,99.0,60,55
6315,631592110,LOBCS,2025,1,48.401775,99.0,60,55
6315,631592110,LSEBCS,2025,1,70.733113,99.0,60,55
6315,631592110,TFWS,2025,1,52.1191375,99.0,60,55
6317,631719110,GOPENH,2025,1,71.1120286,99.0,60,55
6317,631719110,GSCNH,2025,1,32.0852596,99.0,60,55
6317,631719110,GNT1S,2025,1,70.0706138,99.0,60,55
6317,631719110,GNT2S,2025,1,67.2980865,99.0,60,55
6317,631719110,GOBCNH,2025,1,58.1924692,99.0,60,55
6317,631719110,GSEBCS,2025,1,68.5042436,99.0,60,55
6317,631719110,LOPENS,2025,1,72.5022286,99.0,60,55
6317,631719110,LSCS,2025,1,27.2730752,99.0,60,55
6317,631719110,LOBCS,2025,1,52.1496391,99.0,60,55
6317,631719110,LSEBCS,2025,1,68.6254044,99.0,60,55
6317,631719110,TFWS,2025,1,81.3607995,99.0,60,55
6317,631719110,EWS,2025,1,61.9042106,99.0,60,55
6317,631724210,GOPENH,2025,1,77.9589871,99.0,60,55
6317,631724210,GSCNH,2025,1,54.9733848,99.0,60,55
6317,631724210,GVJS,2025,1,47.7838912,99.0,60,55
6317,631724210,GNT1S,2025,1,29.2374051,99.0,60,55
6317,631724210,GNT2S,2025,1,69.3105802,99.0,60,55
6317,631724210,GNT3S,2025,1,55.6712077,99.0,60,55
6317,631724210,GOBCNH,2025,1,68.6254044,99.0,60,55
6317,631724210,GSEBCS,2025,1,76.099588,99.0,60,55
6317,631724210,LOPENS,2025,1,83.73706,99.0,60,55
6317,631724210,LSCS,2025,1,61.2510322,99.0,60,55
6317,631724210,LVJS,2025,1,55.7277177,99.0,60,55
6317,631724210,LNT1S,2025,1,68.6717464,99.0,60,55
6317,631724210,LNT2S,2025,1,83.3956241,99.0,60,55
6317,631724210,LNT3S,2025,1,59.4665021,99.0,60,55
6317,631724210,LOBCS,2025,1,74.75684,99.0,60,55
6317,631724210,LSEBCS,2025,1,81.9712626,99.0,60,55
6317,631724210,DEFOPENS,2025,1,55.7703505,99.0,60,55
6317,631724210,TFWS,2025,1,82.9464759,99.0,60,55
6317,631724210,EWS,2025,1,66.5496835,99.0,60,55
6317,631729310,GOPENH,2025,1,73.262321,99.0,60,55
6317,631729310,GSCNH,2025,1,35.5420211,99.0,60,55
6317,631729310,GVJS,2025,1,36.6414088,99.0,60,55
6317,631729310,GNT1S,2025,1,55.319298,99.0,60,55
6317,631729310,GNT2S,2025,1,66.1911263,99.0,60,55
6317,631729310,GOBCNH,2025,1,57.4188806,99.0,60,55
6317,631729310,GSEBCS,2025,1,66.1911263,99.0,60,55
6317,631729310,LOPENS,2025,1,68.0484125,99.0,60,55
6317,631729310,LSCS,2025,1,47.0872596,99.0,60,55
6317,631729310,LNT2S,2025,1,62.4995214,99.0,60,55
6317,631729310,LOBCS,2025,1,60.070698,99.0,60,55
6317,631729310,LSEBCS,2025,1,66.561551,99.0,60,55
6317,631729310,TFWS,2025,1,81.9381769,99.0,60,55
6317,631729310,EWS,2025,1,61.579051,99.0,60,55
6317,631761210,GOPENH,2025,1,72.9916849,99.0,60,55
6317,631761210,GSCNH,2025,1,37.1379111,99.0,60,55
6317,631761210,GNT1S,2025,1,49.2473035,99.0,60,55
6317,631761210,GNT2S,2025,1,70.3444621,99.0,60,55
6317,631761210,GOBCNH,2025,1,58.1324148,99.0,60,55
6317,631761210,GSEBCS,2025,1,70.4215645,99.0,60,55
6317,631761210,LOPENS,2025,1,70.3901803,99.0,60,55
6317,631761210,LSCS,2025,1,41.0952232,99.0,60,55
6317,631761210,LOBCS,2025,1,65.6970807,99.0,60,55
6317,631761210,LSEBCS,2025,1,77.8890571,99.0,60,55
6317,631761210,TFWS,2025,1,59.5499981,99.0,60,55
6317,631761210,EWS,2025,1,32.4939862,99.0,60,55
6317,631762410,GOPENH,2025,1,58.235114,99.0,60,55
6317,631762410,GSCNH,2025,1,26.3181412,99.0,60,55
6317,631762410,GNT2S,2025,1,41.7943409,99.0,60,55
6317,631762410,GOBCNH,2025,1,45.4941917,99.0,60,55
6317,631762410,GSEBCS,2025,1,52.1191375,99.0,60,55
6317,631762410,LOPENS,2025,1,56.6825649,99.0,60,55
6317,631762410,LSCS,2025,1,24.78221,99.0,60,55
6317,631762410,LNT1S,2025,1,32.0852596,99.0,60,55
6317,631762410,LNT2S,2025,1,52.1652563,99.0,60,55
6317,631762410,LOBCS,2025,1,41.0952232,99.0,60,55
6317,631762410,LSEBCS,2025,1,56.5505021,99.0,60,55
6317,631762410,TFWS,2025,1,83.3956241,99.0,60,55
6317,631762410,EWS,2025,1,55.7542662,99.0,60,55
6317,631784410,GOPENH,2025,1,67.9621973,99.0,60,55
6317,631784410,GSCNH,2025,1,6.3402527,99.0,60,55
6317,631784410,GNT1S,2025,1,4.5063327,99.0,60,55
6317,631784410,GNT2S,2025,1,52.4918222,99.0,60,55
6317,631784410,GOBCNH,2025,1,59.0801845,99.0,60,55
6317,631784410,GSEBCS,2025,1,65.6313822,99.0,60,55
6317,631784410,LOPENS,2025,1,72.8027463,99.0,60,55
6317,631784410,LSCS,2025,1,44.5569356,99.0,60,55
6317,631784410,LNT1S,2025,1,35.508346,99.0,60,55
6317,631784410,LNT2S,2025,1,72.5022286,99.0,60,55
6317,631784410,LOBCS,2025,1,66.1911263,99.0,60,55
6317,631784410,LSEBCS,2025,1,69.3105802,99.0,60,55
6317,631784410,DEFOPENS,2025,1,71.4377156,99.0,60,55
6317,631784410,TFWS,2025,1,73.3487346,99.0,60,55
6317,631784410,EWS,2025,1,64.4305882,99.0,60,55
6317,631791610,GOPENH,2025,1,55.7703505,99.0,60,55
6317,631791610,GSCNH,2025,1,46.2039046,99.0,60,55
6317,631791610,GNT1S,2025,1,40.4681495,99.0,60,55
6317,631791610,GNT2S,2025,1,32.4603175,99.0,60,55
6317,631791610,GOBCNH,2025,1,31.6249855,99.0,60,55
6317,631791610,GSEBCS,2025,1,48.8548541,99.0,60,55
6317,631791610,LOPENS,2025,1,60.1814551,99.0,60,55
6317,631791610,LSCS,2025,1,38.2037534,99.0,60,55
6317,631791610,LVJS,2025,1,58.235114,99.0,60,55
6317,631791610,LOBCS,2025,1,35.5990164,99.0,60,55
6317,631791610,LSEBCS,2025,1,57.4188806,99.0,60,55
6317,631791610,TFWS,2025,1,69.7766245,99.0,60,55
6317,631791610,EWS,2025,1,39.966573,99.0,60,55
6317,631799510,GOPENH,2025,1,73.3356624,99.0,60,55
6317,631799510,GSCNH,2025,1,45.457039,99.0,60,55
6317,631799510,GVJS,2025,1,28.4767446,99.0,60,55
6317,631799510,GNT1S,2025,1,27.1206001,99.0,60,55
6317,631799510,GNT2S,2025,1,65.9070599,99.0,60,55
6317,631799510,GOBCNH,2025,1,68.063194,99.0,60,55
6317,631799510,GSEBCS,2025,1,72.3251186,99.0,60,55
6317,631799510,LOPENS,2025,1,80.5339227,99.0,60,55
6317,631799510,LSCS,2025,1,52.7200757,99.0,60,55
6317,631799510,LVJS,2025,1,60.070698,99.0,60,55
6317,631799510,LNT1S,2025,1,63.0171253,99.0,60,55
6317,631799510,LNT2S,2025,1,54.1426021,99.0,60,55
6317,631799510,LOBCS,2025,1,74.4163823,99.0,60,55
6317,631799510,LSEBCS,2025,1,75.8548894,99.0,60,55
6317,631799510,TFWS,2025,1,77.9049638,99.0,60,55
6317,631799510,EWS,2025,1,62.9339383,99.0,60,55
6319,631919110,TFWS,2025,1,77.0914416,99.0,60,55
6319,631919110,EWS,2025,1,18.3316683,99.0,60,55
6319,631924510,DEFOPENS,2025,1,32.7909025,99.0,60,55
6319,631924510,TFWS,2025,1,80.1749582,99.0,60,55
6319,631924510,EWS,2025,1,46.4953181,99.0,60,55
6319,631924610,TFWS,2025,1,76.5032413,99.0,60,55
6319,631924610,EWS,2025,1,48.6512524,99.0,60,55
6319,631926310,TFWS,2025,1,85.1996728,99.0,60,55
6319,631926310,EWS,2025,1,66.5942029,99.0,60,55
6319,631929310,TFWS,2025,1,73.262321,99.0,60,55
6319,631929310,EWS,2025,1,63.2367632,99.0,60,55
6319,631937210,TFWS,2025,1,81.2187812,99.0,60,55
6319,631937210,EWS,2025,1,30.1917921,99.0,60,55
6319,631961210,TFWS,2025,1,78.1913582,99.0,60,55
6319,631961210,EWS,2025,1,13.0566298,99.0,60,55
6320,632019110,TFWS,2025,1,72.9249982,99.0,60,55
6320,632019110,EWS,2025,1,22.5386607,99.0,60,55
6320,632024510,DEFOPENS,2025,1,44.586183,99.0,60,55
6320,632024510,DEFOBCS,2025,1,43.6669107,99.0,60,55
6320,632024510,DEFSEBCS,2025,1,60.1814551,99.0,60,55
6320,632024510,TFWS,2025,1,85.1996728,99.0,60,55
6320,632024510,DEFROBCS,2025,1,78.4699621,99.0,60,55
6320,632024510,EWS,2025,1,52.1058919,99.0,60,55
6320,632037210,DEFOPENS,2025,1,36.6414088,99.0,60,55
6320,632037210,TFWS,2025,1,81.4271094,99.0,60,55
6320,632037210,EWS,2025,1,7.5386152,99.0,60,55
6320,632037810,DEFOPENS,2025,1,43.6823105,99.0,60,55
6320,632037810,TFWS,2025,1,76.4503291,99.0,60,55
6320,632037810,EWS,2025,1,74.8088122,99.0,60,55
6320,632061210,TFWS,2025,1,70.9482593,99.0,60,55
6320,632061210,EWS,2025,1,19.9880898,99.0,60,55
6321,632119110,EWS,2025,1,59.4665021,99.0,60,55
6321,632124210,TFWS,2025,1,54.96898,99.0,60,55
6321,632124210,EWS,2025,1,14.1268505,99.0,60,55
6321,632129310,EWS,2025,1,3.8634812,99.0,60,55
6321,632137210,EWS,2025,1,21.1739609,99.0,60,55
6321,632161210,EWS,2025,1,46.4953181,99.0,60,55
6321,632199510,TFWS,2025,1,48.401775,99.0,60,55
6321,632199510,EWS,2025,1,6.103771,99.0,60,55
6322,632224510,TFWS,2025,1,78.8262695,99.0,60,55
6322,632224510,EWS,2025,1,32.8661478,99.0,60,55
6322,632237210,EWS,2025,1,40.369284,99.0,60,55
6324,632424510,DEFOPENS,2025,1,73.3487346,99.0,60,55
6324,632424510,TFWS,2025,1,73.9021728,99.0,60,55
6324,632424510,EWS,2025,1,69.4641016,99.0,60,55
6326,632624210,TFWS,2025,1,77.741426,99.0,60,55
6326,632624210,EWS,2025,1,53.7903103,99.0,60,55
6326,632661210,TFWS,2025,1,59.2474828,99.0,60,55
6326,632661210,EWS,2025,1,21.5368309,99.0,60,55
6402,640224210,DEFOPENS,2025,1,65.4837825,99.0,60,55
6402,640224210,TFWS,2025,1,76.2668468,99.0,60,55
6402,640224210,DEFROBCS,2025,1,78.975446,99.0,60,55
6402,640224210,EWS,2025,1,67.2460619,99.0,60,55
6402,640225910,EWS,2025,1,43.1236655,99.0,60,55
6402,640257310,TFWS,2025,1,52.1496391,99.0,60,55
6402,640257310,EWS,2025,1,71.4785529,99.0,60,55
6444,644419110,TFWS,2025,1,75.242318,99.0,60,55
6444,644419110,EWS,2025,1,25.8331579,99.0,60,55
6444,644424510,TFWS,2025,1,47.8755661,99.0,60,55
6444,644424510,EWS,2025,1,23.7839084,99.0,60,55
6467,646724210,TFWS,2025,1,65.3107562,99.0,60,55
6467,646724210,EWS,2025,1,9.3008868,99.0,60,55
6467,646724610,TFWS,2025,1,39.9385666,99.0,60,55
6467,646724610,EWS,2025,1,73.9021728,99.0,60,55
6467,646737210,TFWS,2025,1,56.2435713,99.0,60,55
6467,646737210,EWS,2025,1,41.0952232,99.0,60,55
6468,646824210,TFWS,2025,1,73.6510161,99.0,60,55
6468,646824210,EWS,2025,1,38.215662,99.0,60,55
6468,646829310,TFWS,2025,1,67.458483,99.0,60,55
6468,646829310,EWS,2025,1,60.9758938,99.0,60,55
6468,646837210,DEFOPENS,2025,1,40.1861311,99.0,60,55
6468,646837210,TFWS,2025,1,64.7164682,99.0,60,55
6468,646837210,EWS,2025,1,32.0852596,99.0,60,55
6468,646884410,TFWS,2025,1,44.1521083,99.0,60,55
6468,646884410,EWS,2025,1,52.4918222,99.0,60,55
6468,646891110,TFWS,2025,1,67.3538592,99.0,60,55
6468,646891110,EWS,2025,1,23.5097171,99.0,60,55
6545,654524210,GOPENH,2025,1,34.7351841,99.0,60,55
6545,654524210,GSCNH,2025,1,14.6839821,99.0,60,55
6545,654524210,GVJS,2025,1,30.647462,99.0,60,55
6545,654524210,GNT2S,2025,1,13.510622,99.0,60,55
6545,654524210,GSEBCS,2025,1,22.8294494,99.0,60,55
6545,654524210,LOPENS,2025,1,53.8067479,99.0,60,55
6545,654524210,LSCS,2025,1,50.5512969,99.0,60,55
6545,654524210,LNT2S,2025,1,50.5512969,99.0,60,55
6545,654524210,LOBCS,2025,1,24.7436032,99.0,60,55
6545,654524210,LSEBCS,2025,1,38.215662,99.0,60,55
6545,654524210,TFWS,2025,1,40.1861311,99.0,60,55
6545,654526310,GOPENH,2025,1,39.199832,99.0,60,55
6545,654526310,GSCNH,2025,1,31.4943887,99.0,60,55
6545,654526310,GVJS,2025,1,6.7769925,99.0,60,55
6545,654526310,GNT2S,2025,1,19.0169976,99.0,60,55
6545,654526310,GOBCNH,2025,1,17.7235495,99.0,60,55
6545,654526310,GSEBCS,2025,1,27.1206001,99.0,60,55
6545,654526310,LOPENS,2025,1,59.8130199,99.0,60,55
6545,654526310,LNT2S,2025,1,27.147084,99.0,60,55
6545,654526310,LOBCS,2025,1,22.0653604,99.0,60,55
6545,654526310,LSEBCS,2025,1,56.5580532,99.0,60,55
6545,654526310,DEFOPENS,2025,1,39.966573,99.0,60,55
6545,654526310,TFWS,2025,1,44.3215833,99.0,60,55
6545,654529310,GOPENH,2025,1,48.401775,99.0,60,55
6545,654529310,GNT2S,2025,1,39.199832,99.0,60,55
6545,654529310,GOBCNH,2025,1,40.7074872,99.0,60,55
6545,654529310,GSEBCS,2025,1,37.8307719,99.0,60,55
6545,654529310,LOPENS,2025,1,24.7436032,99.0,60,55
6545,654529310,LSEBCS,2025,1,31.4943887,99.0,60,55
6545,654529310,TFWS,2025,1,37.5813241,99.0,60,55
6545,654537210,GOPENH,2025,1,25.4578819,99.0,60,55
6545,654537210,GNT1S,2025,1,14.7883959,99.0,60,55
6545,654537210,GNT2S,2025,1,19.5229257,99.0,60,55
6545,654537210,GSEBCS,2025,1,22.1854696,99.0,60,55
6545,654537210,LOPENS,2025,1,57.8274425,99.0,60,55
6545,654537210,LOBCS,2025,1,17.4168914,99.0,60,55
6545,654537210,LSEBCS,2025,1,57.0044084,99.0,60,55
6545,654537210,DEFOPENS,2025,1,74.1334872,99.0,60,55
6545,654537210,TFWS,2025,1,25.4578819,99.0,60,55
6545,654537210,EWS,2025,1,41.7943409,99.0,60,55
6545,654561210,GOPENH,2025,1,45.1152324,99.0,60,55
6545,654561210,GNT2S,2025,1,19.3259851,99.0,60,55
6545,654561210,GOBCNH,2025,1,16.8210201,99.0,60,55
6545,654561210,GSEBCS,2025,1,39.199832,99.0,60,55
6545,654561210,LOPENS,2025,1,15.4472393,99.0,60,55
6545,654561210,LOBCS,2025,1,62.2946352,99.0,60,55
6545,654561210,LSEBCS,2025,1,8.3041898,99.0,60,55
6545,654561210,TFWS,2025,1,37.9825825,99.0,60,55
6609,660924510,DEFOPENS,2025,1,25.4578819,99.0,60,55
6609,660924510,TFWS,2025,1,77.2289819,99.0,60,55
6609,660924510,EWS,2025,1,24.5822293,99.0,60,55
6609,660926310,TFWS,2025,1,77.1955616,99.0,60,55
6609,660926310,EWS,2025,1,32.4603175,99.0,60,55
6609,660961210,TFWS,2025,1,75.1493199,99.0,60,55
6609,660961210,EWS,2025,1,67.2980865,99.0,60,55
6625,662524510,EWS,2025,1,57.0070614,99.0,60,55
6628,662826310,TFWS,2025,1,80.78157,99.0,60,55
6628,662826310,EWS,2025,1,34.1022162,99.0,60,55
6632,663219110,GOPENH,2025,1,70.0706138,99.0,60,55
6632,663219110,GSCNH,2025,1,55.4743121,99.0,60,55
6632,663219110,GVJS,2025,1,44.6087422,99.0,60,55
6632,663219110,GNT1S,2025,1,58.1924692,99.0,60,55
6632,663219110,GNT2S,2025,1,68.2993965,99.0,60,55
6632,663219110,GOBCNH,2025,1,60.5539527,99.0,60,55
6632,663219110,GSEBCS,2025,1,67.2980865,99.0,60,55
6632,663219110,LOPENS,2025,1,64.5293156,99.0,60,55
6632,663219110,LSCS,2025,1,23.426501,99.0,60,55
6632,663219110,LOBCS,2025,1,61.5912113,99.0,60,55
6632,663219110,LSEBCS,2025,1,56.2435713,99.0,60,55
6632,663219110,TFWS,2025,1,75.110975,99.0,60,55
6632,663224510,GOPENH,2025,1,76.099588,99.0,60,55
6632,663224510,GSCNH,2025,1,53.1999725,99.0,60,55
6632,663224510,GVJS,2025,1,66.561551,99.0,60,55
6632,663224510,GNT1S,2025,1,60.1814551,99.0,60,55
6632,663224510,GNT2S,2025,1,70.4097117,99.0,60,55
6632,663224510,GNT3S,2025,1,73.2109713,99.0,60,55
6632,663224510,GOBCNH,2025,1,72.8027463,99.0,60,55
6632,663224510,GSEBCS,2025,1,71.9146758,99.0,60,55
6632,663224510,LOPENS,2025,1,80.4716144,99.0,60,55
6632,663224510,LSCS,2025,1,54.96898,99.0,60,55
6632,663224510,LVJS,2025,1,58.1150221,99.0,60,55
6632,663224510,LNT1S,2025,1,76.973775,99.0,60,55
6632,663224510,LNT2S,2025,1,77.3511663,99.0,60,55
6632,663224510,LNT3S,2025,1,79.6966406,99.0,60,55
6632,663224510,LOBCS,2025,1,74.9893249,99.0,60,55
6632,663224510,LSEBCS,2025,1,76.6993653,99.0,60,55
6632,663224510,DEFOPENS,2025,1,3.3604779,99.0,60,55
6632,663224510,TFWS,2025,1,78.1871974,99.0,60,55
6632,663224510,EWS,2025,1,40.6688911,99.0,60,55
6632,663229310,GOPENH,2025,1,67.2980865,99.0,60,55
6632,663229310,GSCNH,2025,1,41.153186,99.0,60,55
6632,663229310,GSTNH,2025,1,52.8745002,99.0,60,55
6632,663229310,GVJS,2025,1,52.8560653,99.0,60,55
6632,663229310,GNT2S,2025,1,58.3262891,99.0,60,55
6632,663229310,GNT3S,2025,1,64.1499185,99.0,60,55
6632,663229310,GOBCNH,2025,1,62.8386652,99.0,60,55
6632,663229310,GSEBCS,2025,1,59.5499981,99.0,60,55
6632,663229310,LOPENS,2025,1,66.0913492,99.0,60,55
6632,663229310,LSCS,2025,1,23.5136803,99.0,60,55
6632,663229310,LNT1S,2025,1,58.1924692,99.0,60,55
6632,663229310,LNT2S,2025,1,61.9398096,99.0,60,55
6632,663229310,LOBCS,2025,1,63.552865,99.0,60,55
6632,663229310,LSEBCS,2025,1,60.268127,99.0,60,55
6632,663229310,DEFOPENS,2025,1,85.9425358,99.0,60,55
6632,663229310,TFWS,2025,1,43.2614932,99.0,60,55
6632,663237210,GOPENH,2025,1,76.7952218,99.0,60,55
6632,663237210,GSCNH,2025,1,52.1058919,99.0,60,55
6632,663237210,GVJS,2025,1,67.2980865,99.0,60,55
6632,663237210,GNT1S,2025,1,55.3743463,99.0,60,55
6632,663237210,GNT2S,2025,1,70.9390112,99.0,60,55
6632,663237210,GOBCNH,2025,1,73.9721817,99.0,60,55
6632,663237210,GSEBCS,2025,1,72.3753397,99.0,60,55
6632,663237210,LOPENS,2025,1,74.1899324,99.0,60,55
6632,663237210,LSCS,2025,1,43.578754,99.0,60,55
6632,663237210,LVJS,2025,1,68.0484125,99.0,60,55
6632,663237210,LNT3S,2025,1,72.9249982,99.0,60,55
6632,663237210,LOBCS,2025,1,69.8506426,99.0,60,55
6632,663237210,LSEBCS,2025,1,14.6900893,99.0,60,55
6632,663237210,DEFOPENS,2025,1,80.4293972,99.0,60,55
6632,663237210,TFWS,2025,1,38.9526061,99.0,60,55
6632,663237210,EWS,2025,1,37.9825825,99.0,60,55
6632,663261210,GOPENH,2025,1,68.6031011,99.0,60,55
6632,663261210,GSCNH,2025,1,34.0437095,99.0,60,55
6632,663261210,GVJS,2025,1,47.8398896,99.0,60,55
6632,663261210,GNT1S,2025,1,67.967082,99.0,60,55
6632,663261210,GNT2S,2025,1,64.4305882,99.0,60,55
6632,663261210,GNT3S,2025,1,66.1911263,99.0,60,55
6632,663261210,GOBCNH,2025,1,64.2926156,99.0,60,55
6632,663261210,GSEBCS,2025,1,61.9042106,99.0,60,55
6632,663261210,LOPENS,2025,1,65.814611,99.0,60,55
6632,663261210,LSCS,2025,1,52.016058,99.0,60,55
6632,663261210,LNT1S,2025,1,47.0872596,99.0,60,55
6632,663261210,LOBCS,2025,1,55.7703505,99.0,60,55
6632,663261210,LSEBCS,2025,1,65.1614878,99.0,60,55
6632,663261210,TFWS,2025,1,73.0844718,99.0,60,55
6632,663292110,GOPENH,2025,1,71.5917775,99.0,60,55
6632,663292110,GSCNH,2025,1,49.8699585,99.0,60,55
6632,663292110,GVJS,2025,1,62.8386652,99.0,60,55
6632,663292110,GNT1S,2025,1,55.6597249,99.0,60,55
6632,663292110,GNT2S,2025,1,67.3167917,99.0,60,55
6632,663292110,GNT3S,2025,1,71.2894525,99.0,60,55
6632,663292110,GOBCNH,2025,1,68.2993965,99.0,60,55
6632,663292110,GSEBCS,2025,1,68.9409579,99.0,60,55
6632,663292110,LOPENS,2025,1,74.0786749,99.0,60,55
6632,663292110,LSCS,2025,1,57.8274425,99.0,60,55
6632,663292110,LVJS,2025,1,67.458483,99.0,60,55
6632,663292110,LNT2S,2025,1,70.9390112,99.0,60,55
6632,663292110,LNT3S,2025,1,68.58833,99.0,60,55
6632,663292110,LOBCS,2025,1,69.8418157,99.0,60,55
6632,663292110,LSEBCS,2025,1,71.2894525,99.0,60,55
6632,663292110,TFWS,2025,1,74.5525612,99.0,60,55
6632,663292110,EWS,2025,1,25.2991393,99.0,60,55
6632,663299510,GOPENH,2025,1,76.2668468,99.0,60,55
6632,663299510,GSCNH,2025,1,52.1585439,99.0,60,55
6632,663299510,GVJS,2025,1,71.0421393,99.0,60,55
6632,663299510,GNT1S,2025,1,60.7556304,99.0,60,55
6632,663299510,GNT2S,2025,1,72.4223602,99.0,60,55
6632,663299510,GNT3S,2025,1,73.2908824,99.0,60,55
6632,663299510,GOBCNH,2025,1,71.9146758,99.0,60,55
6632,663299510,GSEBCS,2025,1,72.8027463,99.0,60,55
6632,663299510,LOPENS,2025,1,79.4627847,99.0,60,55
6632,663299510,LSCS,2025,1,58.4262318,99.0,60,55
6632,663299510,LSTS,2025,1,21.3588155,99.0,60,55
6632,663299510,LVJS,2025,1,71.1120286,99.0,60,55
6632,663299510,LNT1S,2025,1,70.9482593,99.0,60,55
6632,663299510,LNT2S,2025,1,77.2289819,99.0,60,55
6632,663299510,LOBCS,2025,1,73.3487346,99.0,60,55
6632,663299510,LSEBCS,2025,1,78.9956692,99.0,60,55
6632,663299510,DEFOPENS,2025,1,60.7556304,99.0,60,55
6632,663299510,DEFSEBCS,2025,1,22.546494,99.0,60,55
6632,663299510,TFWS,2025,1,75.2153333,99.0,60,55
6632,663299510,EWS,2025,1,32.5248195,99.0,60,55
6634,663419110,TFWS,2025,1,81.6656822,99.0,60,55
6634,663419110,EWS,2025,1,43.1236655,99.0,60,55
6634,663424510,DEFOPENS,2025,1,70.9482593,99.0,60,55
6634,663424510,DEFOBCS,2025,1,58.1324148,99.0,60,55
6634,663424510,TFWS,2025,1,90.2558184,99.0,60,55
6634,663424510,DEFROBCS,2025,1,68.8065641,99.0,60,55
6634,663424510,EWS,2025,1,67.3538592,99.0,60,55
6634,663424610,DEFOPENS,2025,1,40.4581492,99.0,60,55
6634,663424610,DEFOBCS,2025,1,66.1169676,99.0,60,55
6634,663424610,TFWS,2025,1,86.0314842,99.0,60,55
6634,663424610,EWS,2025,1,56.5182885,99.0,60,55
6634,663437210,DEFOPENS,2025,1,25.4578819,99.0,60,55
6634,663437210,TFWS,2025,1,82.4780187,99.0,60,55
6634,663437210,EWS,2025,1,24.5822293,99.0,60,55
6634,663461210,DEFOPENS,2025,1,32.0852596,99.0,60,55
6634,663461210,TFWS,2025,1,79.2630446,99.0,60,55
6634,663461210,EWS,2025,1,33.8928203,99.0,60,55
6634,663461210,DEFOPENS,2025,1,78.2850242,99.0,60,55
6634,663461210,TFWS,2025,1,89.1809567,99.0,60,55
6634,663461210,EWS,2025,1,66.0913492,99.0,60,55
6635,663519110,TFWS,2025,1,68.6498934,99.0,60,55
6635,663519110,EWS,2025,1,48.1318449,99.0,60,55
6635,663524510,TFWS,2025,1,75.2331528,99.0,60,55
6635,663524510,EWS,2025,1,34.0389056,99.0,60,55
6635,663591210,TFWS,2025,1,76.2591061,99.0,60,55
6635,663591210,EWS,2025,1,25.2895608,99.0,60,55
6635,663592110,DEFOPENS,2025,1,63.552865,99.0,60,55
6635,663592110,TFWS,2025,1,74.1334872,99.0,60,55
6635,663592110,EWS,2025,1,41.7943409,99.0,60,55
6640,664019110,TFWS,2025,1,68.9346395,99.0,60,55
6640,664019110,EWS,2025,1,36.7116245,99.0,60,55
6640,664024210,DEFOPENS,2025,1,81.4271094,99.0,60,55
6640,664024210,TFWS,2025,1,87.7305257,99.0,60,55
6640,664024210,EWS,2025,1,78.9492107,99.0,60,55
6640,664029310,DEFOPENS,2025,1,63.003413,99.0,60,55
6640,664029310,TFWS,2025,1,73.0237189,99.0,60,55
6640,664029310,EWS,2025,1,43.7064846,99.0,60,55
6640,664037210,DEFOPENS,2025,1,58.4262318,99.0,60,55
6640,664037210,TFWS,2025,1,79.8369603,99.0,60,55
6640,664037210,EWS,2025,1,71.4377156,99.0,60,55
6640,664061210,TFWS,2025,1,74.6275026,99.0,60,55
6640,664061210,EWS,2025,1,41.6288192,99.0,60,55
6643,664319110,DEFOPENS,2025,1,71.4864246,99.0,60,55
6643,664319110,TFWS,2025,1,83.7030299,99.0,60,55
6643,664319110,EWS,2025,1,30.647462,99.0,60,55
6643,664324210,DEFOPENS,2025,1,31.0015898,99.0,60,55
6643,664324210,TFWS,2025,1,88.0941637,99.0,60,55
6643,664324210,EWS,2025,1,65.6970807,99.0,60,55
6643,664326310,TFWS,2025,1,79.0264353,99.0,60,55
6643,664326310,EWS,2025,1,74.9818126,99.0,60,55
6643,664329310,DEFOPENS,2025,1,57.5477401,99.0,60,55
6643,664329310,TFWS,2025,1,85.225256,99.0,60,55
6643,664329310,EWS,2025,1,15.2676469,99.0,60,55
6643,664337210,TFWS,2025,1,84.4137833,99.0,60,55
6643,664337210,EWS,2025,1,52.1585439,99.0,60,55
6643,664361210,DEFOPENS,2025,1,60.7738415,99.0,60,55
6643,664361210,TFWS,2025,1,77.1955616,99.0,60,55
6643,664361210,EWS,2025,1,5.1545589,99.0,60,55
6644,664419110,GOPENH,2025,1,24.0353914,99.0,60,55
6644,664419110,GNT2S,2025,1,23.5097171,99.0,60,55
6644,664419110,GOBCNH,2025,1,8.051581,99.0,60,55
6644,664419110,GSEBCS,2025,1,18.8254623,99.0,60,55
6644,664419110,LOPENS,2025,1,25.8331579,99.0,60,55
6644,664419110,LNT1S,2025,1,48.1318449,99.0,60,55
6644,664419110,LNT2S,2025,1,15.4884768,99.0,60,55
6644,664419110,TFWS,2025,1,20.7039337,99.0,60,55
6644,664424510,GOPENH,2025,1,34.7115718,99.0,60,55
6644,664424510,GNT1S,2025,1,34.4790806,99.0,60,55
6644,664424510,GNT2S,2025,1,18.3800623,99.0,60,55
6644,664424510,GOBCNH,2025,1,19.2990746,99.0,60,55
6644,664424510,GSEBCS,2025,1,20.4040793,99.0,60,55
6644,664424510,LOPENS,2025,1,55.6712077,99.0,60,55
6644,664424510,LSCS,2025,1,44.5569356,99.0,60,55
6644,664424510,LOBCS,2025,1,42.6120917,99.0,60,55
6644,664424510,LSEBCS,2025,1,52.1652563,99.0,60,55
6644,664424510,TFWS,2025,1,50.9743237,99.0,60,55
6644,664424510,EWS,2025,1,27.9000459,99.0,60,55
6644,664429310,GOPENH,2025,1,22.546494,99.0,60,55
6644,664429310,LOPENS,2025,1,13.1846958,99.0,60,55
6644,664429310,TFWS,2025,1,62.5282864,99.0,60,55
6644,664429310,EWS,2025,1,14.7883959,99.0,60,55
6644,664437210,GOPENH,2025,1,17.4168914,99.0,60,55
6644,664437210,LOPENS,2025,1,25.2991393,99.0,60,55
6644,664461210,GOPENH,2025,1,26.591875,99.0,60,55
6644,664461210,GSEBCS,2025,1,8.051581,99.0,60,55
6644,664461210,LOPENS,2025,1,15.8646734,99.0,60,55
6644,664461210,TFWS,2025,1,47.8219396,99.0,60,55
6644,664461210,EWS,2025,1,23.9624698,99.0,60,55
6644,664490010,GOPENH,2025,1,2.1798656,99.0,60,55
6644,664490010,LOPENS,2025,1,14.6839821,99.0,60,55
6644,664490010,DEFOPENS,2025,1,34.4790806,99.0,60,55
6644,664491110,GOPENH,2025,1,40.369284,99.0,60,55
6644,664491110,GVJS,2025,1,17.7235495,99.0,60,55
6644,664491110,GNT2S,2025,1,38.0740533,99.0,60,55
6644,664491110,GNT3S,2025,1,33.0737389,99.0,60,55
6644,664491110,GOBCNH,2025,1,20.9078498,99.0,60,55
6644,664491110,GSEBCS,2025,1,22.6197993,99.0,60,55
6644,664491110,LOPENS,2025,1,45.035095,99.0,60,55
6644,664491110,LOBCS,2025,1,38.6749482,99.0,60,55
6644,664491110,LSEBCS,2025,1,44.586183,99.0,60,55
6644,664491110,TFWS,2025,1,47.0872596,99.0,60,55
6644,664491110,EWS,2025,1,10.9209283,99.0,60,55
6644,664491210,GOPENH,2025,1,0.733179,99.0,60,55
6644,664491210,LOPENS,2025,1,1.8263243,99.0,60,55
6644,664491210,TFWS,2025,1,32.0852596,99.0,60,55
6649,664919110,TFWS,2025,1,81.7199,99.0,60,55
6649,664919110,EWS,2025,1,18.2420021,99.0,60,55
6649,664924510,DEFOPENS,2025,1,73.2109713,99.0,60,55
6649,664924510,DEFOBCS,2025,1,68.6254044,99.0,60,55
6649,664924510,DEFSEBCS,2025,1,64.5293156,99.0,60,55
6649,664924510,TFWS,2025,1,89.2656035,99.0,60,55
6649,664924510,DEFROBCS,2025,1,59.8130199,99.0,60,55
6649,664924510,EWS,2025,1,66.1311211,99.0,60,55
6649,664929310,DEFOPENS,2025,1,44.1937857,99.0,60,55
6649,664929310,TFWS,2025,1,80.78157,99.0,60,55
6649,664929310,EWS,2025,1,32.4603175,99.0,60,55
6649,664937210,DEFOPENS,2025,1,68.6717464,99.0,60,55
6649,664937210,TFWS,2025,1,86.5743412,99.0,60,55
6649,664937210,DEFRSEBCS,2025,1,47.8532423,99.0,60,55
6649,664937210,EWS,2025,1,55.4743121,99.0,60,55
6714,671424210,TFWS,2025,1,54.96898,99.0,60,55
6714,671424210,EWS,2025,1,8.3041898,99.0,60,55
6714,671429310,EWS,2025,1,25.6909658,99.0,60,55
6714,671437210,EWS,2025,1,17.9468599,99.0,60,55
6714,671461210,EWS,2025,1,26.166493,99.0,60,55
6732,673219110,GOPENH,2025,1,82.5792479,99.0,60,55
6732,673219110,GSCNH,2025,1,73.676029,99.0,60,55
6732,673219110,GSTNH,2025,1,19.9880898,99.0,60,55
6732,673219110,GVJS,2025,1,80.9705409,99.0,60,55
6732,673219110,GNT1S,2025,1,76.4346337,99.0,60,55
6732,673219110,GNT2S,2025,1,77.9303712,99.0,60,55
6732,673219110,GNT3S,2025,1,80.1708014,99.0,60,55
6732,673219110,GOBCNH,2025,1,79.0264353,99.0,60,55
6732,673219110,GSEBCS,2025,1,80.5339227,99.0,60,55
6732,673219110,LOPENS,2025,1,80.9705409,99.0,60,55
6732,673219110,LSCS,2025,1,71.9146758,99.0,60,55
6732,673219110,LSTS,2025,1,35.8612172,99.0,60,55
6732,673219110,LVJS,2025,1,59.2474828,99.0,60,55
6732,673219110,LNT1S,2025,1,69.8303637,99.0,60,55
6732,673219110,LNT2S,2025,1,78.7121389,99.0,60,55
6732,673219110,LOBCS,2025,1,78.4699621,99.0,60,55
6732,673219110,LSEBCS,2025,1,80.5383458,99.0,60,55
6732,673219110,DEFOPENS,2025,1,64.2198294,99.0,60,55
6732,673219110,DEFOBCS,2025,1,53.7903103,99.0,60,55
6732,673219110,TFWS,2025,1,85.9425358,99.0,60,55
6732,673219110,EWS,2025,1,23.214079,99.0,60,55
6732,673224510,GOPENH,2025,1,93.0779848,99.0,60,55
6732,673224510,GSCNH,2025,1,87.921673,99.0,60,55
6732,673224510,GSTNH,2025,1,40.4681495,99.0,60,55
6732,673224510,GVJS,2025,1,89.1014047,99.0,60,55
6732,673224510,GNT1S,2025,1,91.8375201,99.0,60,55
6732,673224510,GNT2S,2025,1,90.9203835,99.0,60,55
6732,673224510,GNT3S,2025,1,92.8576339,99.0,60,55
6732,673224510,GOBCNH,2025,1,92.7564924,99.0,60,55
6732,673224510,GSEBCS,2025,1,92.5616727,99.0,60,55
6732,673224510,LOPENS,2025,1,93.7255053,99.0,60,55
6732,673224510,LSCS,2025,1,88.0315567,99.0,60,55
6732,673224510,LSTS,2025,1,46.9424901,99.0,60,55
6732,673224510,LVJS,2025,1,88.6855305,99.0,60,55
6732,673224510,LNT1S,2025,1,92.9316795,99.0,60,55
6732,673224510,LNT2S,2025,1,91.4700615,99.0,60,55
6732,673224510,LNT3S,2025,1,91.244949,99.0,60,55
6732,673224510,LOBCS,2025,1,93.0414085,99.0,60,55
6732,673224510,LSEBCS,2025,1,92.8766596,99.0,60,55
6732,673224510,DEFOPENS,2025,1,89.106913,99.0,60,55
6732,673224510,DEFOBCS,2025,1,87.8605935,99.0,60,55
6732,673224510,DEFSEBCS,2025,1,86.0346936,99.0,60,55
6732,673224510,TFWS,2025,1,93.9551486,99.0,60,55
6732,673224510,DEFROBCS,2025,1,86.5748101,99.0,60,55
6732,673224510,EWS,2025,1,86.8897379,99.0,60,55
6732,673237210,GOPENH,2025,1,90.0843448,99.0,60,55
6732,673237210,GSCNH,2025,1,82.4592501,99.0,60,55
6732,673237210,GSTNH,2025,1,33.1537425,99.0,60,55
6732,673237210,GVJS,2025,1,84.3396689,99.0,60,55
6732,673237210,GNT1S,2025,1,83.988979,99.0,60,55
6732,673237210,GNT2S,2025,1,87.9344536,99.0,60,55
6732,673237210,GNT3S,2025,1,89.621821,99.0,60,55
6732,673237210,GOBCNH,2025,1,89.1791812,99.0,60,55
6732,673237210,GSEBCS,2025,1,89.5119454,99.0,60,55
6732,673237210,LOPENS,2025,1,89.6934787,99.0,60,55
6732,673237210,LSCS,2025,1,81.7199,99.0,60,55
6732,673237210,LVJS,2025,1,78.975446,99.0,60,55
6732,673237210,LNT2S,2025,1,87.4466038,99.0,60,55
6732,673237210,LNT3S,2025,1,89.5522919,99.0,60,55
6732,673237210,LOBCS,2025,1,89.1791812,99.0,60,55
6732,673237210,LSEBCS,2025,1,88.7955476,99.0,60,55
6732,673237210,DEFOPENS,2025,1,76.4346337,99.0,60,55
6732,673237210,DEFOBCS,2025,1,68.7336094,99.0,60,55
6732,673237210,DEFSEBCS,2025,1,72.9249982,99.0,60,55
6732,673237210,TFWS,2025,1,91.3421736,99.0,60,55
6732,673237210,DEFROBCS,2025,1,74.6516923,99.0,60,55
6732,673237210,EWS,2025,1,79.3692556,99.0,60,55
6732,673261210,GOPENH,2025,1,85.0853734,99.0,60,55
6732,673261210,GSCNH,2025,1,74.112751,99.0,60,55
6732,673261210,GSTNH,2025,1,9.3008868,99.0,60,55
6732,673261210,GVJS,2025,1,72.5330927,99.0,60,55
6732,673261210,GNT1S,2025,1,77.9589871,99.0,60,55
6732,673261210,GNT2S,2025,1,82.0388536,99.0,60,55
6732,673261210,GNT3S,2025,1,79.3794141,99.0,60,55
6732,673261210,GOBCNH,2025,1,83.0532651,99.0,60,55
6732,673261210,GSEBCS,2025,1,82.016548,99.0,60,55
6732,673261210,LOPENS,2025,1,83.7154638,99.0,60,55
6732,673261210,LSCS,2025,1,73.0844718,99.0,60,55
6732,673261210,LVJS,2025,1,81.6705255,99.0,60,55
6732,673261210,LNT1S,2025,1,78.8262695,99.0,60,55
6732,673261210,LNT2S,2025,1,76.7952218,99.0,60,55
6732,673261210,LNT3S,2025,1,77.583794,99.0,60,55
6732,673261210,LOBCS,2025,1,81.4271094,99.0,60,55
6732,673261210,LSEBCS,2025,1,82.4999118,99.0,60,55
6732,673261210,DEFOPENS,2025,1,70.733113,99.0,60,55
6732,673261210,DEFOBCS,2025,1,59.5499981,99.0,60,55
6732,673261210,DEFSEBCS,2025,1,68.4225402,99.0,60,55
6732,673261210,TFWS,2025,1,86.6676057,99.0,60,55
6732,673261210,DEFRNT2S,2025,1,68.6254044,99.0,60,55
6732,673261210,EWS,2025,1,52.8560653,99.0,60,55
6732,673299510,GOPENH,2025,1,92.1789653,99.0,60,55
6732,673299510,GSCNH,2025,1,85.9425358,99.0,60,55
6732,673299510,GSTNH,2025,1,5.1751378,99.0,60,55
6732,673299510,GVJS,2025,1,88.5780258,99.0,60,55
6732,673299510,GNT1S,2025,1,90.0843448,99.0,60,55
6732,673299510,GNT2S,2025,1,90.0451538,99.0,60,55
6732,673299510,GNT3S,2025,1,90.6279863,99.0,60,55
6732,673299510,GOBCNH,2025,1,91.6451799,99.0,60,55
6732,673299510,GSEBCS,2025,1,91.5364131,99.0,60,55
6732,673299510,LOPENS,2025,1,92.2148897,99.0,60,55
6732,673299510,LSCS,2025,1,84.0343736,99.0,60,55
6732,673299510,LSTS,2025,1,65.814611,99.0,60,55
6732,673299510,LVJS,2025,1,88.1060139,99.0,60,55
6732,673299510,LNT1S,2025,1,88.7357048,99.0,60,55
6732,673299510,LNT2S,2025,1,92.0068259,99.0,60,55
6732,673299510,LOBCS,2025,1,91.794056,99.0,60,55
6732,673299510,LSEBCS,2025,1,91.7505571,99.0,60,55
6732,673299510,PWDOPENS,2025,1,85.819156,99.0,60,55
6732,673299510,DEFOPENS,2025,1,86.2729883,99.0,60,55
6732,673299510,DEFOBCS,2025,1,85.1182895,99.0,60,55
6732,673299510,DEFSEBCS,2025,1,84.9389417,99.0,60,55
6732,673299510,TFWS,2025,1,93.4296473,99.0,60,55
6732,673299510,DEFRVJS,2025,1,85.9891185,99.0,60,55
6732,673299510,EWS,2025,1,84.4790806,99.0,60,55
6754,675424510,GOPENH,2025,1,96.7550691,99.0,60,55
6754,675424510,GSCNH,2025,1,92.1789653,99.0,60,55
6754,675424510,GSTNH,2025,1,60.010721,99.0,60,55
6754,675424510,GVJS,2025,1,93.3688303,99.0,60,55
6754,675424510,GNT1S,2025,1,95.4799,99.0,60,55
6754,675424510,GNT2S,2025,1,96.3555898,99.0,60,55
6754,675424510,GNT3S,2025,1,96.6659792,99.0,60,55
6754,675424510,GOBCNH,2025,1,96.4033464,99.0,60,55
6754,675424510,GSEBCS,2025,1,96.317687,99.0,60,55
6754,675424510,LOPENS,2025,1,96.6879243,99.0,60,55
6754,675424510,LSCS,2025,1,90.966814,99.0,60,55
6754,675424510,LSTS,2025,1,63.003413,99.0,60,55
6754,675424510,LVJS,2025,1,94.4809929,99.0,60,55
6754,675424510,LNT1S,2025,1,93.4464908,99.0,60,55
6754,675424510,LNT2S,2025,1,95.1724675,99.0,60,55
6754,675424510,LNT3S,2025,1,94.8861284,99.0,60,55
6754,675424510,LOBCS,2025,1,96.4373935,99.0,60,55
6754,675424510,LSEBCS,2025,1,96.3722342,99.0,60,55
6754,675424510,PWDOPENS,2025,1,34.0437095,99.0,60,55
6754,675424510,DEFOPENS,2025,1,91.8455822,99.0,60,55
6754,675424510,DEFSCS,2025,1,76.131941,99.0,60,55
6754,675424510,DEFOBCS,2025,1,91.6272372,99.0,60,55
6754,675424510,DEFSEBCS,2025,1,93.0429397,99.0,60,55
6754,675424510,TFWS,2025,1,97.2886818,99.0,60,55
6754,675424510,DEFRNT3S,2025,1,91.4806522,99.0,60,55
6754,675424510,EWS,2025,1,93.9724337,99.0,60,55
6754,675424610,GOPENH,2025,1,96.1680205,99.0,60,55
6754,675424610,GSCNH,2025,1,91.2552493,99.0,60,55
6754,675424610,GSTNH,2025,1,57.6578681,99.0,60,55
6754,675424610,GVJS,2025,1,92.0527932,99.0,60,55
6754,675424610,GNT1S,2025,1,94.1950375,99.0,60,55
6754,675424610,GNT2S,2025,1,95.6631314,99.0,60,55
6754,675424610,GNT3S,2025,1,95.2958925,99.0,60,55
6754,675424610,GOBCNH,2025,1,95.9687124,99.0,60,55
6754,675424610,GSEBCS,2025,1,95.9897611,99.0,60,55
6754,675424610,LOPENS,2025,1,96.1115807,99.0,60,55
6754,675424610,LSCS,2025,1,90.266876,99.0,60,55
6754,675424610,LSTS,2025,1,69.4641016,99.0,60,55
6754,675424610,LVJS,2025,1,90.8211878,99.0,60,55
6754,675424610,LNT2S,2025,1,93.9788054,99.0,60,55
6754,675424610,LNT3S,2025,1,94.6502373,99.0,60,55
6754,675424610,LOBCS,2025,1,95.9897611,99.0,60,55
6754,675424610,LSEBCS,2025,1,95.9770336,99.0,60,55
6754,675424610,PWDOPENS,2025,1,59.2474828,99.0,60,55
6754,675424610,PWDOBCS,2025,1,76.468112,99.0,60,55
6754,675424610,DEFOPENS,2025,1,92.5132937,99.0,60,55
6754,675424610,DEFSCS,2025,1,69.1748413,99.0,60,55
6754,675424610,DEFOBCS,2025,1,91.3230812,99.0,60,55
6754,675424610,DEFSEBCS,2025,1,90.8037449,99.0,60,55
6754,675424610,TFWS,2025,1,96.7647625,99.0,60,55
6754,675424610,EWS,2025,1,92.5267651,99.0,60,55
6754,675437210,GOPENH,2025,1,95.9558175,99.0,60,55
6754,675437210,GSCNH,2025,1,90.3030767,99.0,60,55
6754,675437210,GSTNH,2025,1,64.1240022,99.0,60,55
6754,675437210,GVJS,2025,1,91.2552493,99.0,60,55
6754,675437210,GNT1S,2025,1,93.4220277,99.0,60,55
6754,675437210,GNT2S,2025,1,95.1979522,99.0,60,55
6754,675437210,GNT3S,2025,1,95.4482415,99.0,60,55
6754,675437210,GOBCNH,2025,1,95.6935818,99.0,60,55
6754,675437210,GSEBCS,2025,1,95.7804433,99.0,60,55
6754,675437210,LOPENS,2025,1,96.1461976,99.0,60,55
6754,675437210,LSCS,2025,1,90.2925429,99.0,60,55
6754,675437210,LSTS,2025,1,72.5793422,99.0,60,55
6754,675437210,LNT1S,2025,1,90.5704062,99.0,60,55
6754,675437210,LOBCS,2025,1,95.4799,99.0,60,55
6754,675437210,LSEBCS,2025,1,95.5928687,99.0,60,55
6754,675437210,DEFOPENS,2025,1,91.1365188,99.0,60,55
6754,675437210,DEFOBCS,2025,1,86.6676057,99.0,60,55
6754,675437210,TFWS,2025,1,96.5079478,99.0,60,55
6754,675437210,DEFRNT2S,2025,1,87.7359574,99.0,60,55
6754,675437210,EWS,2025,1,91.507071,99.0,60,55
6755,675519110,DEFOPENS,2025,1,44.8240166,99.0,60,55
6755,675519110,DEFOBCS,2025,1,31.0015898,99.0,60,55
6755,675519110,TFWS,2025,1,84.3183057,99.0,60,55
6755,675519110,EWS,2025,1,21.3588155,99.0,60,55
6755,675524510,DEFOPENS,2025,1,79.2630446,99.0,60,55
6755,675524510,DEFOBCS,2025,1,74.4163823,99.0,60,55
6755,675524510,TFWS,2025,1,93.603531,99.0,60,55
6755,675524510,EWS,2025,1,84.207639,99.0,60,55
6755,675526310,DEFOPENS,2025,1,85.7396473,99.0,60,55
6755,675526310,TFWS,2025,1,94.963529,99.0,60,55
6755,675526310,DEFROBCS,2025,1,74.6275026,99.0,60,55
6755,675526310,EWS,2025,1,84.0343736,99.0,60,55
6755,675537210,DEFOPENS,2025,1,68.4225402,99.0,60,55
6755,675537210,TFWS,2025,1,92.4132948,99.0,60,55
6755,675537210,DEFROBCS,2025,1,66.0625569,99.0,60,55
6755,675537210,EWS,2025,1,82.5792479,99.0,60,55
6755,675561210,DEFOPENS,2025,1,66.0549811,99.0,60,55
6755,675561210,DEFOBCS,2025,1,59.2474828,99.0,60,55
6755,675561210,DEFSEBCS,2025,1,60.1814551,99.0,60,55
6755,675561210,TFWS,2025,1,86.3943435,99.0,60,55
6755,675561210,EWS,2025,1,29.2374051,99.0,60,55
6756,675619110,GOPENH,2025,1,55.7703505,99.0,60,55
6756,675619110,GSCNH,2025,1,11.1244146,99.0,60,55
6756,675619110,GNT2S,2025,1,55.7542662,99.0,60,55
6756,675619110,GOBCNH,2025,1,33.7141758,99.0,60,55
6756,675619110,GSEBCS,2025,1,37.1881218,99.0,60,55
6756,675619110,LOPENS,2025,1,70.9390112,99.0,60,55
6756,675619110,LSCS,2025,1,62.6016833,99.0,60,55
6756,675619110,LNT2S,2025,1,68.4225402,99.0,60,55
6756,675619110,LOBCS,2025,1,8.5124544,99.0,60,55
6756,675619110,LSEBCS,2025,1,41.0952232,99.0,60,55
6756,675619110,DEFOPENS,2025,1,77.9589871,99.0,60,55
6756,675619110,TFWS,2025,1,53.8067479,99.0,60,55
6756,675624210,GOPENH,2025,1,54.9832594,99.0,60,55
6756,675624210,GSCNH,2025,1,15.2676469,99.0,60,55
6756,675624210,GVJS,2025,1,19.4285936,99.0,60,55
6756,675624210,GNT1S,2025,1,39.966573,99.0,60,55
6756,675624210,GNT2S,2025,1,49.9737275,99.0,60,55
6756,675624210,GOBCNH,2025,1,15.7373377,99.0,60,55
6756,675624210,GSEBCS,2025,1,47.8532423,99.0,60,55
6756,675624210,LOPENS,2025,1,74.6217331,99.0,60,55
6756,675624210,LSCS,2025,1,28.6606658,99.0,60,55
6756,675624210,LVJS,2025,1,34.0389056,99.0,60,55
6756,675624210,LNT2S,2025,1,66.0913492,99.0,60,55
6756,675624210,LOBCS,2025,1,62.9339383,99.0,60,55
6756,675624210,LSEBCS,2025,1,71.1120286,99.0,60,55
6756,675624210,TFWS,2025,1,69.4641016,99.0,60,55
6756,675624210,EWS,2025,1,21.5915263,99.0,60,55
6756,675629310,GOPENH,2025,1,37.1379111,99.0,60,55
6756,675629310,GNT2S,2025,1,34.8863278,99.0,60,55
6756,675629310,GOBCNH,2025,1,20.9290709,99.0,60,55
6756,675629310,GSEBCS,2025,1,31.8317161,99.0,60,55
6756,675629310,LOPENS,2025,1,44.6087422,99.0,60,55
6756,675629310,LOBCS,2025,1,13.1846958,99.0,60,55
6756,675629310,LSEBCS,2025,1,38.215662,99.0,60,55
6756,675629310,TFWS,2025,1,40.4681495,99.0,60,55
6756,675629310,EWS,2025,1,17.4168914,99.0,60,55
6756,675637210,GOPENH,2025,1,48.401775,99.0,60,55
6756,675637210,GNT2S,2025,1,45.4941917,99.0,60,55
6756,675637210,GOBCNH,2025,1,27.6982865,99.0,60,55
6756,675637210,GSEBCS,2025,1,43.1236655,99.0,60,55
6756,675637210,LOPENS,2025,1,60.6803919,99.0,60,55
6756,675637210,LNT2S,2025,1,49.3545528,99.0,60,55
6756,675637210,LOBCS,2025,1,46.2039046,99.0,60,55
6756,675637210,LSEBCS,2025,1,45.6611497,99.0,60,55
6756,675637210,TFWS,2025,1,63.8128892,99.0,60,55
6756,675637210,EWS,2025,1,13.510622,99.0,60,55
6756,675661210,GOPENH,2025,1,53.1039032,99.0,60,55
6756,675661210,GSCNH,2025,1,4.3571041,99.0,60,55
6756,675661210,GNT2S,2025,1,49.8699585,99.0,60,55
6756,675661210,GOBCNH,2025,1,46.4953181,99.0,60,55
6756,675661210,GSEBCS,2025,1,30.6903413,99.0,60,55
6756,675661210,LOPENS,2025,1,37.0257103,99.0,60,55
6756,675661210,LOBCS,2025,1,20.4073236,99.0,60,55
6756,675661210,LSEBCS,2025,1,23.9884494,99.0,60,55
6756,675661210,TFWS,2025,1,55.7703505,99.0,60,55
6756,675661210,EWS,2025,1,1.3513033,99.0,60,55
6756,675699510,GOPENH,2025,1,54.9733848,99.0,60,55
6756,675699510,GSCNH,2025,1,5.121377,99.0,60,55
6756,675699510,GVJS,2025,1,44.3215833,99.0,60,55
6756,675699510,GNT2S,2025,1,49.0487536,99.0,60,55
6756,675699510,GNT3S,2025,1,30.191544,99.0,60,55
6756,675699510,GOBCNH,2025,1,20.7039337,99.0,60,55
6756,675699510,GSEBCS,2025,1,49.0487536,99.0,60,55
6756,675699510,LOPENS,2025,1,67.3167917,99.0,60,55
6756,675699510,LSCS,2025,1,49.2473035,99.0,60,55
6756,675699510,LNT2S,2025,1,67.2460619,99.0,60,55
6756,675699510,LOBCS,2025,1,40.4162412,99.0,60,55
6756,675699510,LSEBCS,2025,1,66.1169676,99.0,60,55
6756,675699510,TFWS,2025,1,53.7903103,99.0,60,55
6756,675699510,EWS,2025,1,71.2894525,99.0,60,55
6757,675719110,GOPENH,2025,1,62.6016833,99.0,60,55
6757,675719110,GSCNH,2025,1,32.0852596,99.0,60,55
6757,675719110,GVJS,2025,1,44.5569356,99.0,60,55
6757,675719110,GNT1S,2025,1,58.9637781,99.0,60,55
6757,675719110,GNT2S,2025,1,49.6322266,99.0,60,55
6757,675719110,GOBCNH,2025,1,38.0901752,99.0,60,55
6757,675719110,GSEBCS,2025,1,62.5282864,99.0,60,55
6757,675719110,LOPENS,2025,1,73.2041877,99.0,60,55
6757,675719110,LSCS,2025,1,40.6688911,99.0,60,55
6757,675719110,LOBCS,2025,1,40.7074872,99.0,60,55
6757,675719110,TFWS,2025,1,79.4793202,99.0,60,55
6757,675719110,DEFRSEBCS,2025,1,45.4941917,99.0,60,55
6757,675724210,GOPENH,2025,1,63.5303851,99.0,60,55
6757,675724210,GSCNH,2025,1,27.84396,99.0,60,55
6757,675724210,GSTNH,2025,1,57.8274425,99.0,60,55
6757,675724210,GVJS,2025,1,59.4665021,99.0,60,55
6757,675724210,GNT1S,2025,1,34.4790806,99.0,60,55
6757,675724210,GNT2S,2025,1,54.873582,99.0,60,55
6757,675724210,GNT3S,2025,1,13.510622,99.0,60,55
6757,675724210,GOBCNH,2025,1,43.2064159,99.0,60,55
6757,675724210,GSEBCS,2025,1,60.7556304,99.0,60,55
6757,675724210,LOPENS,2025,1,74.5525612,99.0,60,55
6757,675724210,LSCS,2025,1,10.3339505,99.0,60,55
6757,675724210,LVJS,2025,1,55.6712077,99.0,60,55
6757,675724210,LNT1S,2025,1,72.3251186,99.0,60,55
6757,675724210,LNT2S,2025,1,56.92563,99.0,60,55
6757,675724210,LNT3S,2025,1,60.010721,99.0,60,55
6757,675724210,LOBCS,2025,1,57.5392085,99.0,60,55
6757,675724210,LSEBCS,2025,1,69.8131691,99.0,60,55
6757,675724210,PWDOPENS,2025,1,29.41486,99.0,60,55
6757,675724210,DEFOPENS,2025,1,32.8661478,99.0,60,55
6757,675724210,DEFOBCS,2025,1,54.9832594,99.0,60,55
6757,675724210,TFWS,2025,1,68.2993965,99.0,60,55
6757,675724210,DEFRSEBCS,2025,1,24.5822293,99.0,60,55
6757,675724210,EWS,2025,1,28.3220209,99.0,60,55
6757,675726010,GOPENH,2025,1,51.7178644,99.0,60,55
6757,675726010,GSCNH,2025,1,40.4581492,99.0,60,55
6757,675726010,GVJS,2025,1,27.1206001,99.0,60,55
6757,675726010,GNT1S,2025,1,44.7174641,99.0,60,55
6757,675726010,GNT2S,2025,1,32.8661478,99.0,60,55
6757,675726010,GOBCNH,2025,1,34.3896838,99.0,60,55
6757,675726010,GSEBCS,2025,1,47.8532423,99.0,60,55
6757,675726010,LOPENS,2025,1,63.540901,99.0,60,55
6757,675726010,LSCS,2025,1,3.8634812,99.0,60,55
6757,675726010,LVJS,2025,1,28.3323489,99.0,60,55
6757,675726010,LNT1S,2025,1,62.6016833,99.0,60,55
6757,675726010,LNT2S,2025,1,25.4578819,99.0,60,55
6757,675726010,LNT3S,2025,1,30.9042114,99.0,60,55
6757,675726010,LOBCS,2025,1,61.5912113,99.0,60,55
6757,675726010,LSEBCS,2025,1,52.1058919,99.0,60,55
6757,675726010,DEFOPENS,2025,1,73.3487346,99.0,60,55
6757,675726010,TFWS,2025,1,44.8240166,99.0,60,55
6757,675726010,EWS,2025,1,26.4190879,99.0,60,55
6757,675726310,GOPENH,2025,1,64.1499185,99.0,60,55
6757,675726310,GSCNH,2025,1,29.4122187,99.0,60,55
6757,675726310,GVJS,2025,1,32.8661478,99.0,60,55
6757,675726310,GNT1S,2025,1,44.6246246,99.0,60,55
6757,675726310,GNT2S,2025,1,41.7620841,99.0,60,55
6757,675726310,GOBCNH,2025,1,40.4581492,99.0,60,55
6757,675726310,GSEBCS,2025,1,60.9758938,99.0,60,55
6757,675726310,LOPENS,2025,1,74.6516923,99.0,60,55
6757,675726310,LSCS,2025,1,36.7116245,99.0,60,55
6757,675726310,LVJS,2025,1,53.1039032,99.0,60,55
6757,675726310,LNT1S,2025,1,37.9825825,99.0,60,55
6757,675726310,LNT2S,2025,1,72.6740126,99.0,60,55
6757,675726310,LOBCS,2025,1,54.4258624,99.0,60,55
6757,675726310,LSEBCS,2025,1,71.5917775,99.0,60,55
6757,675726310,DEFOPENS,2025,1,49.4593034,99.0,60,55
6757,675726310,TFWS,2025,1,72.9249982,99.0,60,55
6757,675726310,EWS,2025,1,23.5746832,99.0,60,55
6757,675726610,GOPENH,2025,1,47.8219396,99.0,60,55
6757,675726610,GNT1S,2025,1,27.9569892,99.0,60,55
6757,675726610,GNT2S,2025,1,30.9042114,99.0,60,55
6757,675726610,GOBCNH,2025,1,8.9252211,99.0,60,55
6757,675726610,GSEBCS,2025,1,36.1833289,99.0,60,55
6757,675726610,LOPENS,2025,1,63.9535342,99.0,60,55
6757,675726610,LSCS,2025,1,27.147084,99.0,60,55
6757,675726610,LOBCS,2025,1,36.6414088,99.0,60,55
6757,675726610,LSEBCS,2025,1,59.3625359,99.0,60,55
6757,675726610,TFWS,2025,1,70.6987601,99.0,60,55
6757,675727310,GOPENH,2025,1,48.1318449,99.0,60,55
6757,675727310,GSCNH,2025,1,30.647462,99.0,60,55
6757,675727310,GNT1S,2025,1,38.726658,99.0,60,55
6757,675727310,GNT2S,2025,1,29.5324884,99.0,60,55
6757,675727310,GOBCNH,2025,1,19.9986005,99.0,60,55
6757,675727310,GSEBCS,2025,1,24.3359483,99.0,60,55
6757,675727310,LOPENS,2025,1,44.1521083,99.0,60,55
6757,675727310,LOBCS,2025,1,11.134049,99.0,60,55
6757,675727310,LSEBCS,2025,1,38.2278771,99.0,60,55
6757,675727310,TFWS,2025,1,46.2039046,99.0,60,55
6757,675729310,GOPENH,2025,1,54.96898,99.0,60,55
6757,675729310,GSCNH,2025,1,19.4285936,99.0,60,55
6757,675729310,GNT2S,2025,1,27.2101033,99.0,60,55
6757,675729310,GNT3S,2025,1,25.8331579,99.0,60,55
6757,675729310,GOBCNH,2025,1,30.9042114,99.0,60,55
6757,675729310,GSEBCS,2025,1,46.4182823,99.0,60,55
6757,675729310,LOPENS,2025,1,55.2387338,99.0,60,55
6757,675729310,LOBCS,2025,1,52.8745002,99.0,60,55
6757,675729310,LSEBCS,2025,1,12.9330578,99.0,60,55
6757,675729310,DEFOPENS,2025,1,66.8147184,99.0,60,55
6757,675729310,TFWS,2025,1,22.5386607,99.0,60,55
6757,675737210,GOPENH,2025,1,51.7178644,99.0,60,55
6757,675737210,GSCNH,2025,1,25.2991393,99.0,60,55
6757,675737210,GVJS,2025,1,32.7909025,99.0,60,55
6757,675737210,GNT1S,2025,1,17.5485857,99.0,60,55
6757,675737210,GNT2S,2025,1,37.8097183,99.0,60,55
6757,675737210,GOBCNH,2025,1,19.9986005,99.0,60,55
6757,675737210,GSEBCS,2025,1,47.8755661,99.0,60,55
6757,675737210,LOPENS,2025,1,59.4665021,99.0,60,55
6757,675737210,LVJS,2025,1,49.1668381,99.0,60,55
6757,675737210,LNT2S,2025,1,45.8934793,99.0,60,55
6757,675737210,LNT3S,2025,1,17.7235495,99.0,60,55
6757,675737210,LOBCS,2025,1,44.3667268,99.0,60,55
6757,675737210,LSEBCS,2025,1,56.92563,99.0,60,55
6757,675737210,DEFOPENS,2025,1,33.8928203,99.0,60,55
6757,675737210,TFWS,2025,1,77.0914416,99.0,60,55
6757,675737210,EWS,2025,1,49.9737275,99.0,60,55
6757,675761210,GOPENH,2025,1,68.0484125,99.0,60,55
6757,675761210,GSCNH,2025,1,26.3181412,99.0,60,55
6757,675761210,GNT2S,2025,1,60.9758938,99.0,60,55
6757,675761210,GOBCNH,2025,1,61.2510322,99.0,60,55
6757,675761210,GSEBCS,2025,1,62.4995214,99.0,60,55
6757,675761210,LOPENS,2025,1,72.5022286,99.0,60,55
6757,675761210,LSCS,2025,1,70.3901803,99.0,60,55
6757,675761210,LOBCS,2025,1,59.5499981,99.0,60,55
6757,675761210,LSEBCS,2025,1,65.8087807,99.0,60,55
6757,675761210,TFWS,2025,1,79.4793202,99.0,60,55
6757,675762410,GOPENH,2025,1,55.2387338,99.0,60,55
6757,675762410,GSCNH,2025,1,0.2347007,99.0,60,55
6757,675762410,GNT2S,2025,1,37.2578704,99.0,60,55
6757,675762410,GOBCNH,2025,1,43.1236655,99.0,60,55
6757,675762410,GSEBCS,2025,1,43.1094862,99.0,60,55
6757,675762410,LOPENS,2025,1,7.8474707,99.0,60,55
6757,675762410,GOPENH,2025,1,8.0477816,99.0,60,55
6757,675762410,TFWS,2025,1,8.5124544,99.0,60,55
6758,675824510,DEFOPENS,2025,1,68.58833,99.0,60,55
6758,675824510,TFWS,2025,1,81.1271398,99.0,60,55
6758,675824510,EWS,2025,1,16.2056174,99.0,60,55
6758,675837210,EWS,2025,1,56.1183815,99.0,60,55
6758,675892110,TFWS,2025,1,77.9589871,99.0,60,55
6758,675892110,EWS,2025,1,29.2374051,99.0,60,55
6758,675899510,DEFOBCS,2025,1,66.0625569,99.0,60,55
6758,675899510,TFWS,2025,1,77.937978,99.0,60,55
6758,675899510,EWS,2025,1,30.6903413,99.0,60,55
6759,675924510,DEFOPENS,2025,1,8.3041898,99.0,60,55
6759,675924510,TFWS,2025,1,79.7671884,99.0,60,55
6759,675924510,EWS,2025,1,36.6711564,99.0,60,55
6759,675999510,TFWS,2025,1,81.9137967,99.0,60,55
6759,675999510,EWS,2025,1,19.9986005,99.0,60,55
6766,676619110,GOPENH,2025,1,69.8131691,99.0,60,55
6766,676619110,GSCNH,2025,1,1.6499107,99.0,60,55
6766,676619110,GNT2S,2025,1,69.1748413,99.0,60,55
6766,676619110,GOBCNH,2025,1,54.9733848,99.0,60,55
6766,676619110,GSEBCS,2025,1,52.7016685,99.0,60,55
6766,676619110,LOPENS,2025,1,37.8307719,99.0,60,55
6766,676619110,LSCS,2025,1,6.103771,99.0,60,55
6766,676619110,LOBCS,2025,1,18.2769061,99.0,60,55
6766,676624510,GOPENH,2025,1,51.7178644,99.0,60,55
6766,676624510,GSCNH,2025,1,15.6857493,99.0,60,55
6766,676624510,GVJS,2025,1,18.4565842,99.0,60,55
6766,676624510,GNT1S,2025,1,40.6688911,99.0,60,55
6766,676624510,GNT2S,2025,1,46.9424901,99.0,60,55
6766,676624510,GOBCNH,2025,1,35.5420211,99.0,60,55
6766,676624510,GSEBCS,2025,1,43.6669107,99.0,60,55
6766,676624510,LOPENS,2025,1,74.0786749,99.0,60,55
6766,676624510,LSCS,2025,1,38.0901752,99.0,60,55
6766,676624510,LVJS,2025,1,59.2124434,99.0,60,55
6766,676624510,LNT1S,2025,1,61.5912113,99.0,60,55
6766,676624510,LNT2S,2025,1,68.063194,99.0,60,55
6766,676624510,LOBCS,2025,1,52.7200757,99.0,60,55
6766,676624510,LSEBCS,2025,1,64.2926156,99.0,60,55
6766,676624510,TFWS,2025,1,44.1937857,99.0,60,55
6766,676626310,GOPENH,2025,1,60.6803919,99.0,60,55
6766,676626310,GSCNH,2025,1,34.1066887,99.0,60,55
6766,676626310,GVJS,2025,1,55.6712077,99.0,60,55
6766,676626310,GNT1S,2025,1,26.3181412,99.0,60,55
6766,676626310,GNT2S,2025,1,53.864934,99.0,60,55
6766,676626310,GOBCNH,2025,1,40.1861311,99.0,60,55
6766,676626310,GSEBCS,2025,1,45.9819894,99.0,60,55
6766,676626310,LOPENS,2025,1,75.1493199,99.0,60,55
6766,676626310,LSCS,2025,1,56.4419991,99.0,60,55
6766,676626310,LNT1S,2025,1,47.4563898,99.0,60,55
6766,676626310,LNT2S,2025,1,72.8027463,99.0,60,55
6766,676626310,LOBCS,2025,1,65.814611,99.0,60,55
6766,676626310,LSEBCS,2025,1,71.4377156,99.0,60,55
6766,676626310,TFWS,2025,1,65.4076693,99.0,60,55
6766,676626310,EWS,2025,1,23.9884494,99.0,60,55
6766,676637210,GOPENH,2025,1,54.873582,99.0,60,55
6766,676637210,GSCNH,2025,1,15.6344619,99.0,60,55
6766,676637210,GNT1S,2025,1,22.4923895,99.0,60,55
6766,676637210,GNT2S,2025,1,38.2278771,99.0,60,55
6766,676637210,GOBCNH,2025,1,34.3896838,99.0,60,55
6766,676637210,GSEBCS,2025,1,50.5512969,99.0,60,55
6766,676637210,LOPENS,2025,1,65.9070599,99.0,60,55
6766,676637210,LSCS,2025,1,1.3246628,99.0,60,55
6766,676637210,LVJS,2025,1,52.8745002,99.0,60,55
6766,676637210,LOBCS,2025,1,49.2473035,99.0,60,55
6766,676637210,LSEBCS,2025,1,38.9526061,99.0,60,55
6766,676637210,DEFOPENS,2025,1,25.432546,99.0,60,55
6766,676637210,TFWS,2025,1,60.5539527,99.0,60,55
6766,676661210,GOPENH,2025,1,67.9621973,99.0,60,55
6766,676661210,GSCNH,2025,1,16.7388465,99.0,60,55
6766,676661210,GVJS,2025,1,31.3655815,99.0,60,55
6766,676661210,GNT3S,2025,1,34.1066887,99.0,60,55
6766,676661210,GOBCNH,2025,1,46.4953181,99.0,60,55
6766,676661210,GSEBCS,2025,1,56.4419991,99.0,60,55
6766,676661210,LOPENS,2025,1,44.8240166,99.0,60,55
6766,676661210,LSCS,2025,1,36.7116245,99.0,60,55
6766,676661210,LNT2S,2025,1,27.9000459,99.0,60,55
6766,676661210,LOBCS,2025,1,38.0740533,99.0,60,55
6766,676661210,LSEBCS,2025,1,15.1948779,99.0,60,55
6766,676661210,EWS,2025,1,2.8702641,99.0,60,55
6766,676692110,GOPENH,2025,1,61.9398096,99.0,60,55
6766,676692110,GSCNH,2025,1,5.0477816,99.0,60,55
6766,676692110,GVJS,2025,1,35.8191126,99.0,60,55
6766,676692110,GNT2S,2025,1,52.0988164,99.0,60,55
6766,676692110,GOBCNH,2025,1,45.035095,99.0,60,55
6766,676692110,GSEBCS,2025,1,51.8020478,99.0,60,55
6766,676692110,LOPENS,2025,1,72.0579403,99.0,60,55
6766,676692110,LSCS,2025,1,26.166493,99.0,60,55
6766,676692110,LNT1S,2025,1,21.3588155,99.0,60,55
6766,676692110,LOBCS,2025,1,43.2614932,99.0,60,55
6766,676692110,LSEBCS,2025,1,65.4837825,99.0,60,55
6766,676692110,TFWS,2025,1,72.5022286,99.0,60,55
6767,676719110,TFWS,2025,1,52.1652563,99.0,60,55
6767,676719110,EWS,2025,1,55.7542662,99.0,60,55
6767,676724510,EWS,2025,1,43.0034494,99.0,60,55
6767,676724610,EWS,2025,1,30.647462,99.0,60,55
6767,676791210,EWS,2025,1,38.2278771,99.0,60,55
6768,676824510,TFWS,2025,1,84.6586561,99.0,60,55
6768,676824510,EWS,2025,1,20.4040793,99.0,60,55
6769,676919110,TFWS,2025,1,71.4142775,99.0,60,55
6769,676919110,EWS,2025,1,56.1183815,99.0,60,55
6769,676924510,DEFOPENS,2025,1,75.9743237,99.0,60,55
6769,676924510,DEFOBCS,2025,1,50.184431,99.0,60,55
6769,676924510,TFWS,2025,1,88.5515009,99.0,60,55
6769,676924510,EWS,2025,1,69.3900327,99.0,60,55
6769,676924610,DEFOPENS,2025,1,74.75684,99.0,60,55
6769,676924610,TFWS,2025,1,87.7359574,99.0,60,55
6769,676924610,EWS,2025,1,65.814611,99.0,60,55
6769,676937210,DEFOPENS,2025,1,78.0162614,99.0,60,55
6769,676937210,DEFOBCS,2025,1,34.1022162,99.0,60,55
6769,676937210,TFWS,2025,1,84.1149833,99.0,60,55
6769,676937210,EWS,2025,1,58.3262891,99.0,60,55
6769,676961210,TFWS,2025,1,68.7336094,99.0,60,55
6769,676961210,EWS,2025,1,45.035095,99.0,60,55
6770,677024510,DEFOPENS,2025,1,75.6051641,99.0,60,55
6770,677024510,DEFOBCS,2025,1,60.010721,99.0,60,55
6770,677024510,DEFSEBCS,2025,1,46.4182823,99.0,60,55
6770,677024510,TFWS,2025,1,85.0971341,99.0,60,55
6770,677024510,EWS,2025,1,59.7703364,99.0,60,55
6770,677024610,DEFOPENS,2025,1,83.3904312,99.0,60,55
6770,677024610,DEFOBCS,2025,1,79.379989,99.0,60,55
6770,677024610,TFWS,2025,1,83.988979,99.0,60,55
6770,677024610,EWS,2025,1,54.9832594,99.0,60,55
6770,677061210,EWS,2025,1,44.6246246,99.0,60,55
6771,677124510,EWS,2025,1,20.9078498,99.0,60,55
6772,677224510,DEFOPENS,2025,1,78.2850242,99.0,60,55
6772,677224510,DEFSCS,2025,1,81.2365306,99.0,60,55
6772,677224510,DEFOBCS,2025,1,75.110975,99.0,60,55
6772,677224510,TFWS,2025,1,91.6272372,99.0,60,55
6772,677224510,EWS,2025,1,80.7004831,99.0,60,55
6772,677224610,DEFOPENS,2025,1,72.8027463,99.0,60,55
6772,677224610,TFWS,2025,1,91.3230812,99.0,60,55
6772,677224610,DEFROBCS,2025,1,68.1448034,99.0,60,55
6772,677224610,EWS,2025,1,79.3692556,99.0,60,55
6772,677229310,DEFOPENS,2025,1,73.9021728,99.0,60,55
6772,677229310,TFWS,2025,1,80.78157,99.0,60,55
6772,677229310,EWS,2025,1,27.9569892,99.0,60,55
6772,677237210,DEFOPENS,2025,1,52.4918222,99.0,60,55
6772,677237210,DEFOBCS,2025,1,77.9303712,99.0,60,55
6772,677237210,TFWS,2025,1,88.2603909,99.0,60,55
6772,677237210,DEFROBCS,2025,1,70.8903389,99.0,60,55
6772,677237210,EWS,2025,1,69.3900327,99.0,60,55
6772,677261210,TFWS,2025,1,72.3251186,99.0,60,55
6772,677261210,EWS,2025,1,27.2101033,99.0,60,55
6780,678019110,GOPENH,2025,1,70.9390112,99.0,60,55
6780,678019110,GSCNH,2025,1,39.9385666,99.0,60,55
6780,678019110,GNT1S,2025,1,43.578754,99.0,60,55
6780,678019110,GNT2S,2025,1,70.3444621,99.0,60,55
6780,678019110,GOBCNH,2025,1,64.2926156,99.0,60,55
6780,678019110,GSEBCS,2025,1,70.4858678,99.0,60,55
6780,678019110,LOPENS,2025,1,71.9146758,99.0,60,55
6780,678019110,LSCS,2025,1,60.9157012,99.0,60,55
6780,678019110,LOBCS,2025,1,67.458483,99.0,60,55
6780,678019110,LSEBCS,2025,1,71.0421393,99.0,60,55
6780,678019110,TFWS,2025,1,76.3172626,99.0,60,55
6780,678019110,EWS,2025,1,37.8097183,99.0,60,55
6780,678024210,GOPENH,2025,1,76.5235824,99.0,60,55
6780,678024210,GSCNH,2025,1,60.5843098,99.0,60,55
6780,678024210,GVJS,2025,1,59.3625359,99.0,60,55
6780,678024210,GNT1S,2025,1,66.1911263,99.0,60,55
6780,678024210,GNT2S,2025,1,70.4097117,99.0,60,55
6780,678024210,GNT3S,2025,1,65.9070599,99.0,60,55
6780,678024210,GOBCNH,2025,1,71.9146758,99.0,60,55
6780,678024210,GSEBCS,2025,1,75.2331528,99.0,60,55
6780,678024210,LOPENS,2025,1,78.890785,99.0,60,55
6780,678024210,LSCS,2025,1,41.7620841,99.0,60,55
6780,678024210,LVJS,2025,1,64.2198294,99.0,60,55
6780,678024210,LNT1S,2025,1,32.5421636,99.0,60,55
6780,678024210,LNT2S,2025,1,73.9721817,99.0,60,55
6780,678024210,LNT3S,2025,1,70.6970324,99.0,60,55
6780,678024210,LOBCS,2025,1,73.2908824,99.0,60,55
6780,678024210,LSEBCS,2025,1,76.973775,99.0,60,55
6780,678024210,DEFOPENS,2025,1,75.110975,99.0,60,55
6780,678024210,TFWS,2025,1,80.4293972,99.0,60,55
6780,678024210,EWS,2025,1,11.134049,99.0,60,55
6780,678029310,GOPENH,2025,1,76.2668468,99.0,60,55
6780,678029310,GSCNH,2025,1,48.8548541,99.0,60,55
6780,678029310,GVJS,2025,1,64.087617,99.0,60,55
6780,678029310,GNT1S,2025,1,60.5539527,99.0,60,55
6780,678029310,GNT2S,2025,1,70.9390112,99.0,60,55
6780,678029310,GNT3S,2025,1,60.5118338,99.0,60,55
6780,678029310,GOBCNH,2025,1,68.8065641,99.0,60,55
6780,678029310,GSEBCS,2025,1,74.6275026,99.0,60,55
6780,678029310,LOPENS,2025,1,78.685137,99.0,60,55
6780,678029310,LSCS,2025,1,70.6987601,99.0,60,55
6780,678029310,LOBCS,2025,1,77.1955616,99.0,60,55
6780,678029310,LSEBCS,2025,1,25.0611389,99.0,60,55
6780,678029310,DEFOPENS,2025,1,82.9459739,99.0,60,55
6780,678029310,TFWS,2025,1,54.2626684,99.0,60,55
6780,678029310,EWS,2025,1,48.6512524,99.0,60,55
6780,678061210,GOPENH,2025,1,77.583794,99.0,60,55
6780,678061210,GSCNH,2025,1,60.7738415,99.0,60,55
6780,678061210,GVJS,2025,1,52.8745002,99.0,60,55
6780,678061210,GNT3S,2025,1,52.8560653,99.0,60,55
6780,678061210,GOBCNH,2025,1,71.4785529,99.0,60,55
6780,678061210,GSEBCS,2025,1,76.3172626,99.0,60,55
6780,678061210,LOPENS,2025,1,72.4223602,99.0,60,55
6780,678061210,LSCS,2025,1,54.9986599,99.0,60,55
6780,678061210,LNT2S,2025,1,65.9070599,99.0,60,55
6780,678061210,LOBCS,2025,1,72.0579403,99.0,60,55
6780,678061210,LSEBCS,2025,1,80.1766472,99.0,60,55
6780,678061210,TFWS,2025,1,22.7484499,99.0,60,55
6780,678061210,DEFROBCS,2025,1,60.010721,99.0,60,55
6780,678061210,EWS,2025,1,52.7016685,99.0,60,55
6780,678091210,GOPENH,2025,1,76.4346337,99.0,60,55
6780,678091210,GSCNH,2025,1,64.1499185,99.0,60,55
6780,678091210,GVJS,2025,1,63.552865,99.0,60,55
6780,678091210,GNT1S,2025,1,72.3814647,99.0,60,55
6780,678091210,GNT2S,2025,1,65.814611,99.0,60,55
6780,678091210,GNT3S,2025,1,71.4142775,99.0,60,55
6780,678091210,GOBCNH,2025,1,69.1748413,99.0,60,55
6780,678091210,GSEBCS,2025,1,75.110975,99.0,60,55
6780,678091210,LOPENS,2025,1,78.733317,99.0,60,55
6780,678091210,LSCS,2025,1,63.5901214,99.0,60,55
6780,678091210,LVJS,2025,1,76.099588,99.0,60,55
6780,678091210,LNT2S,2025,1,69.8303637,99.0,60,55
6780,678091210,LOBCS,2025,1,77.937978,99.0,60,55
6780,678091210,LSEBCS,2025,1,79.7671884,99.0,60,55
6780,678091210,TFWS,2025,1,18.015086,99.0,60,55
6780,678091210,EWS,2025,1,60.268127,99.0,60,55
6781,678119110,EWS,2025,1,9.1673381,99.0,60,55
6781,678124210,TFWS,2025,1,66.7193141,99.0,60,55
6781,678124210,EWS,2025,1,28.9974428,99.0,60,55
6781,678137210,EWS,2025,1,11.1849689,99.0,60,55
6782,678219110,EWS,2025,1,60.9758938,99.0,60,55
6782,678229310,EWS,2025,1,65.2933256,99.0,60,55
6782,678261210,EWS,2025,1,59.0801845,99.0,60,55
6782,678299510,TFWS,2025,1,87.5957229,99.0,60,55
6782,678299510,EWS,2025,1,65.3107562,99.0,60,55
6794,679419110,TFWS,2025,1,79.5538038,99.0,60,55
6794,679419110,EWS,2025,1,25.6909658,99.0,60,55
6794,679424510,DEFOPENS,2025,1,67.3167917,99.0,60,55
6794,679424510,TFWS,2025,1,90.6279863,99.0,60,55
6794,679424510,EWS,2025,1,72.1871837,99.0,60,55
6794,679424610,DEFOPENS,2025,1,84.6438942,99.0,60,55
6794,679424610,TFWS,2025,1,88.1060139,99.0,60,55
6794,679424610,DEFROBCS,2025,1,68.1448034,99.0,60,55
6794,679424610,EWS,2025,1,63.0171253,99.0,60,55
6794,679437210,DEFOPENS,2025,1,52.0988164,99.0,60,55
6794,679437210,TFWS,2025,1,85.2987504,99.0,60,55
6794,679437210,EWS,2025,1,44.6246246,99.0,60,55
6794,679437810,DEFOPENS,2025,1,48.8548541,99.0,60,55
6794,679437810,TFWS,2025,1,76.3286018,99.0,60,55
6794,679437810,EWS,2025,1,33.4150899,99.0,60,55
6794,679461210,DEFOPENS,2025,1,47.7548586,99.0,60,55
6794,679461210,TFWS,2025,1,77.3511663,99.0,60,55
6794,679461210,EWS,2025,1,6.1768785,99.0,60,55
6794,679492810,DEFOPENS,2025,1,68.6031011,99.0,60,55
6794,679492810,TFWS,2025,1,78.685137,99.0,60,55
6794,679492810,EWS,2025,1,15.4472393,99.0,60,55
6794,679499510,DEFOPENS,2025,1,77.6220509,99.0,60,55
6794,679499510,TFWS,2025,1,88.5637068,99.0,60,55
6794,679499510,DEFROBCS,2025,1,63.2367632,99.0,60,55
6794,679499510,EWS,2025,1,69.8131691,99.0,60,55
6795,679524510,TFWS,2025,1,68.78733,99.0,60,55
6795,679524510,EWS,2025,1,14.6900893,99.0,60,55
6796,679619110,DEFOPENS,2025,1,73.0844718,99.0,60,55
6796,679619110,DEFOBCS,2025,1,41.7620841,99.0,60,55
6796,679619110,TFWS,2025,1,87.5726309,99.0,60,55
6796,679619110,EWS,2025,1,61.114444,99.0,60,55
6796,679624510,DEFOPENS,2025,1,85.225256,99.0,60,55
6796,679624510,DEFOBCS,2025,1,84.207639,99.0,60,55
6796,679624510,DEFSEBCS,2025,1,81.9314642,99.0,60,55
6796,679624510,TFWS,2025,1,94.7105213,99.0,60,55
6796,679624510,EWS,2025,1,88.5024155,99.0,60,55
6796,679637210,DEFOPENS,2025,1,94.9430074,99.0,60,55
6796,679637210,DEFOBCS,2025,1,84.4137833,99.0,60,55
6796,679637210,DEFROBCS,2025,1,85.239357,99.0,60,55
6796,679637210,EWS,2025,1,85.1689875,99.0,60,55
6796,679661210,DEFOPENS,2025,1,77.3511663,99.0,60,55
6796,679661210,DEFOBCS,2025,1,62.2946352,99.0,60,55
6796,679661210,EWS,2025,1,74.6275026,99.0,60,55
6797,679724210,TFWS,2025,1,49.0487536,99.0,60,55
6797,679724210,EWS,2025,1,60.9758938,99.0,60,55
6797,679792610,TFWS,2025,1,48.1265004,99.0,60,55
6797,679792610,EWS,2025,1,63.9397326,99.0,60,55
6799,679924210,EWS,2025,1,36.7116245,99.0,60,55
6799,679992110,TFWS,2025,1,22.27398,99.0,60,55
6799,679992110,EWS,2025,1,6.3402527,99.0,60,55
6803,680319110,TFWS,2025,1,47.4563898,99.0,60,55
6803,680319110,EWS,2025,1,24.2423208,99.0,60,55
6803,680324210,DEFOPENS,2025,1,27.6982865,99.0,60,55
6803,680324210,TFWS,2025,1,80.9705409,99.0,60,55
6803,680324210,EWS,2025,1,25.2991393,99.0,60,55
6803,680329310,DEFOPENS,2025,1,34.1022162,99.0,60,55
6803,680329310,TFWS,2025,1,68.58833,99.0,60,55
6803,680329310,EWS,2025,1,23.5136803,99.0,60,55
6803,680337210,DEFOPENS,2025,1,59.7703364,99.0,60,55
6803,680337210,TFWS,2025,1,79.3766715,99.0,60,55
6803,680337210,EWS,2025,1,68.6254044,99.0,60,55
6803,680337910,TFWS,2025,1,36.7116245,99.0,60,55
6803,680337910,EWS,2025,1,13.6469615,99.0,60,55
6803,680361210,TFWS,2025,1,72.9916849,99.0,60,55
6803,680361210,EWS,2025,1,2.3258261,99.0,60,55
6803,680391110,TFWS,2025,1,83.5707404,99.0,60,55
6803,680391110,EWS,2025,1,72.9906413,99.0,60,55
6808,680824510,DEFOPENS,2025,1,61.2830506,99.0,60,55
6808,680824510,DEFSEBCS,2025,1,39.9385666,99.0,60,55
6808,680824510,TFWS,2025,1,82.4780187,99.0,60,55
6808,680824510,EWS,2025,1,39.9385666,99.0,60,55
6808,680826310,DEFOPENS,2025,1,45.9819894,99.0,60,55
6808,680826310,TFWS,2025,1,81.2365306,99.0,60,55
6808,680826310,EWS,2025,1,15.4623879,99.0,60,55
6808,680861210,TFWS,2025,1,73.6510161,99.0,60,55
6808,680861210,EWS,2025,1,52.9701068,99.0,60,55
6811,681119110,TFWS,2025,1,71.2894525,99.0,60,55
6811,681119110,EWS,2025,1,15.4472393,99.0,60,55
6811,681124210,DEFOPENS,2025,1,28.7105475,99.0,60,55
6811,681124210,TFWS,2025,1,87.6160033,99.0,60,55
6811,681124210,EWS,2025,1,65.1614878,99.0,60,55
6811,681129310,DEFOPENS,2025,1,22.4923895,99.0,60,55
6811,681129310,TFWS,2025,1,64.2926156,99.0,60,55
6811,681129310,EWS,2025,1,40.4681495,99.0,60,55
6811,681137210,DEFOPENS,2025,1,8.051581,99.0,60,55
6811,681137210,TFWS,2025,1,78.8983322,99.0,60,55
6811,681137210,EWS,2025,1,39.966573,99.0,60,55
6811,681161210,TFWS,2025,1,74.5525612,99.0,60,55
6811,681161210,EWS,2025,1,31.2469386,99.0,60,55
6815,681524510,TFWS,2025,1,84.3786315,99.0,60,55
6815,681524510,EWS,2025,1,30.191544,99.0,60,55
6822,682219110,GOPENH,2025,1,93.9707059,99.0,60,55
6822,682219110,GSCNH,2025,1,89.4962236,99.0,60,55
6822,682219110,GSTNH,2025,1,85.129786,99.0,60,55
6822,682219110,GVJS,2025,1,90.9144237,99.0,60,55
6822,682219110,GNT2S,2025,1,92.9717253,99.0,60,55
6822,682219110,GOBCNH,2025,1,93.0647215,99.0,60,55
6822,682219110,GSEBCS,2025,1,92.7372014,99.0,60,55
6822,682219110,LOPENS,2025,1,94.0675053,99.0,60,55
6822,682219110,LSCS,2025,1,80.5793663,99.0,60,55
6822,682219110,LSTS,2025,1,71.7479911,99.0,60,55
6822,682219110,LVJS,2025,1,84.7804686,99.0,60,55
6822,682219110,LOBCS,2025,1,93.4464908,99.0,60,55
6822,682219110,LSEBCS,2025,1,93.9372552,99.0,60,55
6822,682219110,PWDOPENS,2025,1,56.5580532,99.0,60,55
6822,682219110,DEFOPENS,2025,1,79.5928226,99.0,60,55
6822,682219110,TFWS,2025,1,93.5771053,99.0,60,55
6822,682219110,DEFROBCS,2025,1,73.262321,99.0,60,55
6822,682219110,EWS,2025,1,81.2187812,99.0,60,55
6822,682224510,GOPENH,2025,1,97.0303948,99.0,60,55
6822,682224510,GSCNH,2025,1,92.6284151,99.0,60,55
6822,682224510,GSTNH,2025,1,68.063194,99.0,60,55
6822,682224510,GVJS,2025,1,93.4464908,99.0,60,55
6822,682224510,GNT1S,2025,1,95.1113117,99.0,60,55
6822,682224510,GNT2S,2025,1,96.1393231,99.0,60,55
6822,682224510,GNT3S,2025,1,96.6852182,99.0,60,55
6822,682224510,GOBCNH,2025,1,96.7120842,99.0,60,55
6822,682224510,GSEBCS,2025,1,96.6545506,99.0,60,55
6822,682224510,LOPENS,2025,1,97.0151829,99.0,60,55
6822,682224510,LSCS,2025,1,91.0387255,99.0,60,55
6822,682224510,LSTS,2025,1,60.9157012,99.0,60,55
6822,682224510,LVJS,2025,1,91.7989964,99.0,60,55
6822,682224510,LNT1S,2025,1,94.1005655,99.0,60,55
6822,682224510,LNT2S,2025,1,95.4397519,99.0,60,55
6822,682224510,LNT3S,2025,1,95.1210034,99.0,60,55
6822,682224510,LOBCS,2025,1,96.8391244,99.0,60,55
6822,682224510,LSEBCS,2025,1,96.8875086,99.0,60,55
6822,682224510,PWDOPENS,2025,1,3.5388008,99.0,60,55
6822,682224510,DEFOPENS,2025,1,92.1404554,99.0,60,55
6822,682224510,DEFSCS,2025,1,49.8201439,99.0,60,55
6822,682224510,DEFOBCS,2025,1,92.8362212,99.0,60,55
6822,682224510,DEFSEBCS,2025,1,93.2488151,99.0,60,55
6822,682224510,TFWS,2025,1,97.2569256,99.0,60,55
6822,682224510,DEFRNT3S,2025,1,91.3230812,99.0,60,55
6822,682224510,DEFROBCS,2025,1,92.0615223,99.0,60,55
6822,682224510,EWS,2025,1,93.9486424,99.0,60,55
6822,682224610,GOPENH,2025,1,97.3781998,99.0,60,55
6822,682224610,GSCNH,2025,1,92.5132937,99.0,60,55
6822,682224610,GSTNH,2025,1,69.8418157,99.0,60,55
6822,682224610,GVJS,2025,1,93.3319332,99.0,60,55
6822,682224610,GNT1S,2025,1,94.1937425,99.0,60,55
6822,682224610,GNT2S,2025,1,97.2067626,99.0,60,55
6822,682224610,GNT3S,2025,1,96.4812287,99.0,60,55
6822,682224610,GOBCNH,2025,1,96.6963838,99.0,60,55
6822,682224610,GSEBCS,2025,1,96.5544399,99.0,60,55
6822,682224610,LOPENS,2025,1,96.9836582,99.0,60,55
6822,682224610,LSCS,2025,1,92.5616727,99.0,60,55
6822,682224610,LOBCS,2025,1,96.614828,99.0,60,55
6822,682224610,LSEBCS,2025,1,96.5873016,99.0,60,55
6822,682224610,PWDOPENS,2025,1,32.8661478,99.0,60,55
6822,682224610,DEFOPENS,2025,1,94.3667284,99.0,60,55
6822,682224610,TFWS,2025,1,97.1576493,99.0,60,55
6822,682224610,DEFROBCS,2025,1,91.9525714,99.0,60,55
6822,682224610,EWS,2025,1,93.8402527,99.0,60,55
6822,682237210,GOPENH,2025,1,97.148562,99.0,60,55
6822,682237210,GSCNH,2025,1,91.8375201,99.0,60,55
6822,682237210,GSTNH,2025,1,68.063194,99.0,60,55
6822,682237210,GVJS,2025,1,92.9781315,99.0,60,55
6822,682237210,GNT1S,2025,1,96.0153643,99.0,60,55
6822,682237210,GNT2S,2025,1,96.3161343,99.0,60,55
6822,682237210,GOBCNH,2025,1,96.5817647,99.0,60,55
6822,682237210,GSEBCS,2025,1,96.5027076,99.0,60,55
6822,682237210,LOPENS,2025,1,97.0945243,99.0,60,55
6822,682237210,LSCS,2025,1,90.5491967,99.0,60,55
6822,682237210,LSTS,2025,1,68.6254044,99.0,60,55
6822,682237210,LNT3S,2025,1,94.243738,99.0,60,55
6822,682237210,LOBCS,2025,1,96.4542259,99.0,60,55
6822,682237210,LSEBCS,2025,1,96.5942413,99.0,60,55
6822,682237210,PWDOPENS,2025,1,49.1668381,99.0,60,55
6822,682237210,DEFOPENS,2025,1,91.3672693,99.0,60,55
6822,682237210,TFWS,2025,1,97.2067626,99.0,60,55
6822,682237210,DEFRSEBCS,2025,1,91.0387255,99.0,60,55
6822,682237210,EWS,2025,1,93.4491576,99.0,60,55
6822,682261210,GOPENH,2025,1,96.6545506,99.0,60,55
6822,682261210,GSCNH,2025,1,89.6497245,99.0,60,55
6822,682261210,GSTNH,2025,1,61.8012422,99.0,60,55
6822,682261210,GNT2S,2025,1,95.1740567,99.0,60,55
6822,682261210,GOBCNH,2025,1,95.9558175,99.0,60,55
6822,682261210,GSEBCS,2025,1,95.6991467,99.0,60,55
6822,682261210,LOPENS,2025,1,95.7836954,99.0,60,55
6822,682261210,LSCS,2025,1,88.8881114,99.0,60,55
6822,682261210,LSTS,2025,1,48.1265004,99.0,60,55
6822,682261210,LVJS,2025,1,83.7030299,99.0,60,55
6822,682261210,LNT1S,2025,1,89.621821,99.0,60,55
6822,682261210,LNT2S,2025,1,92.9717253,99.0,60,55
6822,682261210,LOBCS,2025,1,94.7585145,99.0,60,55
6822,682261210,LSEBCS,2025,1,94.1781526,99.0,60,55
6822,682261210,DEFOPENS,2025,1,91.1518015,99.0,60,55
6822,682261210,TFWS,2025,1,95.9638704,99.0,60,55
6822,682261210,DEFROBCS,2025,1,88.9649575,99.0,60,55
6822,682261210,EWS,2025,1,92.1242775,99.0,60,55
6834,683424510,GOPENH,2025,1,89.9001306,99.0,60,55
6834,683424510,GSCNH,2025,1,84.0342981,99.0,60,55
6834,683424510,GSTNH,2025,1,4.4515103,99.0,60,55
6834,683424510,GVJS,2025,1,83.1950716,99.0,60,55
6834,683424510,GNT1S,2025,1,82.8318522,99.0,60,55
6834,683424510,GNT2S,2025,1,87.8605935,99.0,60,55
6834,683424510,GNT3S,2025,1,87.5237763,99.0,60,55
6834,683424510,GOBCNH,2025,1,88.5024155,99.0,60,55
6834,683424510,GSEBCS,2025,1,88.8632429,99.0,60,55
6834,683424510,LOPENS,2025,1,90.5728815,99.0,60,55
6834,683424510,LSCS,2025,1,84.7804686,99.0,60,55
6834,683424510,LSTS,2025,1,18.1365898,99.0,60,55
6834,683424510,LVJS,2025,1,86.6676057,99.0,60,55
6834,683424510,LNT1S,2025,1,82.3548238,99.0,60,55
6834,683424510,LNT2S,2025,1,90.5012991,99.0,60,55
6834,683424510,LOBCS,2025,1,89.6934787,99.0,60,55
6834,683424510,LSEBCS,2025,1,90.1398917,99.0,60,55
6834,683424510,PWDOPENS,2025,1,23.5097171,99.0,60,55
6834,683424510,DEFOPENS,2025,1,76.5995199,99.0,60,55
6834,683424510,DEFOBCS,2025,1,72.9249982,99.0,60,55
6834,683424510,DEFSEBCS,2025,1,66.1169676,99.0,60,55
6834,683424510,TFWS,2025,1,90.6279863,99.0,60,55
6834,683424510,DEFROBCS,2025,1,76.2668468,99.0,60,55
6834,683424510,EWS,2025,1,77.583794,99.0,60,55
6834,683426310,GOPENH,2025,1,89.6618256,99.0,60,55
6834,683426310,GSCNH,2025,1,82.9763421,99.0,60,55
6834,683426310,GSTNH,2025,1,14.4618704,99.0,60,55
6834,683426310,GVJS,2025,1,83.5707404,99.0,60,55
6834,683426310,GNT1S,2025,1,86.8832732,99.0,60,55
6834,683426310,GNT2S,2025,1,87.0084871,99.0,60,55
6834,683426310,GNT3S,2025,1,86.6676057,99.0,60,55
6834,683426310,GOBCNH,2025,1,88.2758357,99.0,60,55
6834,683426310,GSEBCS,2025,1,87.746137,99.0,60,55
6834,683426310,LOPENS,2025,1,90.8146472,99.0,60,55
6834,683426310,LSCS,2025,1,83.1950716,99.0,60,55
6834,683426310,LSTS,2025,1,26.3181412,99.0,60,55
6834,683426310,LVJS,2025,1,80.5595655,99.0,60,55
6834,683426310,LNT1S,2025,1,85.6921506,99.0,60,55
6834,683426310,LNT2S,2025,1,87.4609239,99.0,60,55
6834,683426310,LNT3S,2025,1,87.5957229,99.0,60,55
6834,683426310,LOBCS,2025,1,89.2303375,99.0,60,55
6834,683426310,LSEBCS,2025,1,88.1060139,99.0,60,55
6834,683426310,DEFOPENS,2025,1,79.4793202,99.0,60,55
6834,683426310,DEFSCS,2025,1,47.7548586,99.0,60,55
6834,683426310,DEFOBCS,2025,1,61.5912113,99.0,60,55
6834,683426310,DEFSEBCS,2025,1,66.0913492,99.0,60,55
6834,683426310,TFWS,2025,1,90.4512103,99.0,60,55
6834,683426310,DEFROBCS,2025,1,71.7479911,99.0,60,55
6834,683426310,EWS,2025,1,74.9818126,99.0,60,55
6834,683492110,GOPENH,2025,1,88.7955476,99.0,60,55
6834,683492110,GSCNH,2025,1,82.9247643,99.0,60,55
6834,683492110,GSTNH,2025,1,34.4790806,99.0,60,55
6834,683492110,GVJS,2025,1,82.016548,99.0,60,55
6834,683492110,GNT1S,2025,1,87.8970321,99.0,60,55
6834,683492110,GNT2S,2025,1,87.6160033,99.0,60,55
6834,683492110,GNT3S,2025,1,85.2824124,99.0,60,55
6834,683492110,GOBCNH,2025,1,87.6160033,99.0,60,55
6834,683492110,GSEBCS,2025,1,88.245893,99.0,60,55
6834,683492110,LOPENS,2025,1,89.1809567,99.0,60,55
6834,683492110,LSCS,2025,1,83.6944391,99.0,60,55
6834,683492110,LSTS,2025,1,55.2387338,99.0,60,55
6834,683492110,LVJS,2025,1,83.5707404,99.0,60,55
6834,683492110,LNT1S,2025,1,79.379989,99.0,60,55
6834,683492110,LNT2S,2025,1,87.0084871,99.0,60,55
6834,683492110,LNT3S,2025,1,85.5419841,99.0,60,55
6834,683492110,LOBCS,2025,1,87.9735649,99.0,60,55
6834,683492110,LSEBCS,2025,1,88.1120509,99.0,60,55
6834,683492110,DEFOPENS,2025,1,81.3607995,99.0,60,55
6834,683492110,DEFOBCS,2025,1,73.262321,99.0,60,55
6834,683492110,DEFSEBCS,2025,1,35.508346,99.0,60,55
6834,683492110,TFWS,2025,1,89.2347783,99.0,60,55
6834,683492110,EWS,2025,1,76.3384255,99.0,60,55
6839,683919110,TFWS,2025,1,82.9428736,99.0,60,55
6839,683919110,EWS,2025,1,19.9986005,99.0,60,55
6839,683924210,DEFOPENS,2025,1,73.6510161,99.0,60,55
6839,683924210,TFWS,2025,1,83.9561363,99.0,60,55
6839,683924210,EWS,2025,1,9.1673381,99.0,60,55
6839,683929310,TFWS,2025,1,86.3943435,99.0,60,55
6839,683929310,EWS,2025,1,42.1633326,99.0,60,55
6839,683991210,DEFOPENS,2025,1,35.5990164,99.0,60,55
6839,683991210,TFWS,2025,1,81.9314642,99.0,60,55
6839,683991210,EWS,2025,1,17.4168914,99.0,60,55
6878,687819110,EWS,2025,1,34.3896838,99.0,60,55
6878,687890010,EWS,2025,1,36.7116245,99.0,60,55
6878,687891110,TFWS,2025,1,51.8020478,99.0,60,55
6878,687891110,EWS,2025,1,5.433669,99.0,60,55
6901,690124210,TFWS,2025,1,70.4097117,99.0,60,55
6901,690124210,EWS,2025,1,10.0170648,99.0,60,55
6901,690137210,TFWS,2025,1,43.7064846,99.0,60,55
6901,690137210,EWS,2025,1,62.5282864,99.0,60,55
6901,690158510,TFWS,2025,1,57.8274425,99.0,60,55
6901,690158510,EWS,2025,1,19.3259851,99.0,60,55
6901,690184410,EWS,2025,1,46.4953181,99.0,60,55
6901,690199510,DEFOPENS,2025,1,64.5293156,99.0,60,55
6901,690199510,TFWS,2025,1,67.1207715,99.0,60,55
6901,690199510,EWS,2025,1,11.0099135,99.0,60,55
6938,690199510,TFWS,2025,1,73.9721817,99.0,60,55
6938,690199510,EWS,2025,1,68.8065641,99.0,60,55
6938,690199510,TFWS,2025,1,3.0557589,99.0,60,55
6938,690199510,EWS,2025,1,34.7115718,99.0,60,55
6938,690199510,TFWS,2025,1,73.3487346,99.0,60,55
6938,690199510,EWS,2025,1,56.4419991,99.0,60,55
6938,690199510,TFWS,2025,1,57.5392085,99.0,60,55
6938,690199510,EWS,2025,1,50.8920685,99.0,60,55
6938,690199510,TFWS,2025,1,66.0549811,99.0,60,55
6938,690199510,EWS,2025,1,59.7703364,99.0,60,55
6991,699124510,DEFOPENS,2025,1,68.2993965,99.0,60,55
6991,699124510,DEFOBCS,2025,1,55.319298,99.0,60,55
6991,699124510,DEFSEBCS,2025,1,50.5512969,99.0,60,55
6991,699124510,TFWS,2025,1,89.451403,99.0,60,55
6991,699124510,DEFRVJS,2025,1,65.8087807,99.0,60,55
6991,699124510,EWS,2025,1,72.8027463,99.0,60,55
6991,699156610,DEFOPENS,2025,1,76.4503291,99.0,60,55
6991,699156610,DEFSCS,2025,1,55.3743463,99.0,60,55
6991,699156610,DEFOBCS,2025,1,56.4419991,99.0,60,55
6991,699156610,DEFSEBCS,2025,1,43.1236655,99.0,60,55
6991,699156610,TFWS,2025,1,89.3655049,99.0,60,55
6991,699156610,DEFRSEBCS,2025,1,68.7336094,99.0,60,55
6991,699156610,EWS,2025,1,71.0421393,99.0,60,55
6991,699184410,DEFOPENS,2025,1,51.4221759,99.0,60,55
6991,699184410,DEFOBCS,2025,1,30.191544,99.0,60,55
6991,699184410,TFWS,2025,1,86.0457957,99.0,60,55
6991,699184410,EWS,2025,1,50.9743237,99.0,60,55
6991,699199510,DEFOPENS,2025,1,80.4716144,99.0,60,55
6991,699199510,DEFOBCS,2025,1,72.8027463,99.0,60,55
6991,699199510,DEFSEBCS,2025,1,68.1448034,99.0,60,55
6991,699199510,TFWS,2025,1,88.8293119,99.0,60,55
6991,699199510,EWS,2025,1,75.8548894,99.0,60,55
14005,1400508310,GOPENH,2025,1,98.9463439,99.0,60,55
14005,1400508310,GSCNH,2025,1,95.2251023,99.0,60,55
14005,1400508310,GSTNH,2025,1,83.5642899,99.0,60,55
14005,1400508310,GNT1S,2025,1,93.1097384,99.0,60,55
14005,1400508310,GNT2S,2025,1,94.0617788,99.0,60,55
14005,1400508310,GOBCNH,2025,1,96.6346154,99.0,60,55
14005,1400508310,GSEBCS,2025,1,94.2388023,99.0,60,55
14005,1400508310,LOPENS,2025,1,99.1938484,99.0,60,55
14005,1400508310,LSCS,2025,1,97.6202079,99.0,60,55
14005,1400508310,LSTS,2025,1,88.3422902,99.0,60,55
14005,1400508310,LVJS,2025,1,89.2347783,99.0,60,55
14005,1400508310,LNT2S,2025,1,97.2579553,99.0,60,55
14005,1400508310,LNT3S,2025,1,97.367095,99.0,60,55
14005,1400508310,LOBCS,2025,1,97.6568405,99.0,60,55
14005,1400508310,LSEBCS,2025,1,96.6430376,99.0,60,55
14005,1400508310,DEFOPENS,2025,1,98.9562788,99.0,60,55
14005,1400508310,TFWS,2025,1,98.0763412,99.0,60,55
14005,1400508310,DEFRSEBCS,2025,1,93.6544026,99.0,60,55
14005,1400508310,EWS,2025,1,91.6505265,99.0,60,55
14005,1400508410,GOPENH,2025,1,97.7501624,99.0,60,55
14005,1400508410,GSCNH,2025,1,94.3997726,99.0,60,55
14005,1400508410,GSTNH,2025,1,79.8502833,99.0,60,55
14005,1400508410,GVJS,2025,1,84.1089994,99.0,60,55
14005,1400508410,GNT1S,2025,1,94.6428571,99.0,60,55
14005,1400508410,GNT2S,2025,1,95.1464116,99.0,60,55
14005,1400508410,GNT3S,2025,1,96.0653397,99.0,60,55
14005,1400508410,GOBCNH,2025,1,96.6212014,99.0,60,55
14005,1400508410,GSEBCS,2025,1,86.3617129,99.0,60,55
14005,1400508410,LOPENS,2025,1,98.2905983,99.0,60,55
14005,1400508410,LSCS,2025,1,97.5149994,99.0,60,55
14005,1400508410,LSTS,2025,1,94.0830084,99.0,60,55
14005,1400508410,LOBCS,2025,1,97.6202079,99.0,60,55
14005,1400508410,LSEBCS,2025,1,87.9287868,99.0,60,55
14005,1400508410,PWDOPENS,2025,1,77.2244863,99.0,60,55
14005,1400508410,DEFOPENS,2025,1,89.0868314,99.0,60,55
14005,1400508410,TFWS,2025,1,97.9104109,99.0,60,55
14005,1400508410,DEFROBCS,2025,1,87.295206,99.0,60,55
14005,1400508410,EWS,2025,1,87.4137081,99.0,60,55
14005,1400550110,GOPENH,2025,1,93.4649935,99.0,60,55
14005,1400550110,GNT2S,2025,1,71.1330463,99.0,60,55
14005,1400550110,GOBCNH,2025,1,90.0621118,99.0,60,55
14005,1400550110,LOPENS,2025,1,90.7559146,99.0,60,55
14005,1400550110,LSCS,2025,1,86.8334686,99.0,60,55
14005,1400550110,LSEBCS,2025,1,90.354069,99.0,60,55
14005,1400550110,TFWS,2025,1,74.5525612,99.0,60,55
14005,1400550110,EWS,2025,1,66.0913492,99.0,60,55
14005,1400550310,GOPENH,2025,1,99.4500122,99.0,60,55
14005,1400550310,GSCNH,2025,1,97.4187542,99.0,60,55
14005,1400550310,GSEBCS,2025,1,98.7639009,99.0,60,55
14005,1400550310,LOPENS,2025,1,99.6692165,99.0,60,55
14005,1400550310,LSTS,2025,1,92.8284269,99.0,60,55
14005,1400550310,LOBCS,2025,1,98.834229,99.0,60,55
14005,1400550310,TFWS,2025,1,99.6715782,99.0,60,55
14005,1400550310,EWS,2025,1,96.1397138,99.0,60,55
14005,1400550710,GOPENH,2025,1,97.077156,99.0,60,55
14005,1400550710,GSCNH,2025,1,92.0527932,99.0,60,55
14005,1400550710,GSTNH,2025,1,74.8088122,99.0,60,55
14005,1400550710,GVJS,2025,1,94.1937425,99.0,60,55
14005,1400550710,GNT1S,2025,1,95.6987601,99.0,60,55
14005,1400550710,GNT2S,2025,1,91.1365188,99.0,60,55
14005,1400550710,GNT3S,2025,1,90.9657321,99.0,60,55
14005,1400550710,GOBCNH,2025,1,96.21834,99.0,60,55
14005,1400550710,GSEBCS,2025,1,95.1740567,99.0,60,55
14005,1400550710,LOPENS,2025,1,97.1923599,99.0,60,55
14005,1400550710,LSCS,2025,1,92.1517727,99.0,60,55
14005,1400550710,LVJS,2025,1,84.4852349,99.0,60,55
14005,1400550710,LNT2S,2025,1,94.2142883,99.0,60,55
14005,1400550710,LOBCS,2025,1,96.614828,99.0,60,55
14005,1400550710,LSEBCS,2025,1,87.2593857,99.0,60,55
14005,1400550710,PWDOPENS,2025,1,79.4793202,99.0,60,55
14005,1400550710,DEFOPENS,2025,1,89.5522919,99.0,60,55
14005,1400550710,DEFOBCS,2025,1,77.2289819,99.0,60,55
14005,1400550710,TFWS,2025,1,97.1546136,99.0,60,55
14005,1400550710,DEFROBCS,2025,1,83.9561363,99.0,60,55
14005,1400550710,EWS,2025,1,92.3740511,99.0,60,55
14005,1400552410,GOPENH,2025,1,89.9552166,99.0,60,55
14005,1400552410,GSCNH,2025,1,86.560206,99.0,60,55
14005,1400552410,GOBCNH,2025,1,86.8005513,99.0,60,55
14005,1400552410,GSEBCS,2025,1,38.2037534,99.0,60,55
14005,1400552410,LOPENS,2025,1,88.6855305,99.0,60,55
14005,1400552410,LSTS,2025,1,41.7129534,99.0,60,55
14005,1400552410,LNT1S,2025,1,44.3215833,99.0,60,55
14005,1400552410,TFWS,2025,1,85.65358,99.0,60,55
14005,1400552410,EWS,2025,1,63.4876968,99.0,60,55
14005,1400552710,GOPENH,2025,1,96.0674946,99.0,60,55
14005,1400552710,GNT3S,2025,1,66.5942029,99.0,60,55
14005,1400552710,GOBCNH,2025,1,95.022244,99.0,60,55
14005,1400552710,GSEBCS,2025,1,94.2477571,99.0,60,55
14005,1400552710,LOPENS,2025,1,96.1627997,99.0,60,55
14005,1400552710,LSCS,2025,1,87.7370373,99.0,60,55
14005,1400552710,LOBCS,2025,1,94.0032188,99.0,60,55
14005,1400552710,TFWS,2025,1,95.647381,99.0,60,55
14005,1400552710,EWS,2025,1,90.0621118,99.0,60,55
14005,1400552910,GOPENH,2025,1,92.4575883,99.0,60,55
14005,1400552910,GSCNH,2025,1,91.4802758,99.0,60,55
14005,1400552910,GSTNH,2025,1,52.016058,99.0,60,55
14005,1400552910,GNT2S,2025,1,70.8903389,99.0,60,55
14005,1400552910,GOBCNH,2025,1,92.1517727,99.0,60,55
14005,1400552910,LOPENS,2025,1,96.0186459,99.0,60,55
14005,1400552910,TFWS,2025,1,91.6804693,99.0,60,55
14005,1400552910,EWS,2025,1,89.2347783,99.0,60,55
14005,1400572910,GOPENH,2025,1,93.6359075,99.0,60,55
14005,1400572910,GSCNH,2025,1,89.6568852,99.0,60,55
14005,1400572910,GSTNH,2025,1,73.9021728,99.0,60,55
14005,1400572910,GVJS,2025,1,81.9221888,99.0,60,55
14005,1400572910,GOBCNH,2025,1,92.8705176,99.0,60,55
14005,1400572910,GSEBCS,2025,1,87.2593857,99.0,60,55
14005,1400572910,LOPENS,2025,1,95.2882188,99.0,60,55
14005,1400572910,LOBCS,2025,1,93.620848,99.0,60,55
14005,1400572910,TFWS,2025,1,93.7153061,99.0,60,55
14005,1400572910,EWS,2025,1,86.8832732,99.0,60,55
16006,1600619110,GOPENH,2025,1,99.0434195,99.0,60,55
16006,1600619110,GSCNH,2025,1,96.9234547,99.0,60,55
16006,1600619110,GSTNH,2025,1,93.1635295,99.0,60,55
16006,1600619110,GVJS,2025,1,97.5707384,99.0,60,55
16006,1600619110,GNT1S,2025,1,97.7474428,99.0,60,55
16006,1600619110,GNT2S,2025,1,98.3571807,99.0,60,55
16006,1600619110,GNT3S,2025,1,98.8142711,99.0,60,55
16006,1600619110,GOBCNH,2025,1,98.6729671,99.0,60,55
16006,1600619110,GSEBCS,2025,1,98.644561,99.0,60,55
16006,1600619110,LOPENS,2025,1,98.6186186,99.0,60,55
16006,1600619110,LSCS,2025,1,96.0153643,99.0,60,55
16006,1600619110,LSTS,2025,1,88.542227,99.0,60,55
16006,1600619110,LVJS,2025,1,95.5320057,99.0,60,55
16006,1600619110,LNT1S,2025,1,97.9285523,99.0,60,55
16006,1600619110,LNT2S,2025,1,97.4323705,99.0,60,55
16006,1600619110,LNT3S,2025,1,98.4223551,99.0,60,55
16006,1600619110,LOBCS,2025,1,97.8702175,99.0,60,55
16006,1600619110,LSEBCS,2025,1,98.3540373,99.0,60,55
16006,1600619110,PWDOPENS,2025,1,89.1014047,99.0,60,55
16006,1600619110,PWDSCS,2025,1,76.6875679,99.0,60,55
16006,1600619110,PWDOBCS,2025,1,84.6438942,99.0,60,55
16006,1600619110,PWDSEBCS,2025,1,75.8548894,99.0,60,55
16006,1600619110,DEFOPENS,2025,1,97.2950127,99.0,60,55
16006,1600619110,DEFSCS,2025,1,93.894198,99.0,60,55
16006,1600619110,DEFOBCS,2025,1,96.7647625,99.0,60,55
16006,1600619110,DEFSEBCS,2025,1,96.9103584,99.0,60,55
16006,1600619110,TFWS,2025,1,99.1389268,99.0,60,55
16006,1600619110,PWDRNT3S,2025,1,89.0033044,99.0,60,55
16006,1600619110,DEFRSEBCS,2025,1,97.2569256,99.0,60,55
16006,1600624210,GOPENH,2025,1,99.9767207,99.0,60,55
16006,1600624210,GSCNH,2025,1,99.1542936,99.0,60,55
16006,1600624210,GSTNH,2025,1,96.4185055,99.0,60,55
16006,1600624210,GVJS,2025,1,99.6691671,99.0,60,55
16006,1600624210,GNT1S,2025,1,99.6772609,99.0,60,55
16006,1600624210,GNT2S,2025,1,99.8922455,99.0,60,55
16006,1600624210,GNT3S,2025,1,99.9551415,99.0,60,55
16006,1600624210,GOBCNH,2025,1,99.901398,99.0,60,55
16006,1600624210,GSEBCS,2025,1,99.8884401,99.0,60,55
16006,1600624210,LOPENS,2025,1,99.9654192,99.0,60,55
16006,1600624210,LSCS,2025,1,99.0524224,99.0,60,55
16006,1600624210,LSTS,2025,1,95.4060578,99.0,60,55
16006,1600624210,LVJS,2025,1,99.0247667,99.0,60,55
16006,1600624210,LNT1S,2025,1,99.7838756,99.0,60,55
16006,1600624210,LNT2S,2025,1,99.518323,99.0,60,55
16006,1600624210,LNT3S,2025,1,99.6340419,99.0,60,55
16006,1600624210,LOBCS,2025,1,99.8229748,99.0,60,55
16006,1600624210,LSEBCS,2025,1,99.8354508,99.0,60,55
16006,1600624210,PWDOPENS,2025,1,98.2626354,99.0,60,55
16006,1600624210,PWDSCS,2025,1,85.6921506,99.0,60,55
16006,1600624210,PWDOBCS,2025,1,97.7989985,99.0,60,55
16006,1600624210,PWDSEBCS,2025,1,95.7070884,99.0,60,55
16006,1600624210,DEFOPENS,2025,1,52.1496391,99.0,60,55
16006,1600624210,DEFSCS,2025,1,96.8737201,99.0,60,55
16006,1600624210,DEFOBCS,2025,1,53.8067479,99.0,60,55
16006,1600624210,DEFSEBCS,2025,1,84.5857013,99.0,60,55
16006,1600624210,TFWS,2025,1,99.9454956,99.0,60,55
16006,1600624210,PWDRVJS,2025,1,98.1672355,99.0,60,55
16006,1600624210,PWDROBCS,2025,1,98.2533366,99.0,60,55
16006,1600629310,GOPENH,2025,1,99.6484642,99.0,60,55
16006,1600629310,GSCNH,2025,1,97.8188113,99.0,60,55
16006,1600629310,GSTNH,2025,1,92.4095563,99.0,60,55
16006,1600629310,GVJS,2025,1,98.9199753,99.0,60,55
16006,1600629310,GNT1S,2025,1,98.8650296,99.0,60,55
16006,1600629310,GNT2S,2025,1,99.1749938,99.0,60,55
16006,1600629310,GNT3S,2025,1,99.312573,99.0,60,55
16006,1600629310,GOBCNH,2025,1,99.5394239,99.0,60,55
16006,1600629310,GSEBCS,2025,1,99.3554861,99.0,60,55
16006,1600629310,LOPENS,2025,1,99.5156527,99.0,60,55
16006,1600629310,LSCS,2025,1,96.9618772,99.0,60,55
16006,1600629310,LSTS,2025,1,93.5949221,99.0,60,55
16006,1600629310,LVJS,2025,1,96.5817647,99.0,60,55
16006,1600629310,LNT1S,2025,1,97.119681,99.0,60,55
16006,1600629310,LNT2S,2025,1,98.5213678,99.0,60,55
16006,1600629310,LOBCS,2025,1,99.1839813,99.0,60,55
16006,1600629310,LSEBCS,2025,1,99.1997549,99.0,60,55
16006,1600629310,PWDOPENS,2025,1,91.9103015,99.0,60,55
16006,1600629310,PWDSCS,2025,1,49.3545528,99.0,60,55
16006,1600629310,PWDOBCS,2025,1,87.921673,99.0,60,55
16006,1600629310,PWDSEBCS,2025,1,79.2630446,99.0,60,55
16006,1600629310,DEFOPENS,2025,1,89.9742931,99.0,60,55
16006,1600629310,DEFSCS,2025,1,94.8860653,99.0,60,55
16006,1600629310,DEFOBCS,2025,1,98.3382471,99.0,60,55
16006,1600629310,DEFSEBCS,2025,1,98.7794007,99.0,60,55
16006,1600629310,TFWS,2025,1,99.6242563,99.0,60,55
16006,1600629310,PWDROBCS,2025,1,90.7879085,99.0,60,55
16006,1600629310,DEFROBCS,2025,1,87.73995,99.0,60,55
16006,1600637210,GOPENH,2025,1,99.844726,99.0,60,55
16006,1600637210,GSCNH,2025,1,98.6612515,99.0,60,55
16006,1600637210,GSTNH,2025,1,94.6962055,99.0,60,55
16006,1600637210,GVJS,2025,1,99.5291575,99.0,60,55
16006,1600637210,GNT1S,2025,1,99.4824017,99.0,60,55
16006,1600637210,GNT2S,2025,1,99.3657344,99.0,60,55
16006,1600637210,GNT3S,2025,1,99.654192,99.0,60,55
16006,1600637210,GOBCNH,2025,1,99.75686,99.0,60,55
16006,1600637210,GSEBCS,2025,1,99.7368975,99.0,60,55
16006,1600637210,LOPENS,2025,1,99.8016908,99.0,60,55
16006,1600637210,LSCS,2025,1,98.1161695,99.0,60,55
16006,1600637210,LSTS,2025,1,94.9173586,99.0,60,55
16006,1600637210,LVJS,2025,1,98.5669073,99.0,60,55
16006,1600637210,LNT1S,2025,1,98.996822,99.0,60,55
16006,1600637210,LNT2S,2025,1,99.3229467,99.0,60,55
16006,1600637210,LNT3S,2025,1,99.1062802,99.0,60,55
16006,1600637210,LOBCS,2025,1,99.5561785,99.0,60,55
16006,1600637210,LSEBCS,2025,1,99.6118163,99.0,60,55
16006,1600637210,PWDOPENS,2025,1,95.7030198,99.0,60,55
16006,1600637210,PWDSCS,2025,1,84.4412567,99.0,60,55
16006,1600637210,PWDOBCS,2025,1,94.2691204,99.0,60,55
16006,1600637210,PWDSEBCS,2025,1,87.2196787,99.0,60,55
16006,1600637210,DEFOPENS,2025,1,67.458483,99.0,60,55
16006,1600637210,DEFSCS,2025,1,95.3963666,99.0,60,55
16006,1600637210,DEFOBCS,2025,1,91.2552493,99.0,60,55
16006,1600637210,DEFSEBCS,2025,1,72.0373703,99.0,60,55
16006,1600637210,TFWS,2025,1,99.80979,99.0,60,55
16006,1600637210,PWDROBCS,2025,1,95.4702014,99.0,60,55
16006,1600637210,DEFRSEBCS,2025,1,92.7517958,99.0,60,55
16006,1600637210,EWS,2025,1,87.2196787,99.0,60,55
16006,1600646410,GOPENH,2025,1,99.5915061,99.0,60,55
16006,1600646410,GSCNH,2025,1,97.5899394,99.0,60,55
16006,1600646410,GSTNH,2025,1,88.7231708,99.0,60,55
16006,1600646410,GVJS,2025,1,98.1483638,99.0,60,55
16006,1600646410,GNT3S,2025,1,99.1038726,99.0,60,55
16006,1600646410,GOBCNH,2025,1,99.4496825,99.0,60,55
16006,1600646410,GSEBCS,2025,1,99.3168292,99.0,60,55
16006,1600646410,LOPENS,2025,1,99.5343467,99.0,60,55
16006,1600646410,LSCS,2025,1,96.4185055,99.0,60,55
16006,1600646410,LSTS,2025,1,89.5522919,99.0,60,55
16006,1600646410,LNT1S,2025,1,98.2052656,99.0,60,55
16006,1600646410,LNT2S,2025,1,98.2258996,99.0,60,55
16006,1600646410,LOBCS,2025,1,98.9695496,99.0,60,55
16006,1600646410,LSEBCS,2025,1,99.143221,99.0,60,55
16006,1600646410,PWDOPENS,2025,1,92.0068259,99.0,60,55
16006,1600646410,DEFOPENS,2025,1,80.1708014,99.0,60,55
16006,1600646410,TFWS,2025,1,99.4478951,99.0,60,55
16006,1600646410,BCS,2025,1,90.9203835,99.0,60,55
16006,1600646410,DEFRSEBCS,2025,1,99.2231747,99.0,60,55
16006,1600646410,EWS,2025,1,99.0131125,99.0,60,55
16006,1600661210,GOPENH,2025,1,99.5888727,99.0,60,55
16006,1600661210,GSCNH,2025,1,97.1344765,99.0,60,55
16006,1600661210,GSTNH,2025,1,92.2148897,99.0,60,55
16006,1600661210,GVJS,2025,1,97.8985175,99.0,60,55
16006,1600661210,GNT1S,2025,1,98.8270624,99.0,60,55
16006,1600661210,GNT2S,2025,1,99.0471853,99.0,60,55
16006,1600661210,GNT3S,2025,1,99.1739298,99.0,60,55
16006,1600661210,GOBCNH,2025,1,99.4005994,99.0,60,55
16006,1600661210,GSEBCS,2025,1,99.295478,99.0,60,55
16006,1600661210,LOPENS,2025,1,99.3045416,99.0,60,55
16006,1600661210,LSCS,2025,1,95.9558175,99.0,60,55
16006,1600661210,LSTS,2025,1,85.9106165,99.0,60,55
16006,1600661210,LVJS,2025,1,96.6852182,99.0,60,55
16006,1600661210,LNT2S,2025,1,97.7845891,99.0,60,55
16006,1600661210,LNT3S,2025,1,98.7055937,99.0,60,55
16006,1600661210,LOBCS,2025,1,99.0444765,99.0,60,55
16006,1600661210,LSEBCS,2025,1,98.8353329,99.0,60,55
16006,1600661210,PWDOPENS,2025,1,91.3672693,99.0,60,55
16006,1600661210,PWDSCS,2025,1,49.6322266,99.0,60,55
16006,1600661210,PWDOBCS,2025,1,82.5187713,99.0,60,55
16006,1600661210,PWDSEBCS,2025,1,61.8012422,99.0,60,55
16006,1600661210,DEFOPENS,2025,1,79.9864621,99.0,60,55
16006,1600661210,DEFSCS,2025,1,93.9889579,99.0,60,55
16006,1600661210,DEFOBCS,2025,1,98.0751569,99.0,60,55
16006,1600661210,DEFSEBCS,2025,1,97.5427973,99.0,60,55
16006,1600661210,TFWS,2025,1,99.4960569,99.0,60,55
16006,1600661210,PWDRVJS,2025,1,84.4463229,99.0,60,55
16006,1600661210,DEFRSEBCS,2025,1,98.6762936,99.0,60,55
16006,1600662710,GOPENH,2025,1,99.3657344,99.0,60,55
16006,1600662710,GSCNH,2025,1,96.3494357,99.0,60,55
16006,1600662710,GSTNH,2025,1,84.207639,99.0,60,55
16006,1600662710,GVJS,2025,1,97.2067626,99.0,60,55
16006,1600662710,GNT1S,2025,1,98.0655851,99.0,60,55
16006,1600662710,GNT2S,2025,1,98.8957902,99.0,60,55
16006,1600662710,GNT3S,2025,1,98.9224553,99.0,60,55
16006,1600662710,GOBCNH,2025,1,99.2441336,99.0,60,55
16006,1600662710,GSEBCS,2025,1,98.9695496,99.0,60,55
16006,1600662710,LOPENS,2025,1,98.6166496,99.0,60,55
16006,1600662710,LSCS,2025,1,93.3529772,99.0,60,55
16006,1600662710,LSTS,2025,1,84.4790806,99.0,60,55
16006,1600662710,LNT1S,2025,1,96.5179923,99.0,60,55
16006,1600662710,LNT2S,2025,1,96.7214273,99.0,60,55
16006,1600662710,LNT3S,2025,1,97.8587922,99.0,60,55
16006,1600662710,LOBCS,2025,1,98.2258996,99.0,60,55
16006,1600662710,LSEBCS,2025,1,98.2258996,99.0,60,55
16006,1600662710,PWDOPENS,2025,1,82.5741649,99.0,60,55
16006,1600662710,PWDOBCS,2025,1,73.2860799,99.0,60,55
16006,1600662710,DEFOPENS,2025,1,97.7201365,99.0,60,55
16006,1600662710,DEFOBCS,2025,1,95.6991467,99.0,60,55
16006,1600662710,TFWS,2025,1,99.098911,99.0,60,55
16006,1600662710,PWDROBCS,2025,1,77.2289819,99.0,60,55
16006,1600662710,DEFROBCS,2025,1,96.8345273,99.0,60,55
16006,1600662710,EWS,2025,1,93.9120113,99.0,60,55
16006,1600669410,GOPENH,2025,1,98.8515144,99.0,60,55
16006,1600669410,GSCNH,2025,1,95.8883843,99.0,60,55
16006,1600669410,GSTNH,2025,1,85.0853734,99.0,60,55
16006,1600669410,GVJS,2025,1,95.7942112,99.0,60,55
16006,1600669410,GNT1S,2025,1,97.107136,99.0,60,55
16006,1600669410,GNT2S,2025,1,97.7341914,99.0,60,55
16006,1600669410,GNT3S,2025,1,98.8229543,99.0,60,55
16006,1600669410,GOBCNH,2025,1,98.6300897,99.0,60,55
16006,1600669410,GSEBCS,2025,1,98.0921502,99.0,60,55
16006,1600669410,LOPENS,2025,1,98.2016654,99.0,60,55
16006,1600669410,LSCS,2025,1,94.243738,99.0,60,55
16006,1600669410,LSTS,2025,1,76.5032413,99.0,60,55
16006,1600669410,LVJS,2025,1,95.3686007,99.0,60,55
16006,1600669410,LOBCS,2025,1,97.7919096,99.0,60,55
16006,1600669410,LSEBCS,2025,1,97.1546136,99.0,60,55
16006,1600669410,PWDOPENS,2025,1,61.2830506,99.0,60,55
16006,1600669410,PWDOBCS,2025,1,34.8863278,99.0,60,55
16006,1600669410,DEFOPENS,2025,1,96.0954149,99.0,60,55
16006,1600669410,DEFOBCS,2025,1,94.772118,99.0,60,55
16006,1600669410,TFWS,2025,1,98.7645051,99.0,60,55
16006,1600669410,PWDROBCS,2025,1,56.2435713,99.0,60,55
16006,1600669410,DEFROBCS,2025,1,95.343223,99.0,60,55
16006,1600669410,EWS,2025,1,72.5022286,99.0,60,55
16006,1600669410,EWS,2025,1,98.9208633,99.0,60,55
16006,1600692110,GOPENH,2025,1,99.9249147,99.0,60,55
16006,1600692110,GSCNH,2025,1,98.9203105,99.0,60,55
16006,1600692110,GSTNH,2025,1,95.8346459,99.0,60,55
16006,1600692110,GVJS,2025,1,99.5661605,99.0,60,55
16006,1600692110,GNT1S,2025,1,99.6549344,99.0,60,55
16006,1600692110,GNT2S,2025,1,99.8524902,99.0,60,55
16006,1600692110,GNT3S,2025,1,99.8807004,99.0,60,55
16006,1600692110,GOBCNH,2025,1,99.8509858,99.0,60,55
16006,1600692110,GSEBCS,2025,1,99.8687816,99.0,60,55
16006,1600692110,LOPENS,2025,1,99.9423653,99.0,60,55
16006,1600692110,LSCS,2025,1,98.9210775,99.0,60,55
16006,1600692110,LSTS,2025,1,95.1330171,99.0,60,55
16006,1600692110,LVJS,2025,1,98.9713132,99.0,60,55
16006,1600692110,LNT1S,2025,1,99.6340419,99.0,60,55
16006,1600692110,LNT2S,2025,1,99.389234,99.0,60,55
16006,1600692110,LOBCS,2025,1,99.7711026,99.0,60,55
16006,1600692110,LSEBCS,2025,1,99.7550895,99.0,60,55
16006,1600692110,PWDOPENS,2025,1,97.7383653,99.0,60,55
16006,1600692110,PWDOBCS,2025,1,96.113225,99.0,60,55
16006,1600692110,DEFOPENS,2025,1,83.988979,99.0,60,55
16006,1600692110,DEFOBCS,2025,1,96.8146194,99.0,60,55
16006,1600692110,TFWS,2025,1,99.8999808,99.0,60,55
16006,1600692110,PWDROBCS,2025,1,97.406218,99.0,60,55
16006,1600692110,DEFRSEBCS,2025,1,98.204189,99.0,60,55
16006,1600692110,EWS,2025,1,97.7777778,99.0,60,55
16351,1635124210,TFWS,2025,1,74.8088122,99.0,60,55
16351,1635124210,EWS,2025,1,23.5097171,99.0,60,55
16351,1635192110,TFWS,2025,1,71.9146758,99.0,60,55
16351,1635192110,EWS,2025,1,66.5496835,99.0,60,55
16352,1635224210,TFWS,2025,1,77.4501436,99.0,60,55
16352,1635224210,EWS,2025,1,37.9825825,99.0,60,55
16352,1635224610,TFWS,2025,1,65.4837825,99.0,60,55
16352,1635224610,EWS,2025,1,3.0695292,99.0,60,55
16352,1635237210,TFWS,2025,1,56.5505021,99.0,60,55
16352,1635237210,EWS,2025,1,20.7106482,99.0,60,55
16352,1635299510,TFWS,2025,1,66.3432235,99.0,60,55
16352,1635299510,EWS,2025,1,7.6400322,99.0,60,55
16354,1635424510,DEFOPENS,2025,1,73.3487346,99.0,60,55
16354,1635424510,TFWS,2025,1,74.4163823,99.0,60,55
16354,1635424510,EWS,2025,1,22.4923895,99.0,60,55
16354,1635492110,TFWS,2025,1,74.2209832,99.0,60,55
16354,1635492110,EWS,2025,1,21.0617426,99.0,60,55
16355,1635524210,DEFOPENS,2025,1,29.612695,99.0,60,55
16355,1635524210,EWS,2025,1,19.4445432,99.0,60,55
16355,1635592110,TFWS,2025,1,77.3787188,99.0,60,55
16355,1635592110,EWS,2025,1,37.2578704,99.0,60,55
16357,1635724510,DEFOPENS,2025,1,91.3216011,99.0,60,55
16357,1635724510,TFWS,2025,1,86.6485431,99.0,60,55
16357,1635724510,EWS,2025,1,57.5477401,99.0,60,55
16357,1635724610,TFWS,2025,1,79.5928226,99.0,60,55
16357,1635724610,EWS,2025,1,21.5368309,99.0,60,55
16357,1635737210,TFWS,2025,1,80.7403032,99.0,60,55
16357,1635737210,EWS,2025,1,46.4182823,99.0,60,55
16357,1635791110,DEFOPENS,2025,1,32.4939862,99.0,60,55
16357,1635791110,TFWS,2025,1,89.2478098,99.0,60,55
16357,1635791110,EWS,2025,1,20.9054033,99.0,60,55
16371,1637124210,TFWS,2025,1,55.3743463,99.0,60,55
16371,1637124210,EWS,2025,1,83.2071736,99.0,60,55
